OPIS Truckstop ID,Truckstop Name,Address,City,State,Rack ID,Retail Price,latitude,longitude
7,WOODSHED OF BIG CABIN,"I-44, EXIT 283 & US-69",Big Cabin,OK,307,3.007333,36.5378651,-95.2213580
9,KWIK TRIP #796,"I-94, EXIT 143 & US-12 & SR-21",Tomah,WI,420,3.287333,44.0192074,-90.5019484
20,PILOT TRAVEL CENTER #1243,"I-8, EXIT 119 & SR-85",Gila Bend,AZ,930,3.899000,32.9303784,-112.6731472
20,PILOT #1243,"I-8, EXIT 119 & SR-85",Gila Bend,AZ,930,3.899000,32.9300064,-112.6728429
28,LITTLEFIELD EXPRESS #2,"I-540, EXIT 12 & US-71",Fort Smith,AR,645,3.399000,35.3880338,-94.4265011
35,ACI TRUCK STOP,US-46,Columbia,NJ,90,3.079000,40.9226650,-75.0900115
36,SHENANDOAH TRUCK CENTER,"I-81, EXIT 273 & SR-703/SR-292",Mount Jackson,VA,60,2.899000,38.7459482,-78.6422377
44,CIRCLE K #2612042,"I-35,  EXIT 271",Jarrell,TX,595,2.919000,30.7748123,-97.6274636
46,PETRO STOPPING CENTER #348,"I-85,  EXIT 22 & CR-138",Shorter,AL,720,3.154000,32.3948615,-85.9169020
49,TA SEYMOUR TRAVEL CENTER,"I-65, EXIT 50 & US-50 & US-31",Seymour,IN,415,3.959000,38.8826937,-85.8187800
50,TA COUNCIL BLUFFS TRAVEL CENTER,"I-29 & I-80, EXIT 3",Council Bluffs,IA,319,3.725667,41.2588410,-95.8519484
56,TOPS TRUCK STOP,"I-94, EXIT 182 & US-83",Sterling,ND,390,3.515667,46.8138780,-100.2915000
75,Good 2 Go #709,US-50,Montrose,CO,810,3.424000,38.4861450,-107.8668609
77,OASIS TRAVEL PLAZA,US-13,Laurel,DE,243,3.229000,38.5873093,-75.5730556
79,DELAWARE TRUCK PLAZA,US-13 & US-40,New Castle,DE,243,3.249000,39.6159851,-75.6629560
81,One9 #89,"I-75, EXIT 224",Ellenton,FL,225,3.439000,27.5171430,-82.5487080
85,DOWNIEVILLE FUEL STOP,"I-70, EXIT 234",Dumont,CO,800,3.459000,39.7646887,-105.6003370
91,MOLLYS FOOD & FUEL,"I-20 & ST 22, EXIT 55",Crawfordville,GA,135,3.499000,33.5539938,-82.8961899
105,TA SAGINAW I 75 TRAVEL CENTER,"I-75, EXIT 144-B",Bridgeport,MI,260,3.269000,43.3594696,-83.8816364
105,TA SAGINAW I 75 TRAVEL CENTER,"I-75, EXIT 144-B",Bridgeport,MI,260,3.339000,43.3594696,-83.8816364
105,TA SAGINAW I 75 TRAVEL CENTER,"I-75, EXIT 144-B",Bridgeport,MI,260,3.429000,43.3594696,-83.8816364
105,TA SAGINAW I 75 TRAVEL CENTER,"I-75, EXIT 144-B",Bridgeport,MI,260,3.289000,43.3438474,-83.8637730
105,TA SAGINAW I 75 TRAVEL CENTER,"I-75, EXIT 144-B",Bridgeport,MI,260,3.399000,43.3438474,-83.8637730
105,TA SAGINAW I 75 TRAVEL CENTER,"I-75, EXIT 144-B",Bridgeport,MI,260,3.299000,43.3438474,-83.8637730
118,Lupton Truck Stop #567,"I-40, EXIT 359",Lupton,AZ,580,3.299000,,
121,PETRO STOPPING CENTER #306,"I-10, EXIT 200",Eloy,AZ,930,3.474000,,
127,CIRCLE K #4700095,US-41,Henderson,KY,340,3.609000,37.9043929,-87.5507791
128,THE EFFINGHAM CHROME SHOP,"I-57 & I-70, EXIT 159",Effingham,IL,510,3.399000,39.1367960,-88.5605871
128,THE EFFINGHAM CHROME SHOP,"I-57 & I-70, EXIT 159",Effingham,IL,510,3.349000,39.1367960,-88.5605871
128,THE EFFINGHAM CHROME SHOP,"I-57 & I-70, EXIT 159",Effingham,IL,510,3.549000,39.1367960,-88.5605871
135,LOVES TRAVEL STOP #766,"I-80, EXIT 27",Atkinson,IL,290,3.589000,41.4075369,-90.0105017
135,LOVES TRAVEL STOP #766,"I-80, EXIT 27",Atkinson,IL,290,3.389000,41.4075369,-90.0105017
135,LOVES TRAVEL STOP #766,"I-80, EXIT 27",Atkinson,IL,290,3.449000,41.4075369,-90.0105017
147,SPEEDWAY #8039,"I-69, EXIT 234 & SR-67",Daleville,IN,375,3.624000,40.1135842,-85.5725489
149,RAYS TRUCK WASH,"I-69, EXIT 309 & US-30",Fort Wayne,IN,370,3.592333,41.1277147,-85.1623784
151,CUBBYS #2101,"I-80, EXIT 211 & SR-47",Gothenburg,NE,475,3.132333,40.9277324,-100.1619896
159,PILOT TRAVEL CENTER #87,"I-10, EXIT 343",Jacksonville,FL,75,3.859000,30.3712820,-81.7636123
159,PILOT TRAVEL CENTERS #87,"I-10, EXIT 343",Jacksonville,FL,75,3.859000,30.3712820,-81.7636123
160,PILOT TRAVEL CENTERS #79,"I-12, EXIT 10 AT MILE 10",Denham Springs,LA,600,3.232333,,
164,FLYING J TRAVEL PLAZA #650,"I-94, EXIT 15 B",Lake Station,IN,365,3.809000,41.5872001,-87.2366666
167,FLYING J TRAVEL PLAZA #653,RT 2 & I-65 EXIT 240,Hebron,IN,365,3.435667,41.3186482,-87.2003091
174,Hop-In Food Stores,US-59 & SR-224,Nacogdoches,TX,618,2.859000,,
184,SAPP BROS TRAVEL CENTER,"I-29 & I-80, EXIT 1B",Council Bluffs,IA,486,3.719000,41.2357873,-95.8806938
186,COFFEE CUP FUEL STOP #5,"I-90, EXIT 154 & US-16",Moorcroft,WY,822,3.239000,44.2639657,-104.9444663
187,DUDLEYS CORNER,"I-35, EXIT 165 & SR-3",Latimer,IA,433,3.232333,42.7488225,-95.0825395
191,KUM & GO #0302,"I-35, EXIT 193 & SR 106",Clear Lake,IA,433,3.185667,,
192,Brew Stuart Truckstop,"I-80, EXIT 93",Stuart,IA,320,3.099000,,
195,PETRO STOPPING CENTER #311,"I-40 & I-55, EXIT 280",West Memphis,AR,435,3.367333,35.1546386,-90.1347099
198,SINCLAIR,"I-76, EXIT 115",Atwood,CO,800,3.299000,40.5477619,-103.2696575
199,PETRO STOPPING CENTER #366,"I-70, EXIT 252",Salina,KS,523,3.805667,,
203,PILOT TRAVEL CENTER #31,"I-80/94, EXIT 2",Highland,IN,365,3.829000,41.5674053,-87.4727824
203,PILOT TRAVEL CENTERS #31,"I-80/94, EXIT 2",Highland,IN,365,3.799000,41.5674053,-87.4727824
207,MARATHON,SR-32,Sardinia,OH,300,3.565667,39.0146670,-83.8096433
216,CIRCLE K #2721593,"I-10, EXIT 50",Ocean Springs,MS,715,3.415667,,
217,NORTH 9TH 24/7,"I-70, EXIT 252",Salina,KS,523,3.025667,,
231,DERBY CITYS TRUCK PLAZA,"I-75, EXIT 62 & US-25",Mount Vernon,KY,410,2.999000,37.3779901,-84.3305118
235,PILOT TRAVEL CENTERS #92,"I-75, EXIT 358",Ocala,FL,225,3.359000,29.2096405,-82.1846645
235,PILOT TRAVEL CENTER #92,"I-75, EXIT 358",Ocala,FL,225,3.412333,29.2096405,-82.1846645
240,LA 1 SOUTH TRUCKSTOP,"I-10, EXIT 153 & SR-1",Port Allen,LA,600,3.039000,,
243,SAVE,US-41 & SR-10,Lake Village,IN,399,3.179000,41.1448783,-87.4543669
244,BIG D TRUCK TRAVEL PLAZA,"I-10, EXIT 92 & SR-95",Duson,LA,725,2.982333,,
248,Mardi Gras Truck Stop,"I-10, EXIT 236",New Orleans,LA,725,3.729000,30.0328011,-89.9863175
250,GOLDEN OX TRUCK STOP,"I-70/US-40, EXIT 159 & US-183",Hays,KS,523,3.499000,,
253,LOVES TRAVEL STOP #450,"I-40, EXIT 280 & I-55, EXIT 4",West Memphis,AR,435,3.325667,35.1698444,-90.1886029
256,BFS FOODS #66,"I-68/US-40, EXIT 22 & US-219",Grantsville,MD,165,3.899000,,
257,PILOT TRAVEL CENTER #917- TOWN PUMP,I-15 & 31ST STREET EXIT 277,Great Falls,MT,815,3.635667,,
263,CASEYS #3956,I-94 EXIT 16,Bridgman,MI,465,3.559000,41.9478823,-86.5640955
267,CORNER MARKET #117,SR-154 & SR-129,Dodge City,KS,357,3.399000,,
269,PILOT TRAVEL CENTERS #24,"I-75, EXIT 15",Monroe,MI,325,3.299000,41.9633038,-83.3536852
269,PILOT TRAVEL CENTERS #24,"I-75, EXIT 15",Monroe,MI,325,3.249000,41.9633038,-83.3536852
269,PILOT TRAVEL CENTERS #24,"I-75, EXIT 15",Monroe,MI,325,3.439000,41.9633038,-83.3536852
269,PILOT TRAVEL CENTERS #24,"I-75, EXIT 15",Monroe,MI,325,3.349000,41.9633038,-83.3536852
269,PILOT TRAVEL CENTERS #24,"I-75, EXIT 15",Monroe,MI,325,3.559000,41.9633038,-83.3536852
278,CARLISLE PLAZA,US-41,Carlisle,IN,510,3.499000,38.9550726,-87.4062190
281,CIRCLE K #4700065,"I-65, EXIT 76 & US-31",Taylorsville,IN,375,3.399000,39.2961392,-85.9581485
289,LOVES TRAVEL STOP #173,"I-70, MM 209",Lawrence,KS,553,3.229000,,
292,PETES #56,US-169 & CR-5000,Cherryvale,KS,307,3.232333,,
293,LOVES TRAVEL STOP #176,"I-35, MILE MARKER 97",Matfield Green,KS,336,3.255667,,
304,FL Roberts,"I-91, EXIT 4",Springfield,MA,100,3.599000,42.0929604,-72.5830204
309,QUIKTRIP #231,"I-635, EXIT 3",Kansas City,KS,400,3.199000,38.9430282,-94.5969806
323,SAPP BROS TRAVEL CENTER,"I-80, EXIT 126",Ogallala,NE,475,3.465667,41.1181606,-101.5834782
326,FLYING J TRAVEL PLAZA #748,"I-15, EXIT 357",Willard,UT,835,3.749000,41.4236279,-112.0518516
341,TA JACKSONVILLE SOUTH TRAVEL CENTER,"I-95, EXIT 329",Saint Johns,FL,75,3.469000,30.1039440,-81.5037768
347,7-ELEVEN #40514,I-90/80-IN TOLL RD MM 22E,Portage,IN,365,3.990667,41.5758708,-87.1761455
358,TA BINGHAMTON TRAVELCENTER,"I-81N, EXIT 2W & I-81S, EXIT 3",Binghamton,NY,32,3.769000,,
358,TA BINGHAMTON TRAVELCENTER,"I-81N, EXIT 2W & I-81S, EXIT 3",Binghamton,NY,32,3.689000,,
358,TA BINGHAMTON TRAVELCENTER,"I-81N, EXIT 2W & I-81S, EXIT 3",Binghamton,NY,32,3.699000,,
358,TA BINGHAMTON TRAVELCENTER,"I-81N, EXIT 2W & I-81S, EXIT 3",Binghamton,NY,32,3.739000,,
361,CIRCLE K #2726293,"I-295, EXIT 25",Jacksonville,FL,75,3.315667,30.1453059,-81.5191669
368,WILTON TRAVEL PLAZA,"I-87, EXIT 16",Gansevoort,NY,12,3.749000,,
368,WILTON TRAVEL PLAZA,"I-87, EXIT 16",Gansevoort,NY,12,3.799000,,
372,GAS DEPOT,"I-94, EXIT 5",Hammond,IN,365,3.999000,41.5740929,-87.4769156
381,7-Eleven #41830,US-69 & US-135,Jacksonville,TX,630,2.915667,,
387,Circle K #2709664,"I-8, EXIT 12",Yuma,AZ,930,3.489000,,
388,Pilot Travel Centers #14,"I-71, EXIT 131",Sunbury,OH,315,3.719000,40.2649445,-82.9243814
391,PILOT TRAVEL CENTERS #13,"I-71, EXIT 209",Seville,OH,305,3.699000,41.0100770,-81.8622222
403,TRUCKOMAT OF HEBRON,"I-70, EXIT 126 & SR-37",Hebron,OH,315,3.429000,39.9617305,-82.4912676
407,FUEL MART #641,"I-80 & I-280, EXIT 71",Perrysburg,OH,550,3.499000,41.5804215,-83.6066531
421,PETRO STOPPING CENTER #316,"I-40 & I-35, EXIT 127",Oklahoma City,OK,483,3.302333,35.4671058,-97.4742305
424,E EXPRESS,"I-40, EXIT 166",Choctaw,OK,483,2.899000,35.4349323,-97.2645893
425,Neighbors Express,"I-16, EXIT 51",Dublin,GA,85,3.299000,,
442,WESTERN COOP,US-385 & SR-2,Alliance,NE,795,3.324000,,
455,MR FUEL #753,"I-95, EXIT 104 & SR-207",Ruther Glen,VA,180,3.265667,37.9398853,-77.4661447
456,THE COUNTRY OASIS,US-24,Woodburn,IN,370,3.399000,,
458,HAPPY HILLS GAS & COFFEE,I-29 EXIT 110,Rock Port,MO,400,3.399000,,
460,TRUCK STOP 44,I-20 EXIT 44,Gilbert,SC,135,3.079000,,
461,SPINX #271,"I-26, EXIT 145 & US-601",Orangeburg,SC,42,3.262333,,
469,LOAF N JUG #750010,US-160 & SR-17,Alamosa,CO,803,3.259000,37.4729850,-105.8573588
474,KEWANEE 1 STOP,"I-20, EXIT 169 & US-80",Toomsuba,MS,705,3.299000,32.4256352,-88.4480423
478,GASTRAK OF PEMBINA,"I-29, EXIT 215",Pembina,ND,355,3.299000,,
483,ALLSUPS #2387,US-54/SR-136/SR-3 & US-64,Guymon,OK,585,2.975667,36.6906808,-101.4815700
486,LA NORIA CONV STORES,"I-35 N, EXIT 4",Laredo,TX,693,3.299000,,
489,EDDIES CORNER,US-87 & US-191,Moore,MT,815,3.749000,,
491,One9 #403,"I-75, EXIT 117",Heiskell,TN,405,2.999000,,
496,PILOT TRAVEL CENTERS #270,"I-40 & I-75, EXIT 374",Knoxville,TN,405,3.439000,35.9915207,-83.9687946
509,LOVES TRAVEL STOPS #256,"I-10, EXIT 140B",Van Horn,TX,640,3.649000,,
509,LOVES TRAVEL STOP #256,"I-10, EXIT 140B",Van Horn,TX,640,3.649000,,
522,GO MART FOOD STORE #57,"I-70 & ST-285, EXIT 186",Lore City,OH,430,3.179000,39.9847938,-81.4584523
523,CIRCLE K #2723322,"I-985, EXIT 20 & SR-60",Gainesville,GA,18,3.265667,34.2628849,-83.8162877
525,FASTBREAK,US-45 ALT,West Point,MS,705,3.059000,,
546,PLAZA 30,US-30,Wanatah,IN,365,3.499000,,
557,SAPP BROS TRAVEL CENTER,"I-80, EXIT 73",Peru,IL,290,3.389000,41.3666710,-89.1521604
557,SAPP BROS TRAVEL CENTER,"I-80, EXIT 73",Peru,IL,290,3.589000,41.3666710,-89.1521604
557,SAPP BROS TRAVEL CENTER,"I-80, EXIT 73",Peru,IL,290,3.449000,41.3666710,-89.1521604
557,SAPP BROS TRAVEL CENTER,"I-80, EXIT 73",Peru,IL,290,3.289000,41.3666710,-89.1521604
559,SHELL MORGAN ROAD TRUCK STOP,"I-40, EXIT 142",Maumelle,AR,695,3.207333,34.8566130,-92.4056858
566,TA GARY TRAVEL CENTER,"I-80/I-94, EXIT 6",Gary,IN,365,3.830667,41.5722574,-87.4050414
567,TA ELOY TRAVEL CENTER,"I-10 & I-8, EXIT 203",Eloy,AZ,930,3.459000,,
572,PILOT TRAVEL CENTER #881,"I-69, EXIT 309A",Fort Wayne,IN,370,3.899000,41.1189244,-85.1846908
572,PILOT TRAVEL CENTERS #881,"I-69, EXIT 309A",Fort Wayne,IN,370,3.879000,41.1189244,-85.1846908
576,PETRO STOPPING CENTER #343,"I-10, EXIT 76",Egan,LA,600,3.624000,,
578,LOVES TRAVEL STOP #449,"I-84, EXIT 17",Troutdale,OR,935,3.779000,45.5448190,-122.3883322
579,FLYING J TRAVEL PLAZA #764,"I-80, EXIT 104 & US-191",Rock Springs,WY,835,3.670667,41.6085553,-109.2308579
586,AMERISTAR TRAVEL PLAZA #120,"I-82, EXIT 80",Prosser,WA,925,4.399000,46.2214569,-119.7745722
586,AMERISTAR TRAVEL PLAZA #120,"I-82, EXIT 80",Prosser,WA,925,4.559000,46.2214569,-119.7745722
588,TA TUSCALOOSA TRAVEL CENTER,"I-20/I-59, EXIT 77",Cottondale,AL,615,2.964000,33.1761285,-87.4459837
591,TA Concordia Travel Plaza,"I-70, EXIT 58 & SR-23",Concordia,MO,400,3.225667,,
599,Sapp Bros Travel Center,"I-80, EXIT 59 & SR-17J",Sidney,NE,475,3.500667,41.1181492,-102.9502147
602,JIFFY MART EXIT 18 TRUCK STOP,"I-89/SR-120, EXIT 18 & SR-120",Lebanon,NH,12,3.599000,,
614,TA MAYBROOK TRAVEL CENTER,"I-84, EXIT 5",Montgomery,NY,120,4.359000,,
628,KWIK FILL #227,"I-90,  EXIT 218",Geneva,OH,305,3.152333,41.8052539,-80.9476206
629,FLYING J #850,TCH-16,Edmonton,AB,80,4.399490,,
629,FLYING J #850,TCH-16,Edmonton,AB,80,4.396254,,
629,FLYING J #850,TCH-16,Edmonton,AB,80,4.406950,,
629,FLYING J #850,TCH-16,Edmonton,AB,80,4.406300,,
629,FLYING J #850,TCH-16,Edmonton,AB,80,4.397224,,
629,FLYING J #850,TCH-16,Edmonton,AB,80,4.398195,,
636,UNION 76,"I-5, EXIT 233 E",Albany,OR,935,3.379000,44.6296393,-123.0830369
651,ONE9 #1366,"I-40, EXIT 126 & US-641",Holladay,TN,460,2.985667,,
652,TA KNOXVILLE EAST TRAVEL CENTER,"I-40 & I-75, EXIT 374",Knoxville,TN,405,3.425667,35.9915207,-83.9687946
659,FLYING J #869,HWY 2 SOUTH,Nanton,AB,50,4.399490,,
659,FLYING J #869,HWY 2 SOUTH,Nanton,AB,50,4.593175,,
659,FLYING J #869,HWY 2 SOUTH,Nanton,AB,50,4.591148,,
659,FLYING J #869,HWY 2 SOUTH,Nanton,AB,50,4.601640,,
659,FLYING J #869,HWY 2 SOUTH,Nanton,AB,50,4.592161,,
659,FLYING J #869,HWY 2 SOUTH,Nanton,AB,50,4.602319,,
669,PETRO STOPPING CENTER #350,"I-10,  EXIT 4",Canutillo,TX,640,3.499000,,
672,CROWN POINT TRUCK STOP,"I-295/US-130,EXIT 22",Thorofare,NJ,150,3.549000,,
680,TA EXPRESS SUMMIT,"I-29, EXIT 207 & US-12",Summit,SD,566,3.205667,,
684,7-ELEVEN #35101,"I-86/SR-17, EXIT 16",Randolph,NY,38,4.499000,,
689,FLYING EAGLE,"I-235, EXIT 4",Wichita,KS,570,3.499000,,
692,BP,US-63,Ottumwa,IA,489,3.399000,,
739,Arco #364420,US-23,Greenup,KY,255,3.649000,,
748,QUIKTRIP #4231,US-85,Evans,CO,800,3.172333,40.3855784,-104.6884200
769,AYERCO #26,US-61/US-136,Alexandria,MO,345,3.015667,,
815,Kwik Trip #1508,"US-18/SR-151, EXIT 58",Barneveld,WI,420,3.489000,43.0085692,-89.9011407
855,SPEEDWAY #7459,US-41 & SR-137,North Chicago,IL,293,3.379000,42.3074030,-87.8770185
855,SPEEDWAY #7459,US-41 & SR-137,North Chicago,IL,293,3.499000,42.3074030,-87.8770185
855,SPEEDWAY #7459,US-41 & SR-137,North Chicago,IL,293,3.289000,42.3074030,-87.8770185
863,Ocean Fuel,US-301/SR-73,Sylvania,GA,195,3.499000,,
906,PILOT TRAVEL CENTERS #429,"I-40, EXIT 280",West Memphis,AR,435,3.499000,35.1578797,-90.1381380
906,PILOT TRAVEL CENTER #429,"I-40, EXIT 280",West Memphis,AR,435,3.291000,35.1578797,-90.1381380
908,CIRCLE K #2704888,"I-65, EXIT 246 & SR-119",Pelham,AL,615,3.465667,33.2961169,-86.8122921
912,PETRO STOPPING CENTER #319,"I-20/59,  EXIT 100",Mc Calla,AL,615,3.125667,,
936,CASEYS #4254,"I-40, EXIT 129",Conway,AR,695,3.032333,35.0723660,-92.4163182
970,CIRCLE K #2702885,"I-17/SR-60, EXIT 199A",Phoenix,AZ,930,3.392333,,
977,PILOT TRAVEL CENTER #328,"I-10, EXIT 17",Quartzsite,AZ,930,3.959000,33.6614677,-114.2361319
977,PILOT TRAVEL CENTERS #328,"I-10, EXIT 17",Quartzsite,AZ,930,3.959000,33.6614192,-114.2364217
981,STINKER #85,"I-15, EXIT 93",Blackfoot,ID,825,3.532333,43.1970640,-112.3649835
982,CIRCLE K #2701948,"I-8, EXIT 7 & SR-195",Yuma,AZ,900,3.565667,,
1028,FOUR STATES TRUCK STOP,"I-495, EXIT 4 & SR-9",New Castle,DE,243,3.449000,39.7379292,-75.5193622
1028,FOUR STATES TRUCK STOP,"I-495, EXIT 4 & SR-9",New Castle,DE,243,3.399000,39.7379292,-75.5193622
1042,Union 76,US-441 & SR-100A,Lake City,FL,75,3.562333,,
1043,ONE9 #1401,I-75 EXIT 414  & US-41,Lake City,FL,75,3.259000,30.1814480,-82.6895467
1043,SHELL DBA ONE9 #1401,I-75 EXIT 414  & US-41,Lake City,FL,75,3.244000,30.1814480,-82.6895467
1047,TA MARIANNA TRAVEL CENTER,"I-10/SR-8, EXIT 142 & SR-71",Marianna,FL,20,3.607333,30.7186888,-85.1834057
1075,PILOT TRAVEL CENTER #68,"I-16 /SR-404, EXIT 51 & US-441",Dublin,GA,85,3.432333,,
1075,PILOT TRAVEL CENTERS #68,"I-16 /SR-404, EXIT 51 & US-441",Dublin,GA,85,3.399000,,
1106,CIRCLE K #2705367,"I-20, EXIT 172",Thomson,GA,16,3.399000,33.4726006,-82.4964957
1112,BC AMPRIDE TRUCK PLAZA,US-59/SR-141,Denison,IA,527,3.399000,,
1115,KWIK STAR #704,SR-57/SR-14,Parkersburg,IA,565,3.582333,,
1121,TRAVELERS OASIS,"I-84, EXIT 182",Eden,ID,787,3.799000,42.6059001,-114.2096450
1128,TA CHICAGO NORTH TRAVEL CENTER,"I-94/US-41, EXIT 1",Wadsworth,IL,444,3.819000,42.4217291,-87.9236542
1128,TA CHICAGO NORTH TRAVEL CENTER,"I-94/US-41, EXIT 1",Wadsworth,IL,444,3.879000,42.4217291,-87.9236542
1128,TA CHICAGO NORTH TRAVEL CENTER,"I-94/US-41, EXIT 1",Wadsworth,IL,444,3.779000,42.4217291,-87.9236542
1128,TA CHICAGO NORTH TRAVEL CENTER,"I-94/US-41, EXIT 1",Wadsworth,IL,444,3.769000,42.4217291,-87.9236542
1132,SPEEDWAY #7423,"I-57, EXIT 83",Ina,IL,293,3.249000,38.1439774,-88.9125195
1136,PILOT TRAVEL CENTER #171,"I-74, EXIT 206",Oakwood,IL,280,3.399000,40.1239390,-87.7795284
1136,PILOT TRAVEL CENTER #171,"I-74, EXIT 206",Oakwood,IL,280,3.499000,40.1239390,-87.7795284
1136,PILOT TRAVEL CENTER #171,"I-74, EXIT 206",Oakwood,IL,280,3.599000,40.1239390,-87.7795284
1140,CIRCLE K #4701398,"I-55, EXIT 82 & SR-104",Divernon,IL,280,3.499000,39.5907650,-89.6530398
1149,PILOT TRAVEL CENTER #30,"I-70, EXIT 96",Greenfield,IN,375,3.959000,39.8214895,-85.9163739
1149,PILOT TRAVEL CENTERS #30,"I-70, EXIT 96",Greenfield,IN,375,3.959000,39.8214895,-85.9163739
1151,SPEEDWAY #8061,"I-70, EXIT 115 & SR-109",Knightstown,IN,375,3.759000,39.7945697,-85.5303671
1154,CIRCLE K #2704691,SR-71 & CR-214,Cedar Creek,TX,595,3.199000,,
1156,CIRCLE K #4700028,"I-74/US-421, EXIT 116 & SR-44",Shelbyville,IN,375,3.599000,39.5085445,-85.7513404
1157,One9 #297,"I-70, EXIT 11 & SR-46",Terre Haute,IN,510,3.435667,39.4330102,-87.3321209
1158,PILOT TRAVEL CENTERS #36,US-30  & SR-49,Valparaiso,IN,365,3.869000,41.4302095,-87.0271669
1158,PILOT TRAVEL CENTER #36,US-30  & SR-49,Valparaiso,IN,365,3.859000,41.4302095,-87.0271669
1163,SHORT STOP #13,US-54,Emporia,KS,553,2.839000,,
1176,PILOT TRAVEL CENTERS #353,"I-75, EXIT 129",Georgetown,KY,410,3.205667,38.2760926,-84.5533706
1179,PILOT TRAVEL CENTERS #399,"I-65, EXIT 105",Lebanon Junction,KY,415,3.609000,37.8274359,-85.7243826
1196,SOUTHERN BELLE TRUCK STOP,US-61 & SR-964,Saint Francisville,LA,725,3.384000,,
1199,ALLTOWN MARKETS #306,"I-190, EXIT 7",Leominster,MA,178,3.682333,42.5244933,-71.7556472
1202,ONE9 #290,"I-95, EXIT 93 & SR-222",Perryville,MD,22,3.599000,,
1204,PETRO STOPPING CENTER #321,"I-70 & I-57, EXIT 159",Effingham,IL,574,3.549000,39.1179336,-88.5732570
1204,PETRO STOPPING CENTER #321,"I-70 & I-57, EXIT 159",Effingham,IL,574,3.349000,39.1179336,-88.5732570
1204,PETRO STOPPING CENTER #321,"I-70 & I-57, EXIT 159",Effingham,IL,574,3.439000,39.1179336,-88.5732570
1204,PETRO STOPPING CENTER #321,"I-70 & I-57, EXIT 159",Effingham,IL,574,3.399000,39.1179336,-88.5732570
1208,D AVENUE FUEL PLAZA,US-131,Kalamazoo,MI,465,3.499000,42.3769125,-85.6513022
1208,D AVENUE FUEL PLAZA,US-131,Kalamazoo,MI,465,3.099000,42.3769125,-85.6513022
1210,ROADHAWK TRAVEL CENTER,"I-94, EXIT 56 & SR-51",Paw Paw,MI,465,3.599000,42.0995260,-86.0890762
1210,ROADHAWK TRAVEL CENTER,"I-94, EXIT 56 & SR-51",Paw Paw,MI,465,3.559000,42.0995260,-86.0890762
1217,KWIK TRIP #250,"I-90, EXIT 179",Austin,MN,515,3.374000,,
1218,CASEYS #3658,SR-210,Pillager,MN,522,3.299000,,
1225,AYERCO #35,US-61 & US-61 BUS,Bowling Green,MO,494,3.015667,39.3414903,-91.2027523
1234,Lamar Travel Plaza,US-71 & US-160,Lamar,MO,416,3.199000,37.4940323,-94.3117746
1236,AYERCO #44,US-36 & US-24,Palmyra,MO,494,3.015667,,
1240,TEMP STOP #103,US-65,Sedalia,MO,400,3.199000,,
1247,SNAPPY MART #11,US-63 & SR-14,West Plains,MO,535,3.299000,,
1251,MAPCO #3009,US-72,Corinth,MS,435,3.154000,,
1256,DOUBLE QUICK #89,US-82/US-278,Greenville,MS,655,3.255667,33.3722549,-91.0753203
1265,JOE JOES TRAVEL CENTER,US-78 & RED BANKS RD S,Red Banks,MS,435,2.972333,34.8334046,-89.5646530
1304,LOVES TRAVEL STOP #667,"I-85, EXIT 152",Mebane,NC,65,3.947333,36.0685651,-79.2988147
1315,CIRCLE K #2720218,US-421 BUS & US-15/US-501/US-1,Sanford,NC,177,3.082333,,
1325,SCOTCHMAN #3303,US-421 & US-74,Wilmington,NC,245,3.629000,,
1326,SPEEDWAY #7949,US-301/US-264 ALT & CR-1674,Wilson,NC,205,3.199000,,
1333,PUMP & PANTRY #15,US-30,Grand Island,NE,330,3.307333,40.9406237,-98.3592980
1340,BORDENTOWN VALERO,"NJ TNPK, EXIT 7 & US-206",Bordentown,NJ,230,3.499000,,
1342,Delta,"I-80, EXIT 47B",Fairfield,NJ,115,3.202333,,
1344,BOLLA TRUCK STOP #193,US-202 & SR-17,Mahwah,NJ,115,3.532333,,
1348,GLOBAL,SR-73,Palmyra,NJ,150,3.359000,,
1356,LOVES TRAVEL STOP #257,"I-40 & HORIZON, EXIT 79",Milan,NM,580,3.590667,,
1364,7- ELEVEN #40507,"I-80/I-90, MM 56 WB",Rolling Prairie,IN,465,3.982333,41.6745495,-86.6160192
1372,PILOT TRAVEL CENTER #469,"I-77, EXIT 101 & SR-627",Canton,OH,249,3.622333,40.7495710,-81.4033980
1376,FUEL MART #782,"I-75, EXIT 118",Lima,OH,411,3.085667,40.7233827,-84.0752029
1379,TA LODI TRAVEL CENTER,"I-71, EXIT 209 & I-76/US-224, EXIT 1",Seville,OH,305,3.739000,41.0100770,-81.8622222
1384,SUNOCO,"I-80/I-90, EXIT 13 & US-20ALT/SR-15",Montpelier,OH,550,3.415667,41.5844951,-84.6055076
1391,ONCUE EXPRESS #2045,"I-35, EXIT 203 & SR-15",Billings,OK,500,3.215667,36.5336807,-97.3436380
1395,DOMINO FOOD AND FUEL #1,"I-40, EXIT 66",Clinton,OK,483,3.099000,35.5006168,-98.9669204
1404,ONE9 #339,"I-74, EXIT 4 & SR-63",Covington,IN,375,3.262333,40.1370345,-87.3970886
1414,SAC SHOP #507,"I-70, EXIT 12/161",Breezewood,PA,14,4.099000,,
1424,GETTYSBURG TRAVEL PLAZA,US-15 & SR-394,Gettysburg,PA,70,3.899000,,
1428,CIRCLE K #4702408,"I-65, EXIT 168 & SR-38/SR-25",Lafayette,IN,375,3.432333,40.4182717,-86.8254331
1432,KWIK FILL #259,"I-81, EXIT 57",Mechanicsburg,PA,70,4.049000,,
1444,PILOT TRAVEL CENTERS #346,"I-20, EXIT 92 & US-601",Lugoff,SC,135,3.432333,34.2214086,-80.6846921
1445,PILOT TRAVEL CENTERS #402,"I-80, EXIT 367",Cheyenne,WY,795,3.709000,41.1365662,-104.7063786
1447,HOT SPOT #3005,US-221,Chesnee,SC,210,3.199000,,
1453,EXPRESS STOP,US-278/SR-101/SR-6 & SR-113,Rockmart,GA,193,3.319000,,
1455,PETRO FLORENCE,"I-95, EXIT 169",Florence,SC,46,3.325667,,
1461,CIRCLE K #2705370,"I-26, EXIT 15 & US-176",Inman,SC,210,3.099000,,
1464,CIRCLE K #2723254,"I-20, EXIT 55 & SR-6",Lexington,SC,135,3.199000,,
1470,CIRCLE K #2705348,US-1,Beech Island,SC,135,3.159000,,
1479,TA SPARTANBURG TRAVEL CENTER,"I-85, EXIT 63 & SR-290",Duncan,SC,210,3.432333,,
1487,ROADRUNNER MARKET #6019,"I-81, EXIT 36 NORTH",Greeneville,TN,405,3.499000,,
1492,MAPCO #3538,"I-24, EXIT 174",Chattanooga,TN,285,2.899000,35.1234610,-85.2402338
1507,CIRCLE K #4703941,"I-55, EXIT 5A",Memphis,TN,435,3.189000,,
1516,LOVES TRAVEL STOP #261,I-27 EXIT 116,Amarillo,TX,585,3.232333,,
1531,CircleK #4702365,"I-74, EXIT 112 & SR-9",Shelbyville,IN,375,3.509000,39.5231810,-85.7303338
1533,YESWAY #1157,US-62,Brownfield,TX,700,2.992333,,
1546,SHELL,"I-35, EXIT 86 & SR-85",Dilley,TX,740,3.099000,29.4025900,-95.8347051
1548,TOOT N TOTUM #107,US-287,Dumas,TX,585,3.032333,35.8655398,-101.9692733
1552,STRIPES #40911,US-59 & SR-16,Freer,TX,625,3.099000,,
1555,SEIBERT TRAVEL PLAZA,"I-70, EXIT 405 & SR-59",Seibert,CO,800,3.499000,39.2980933,-102.8716929
1560,CATTREZ,US-20 & SR-5,Irving,NY,38,2.899000,,
1560,CATTREZ,US-20 & SR-5,Irving,NY,38,2.999000,,
1562,I MART #108,"I-40, EXIT 108",Wildersville,TN,435,3.099000,,
1567,KUM & GO #4110,"I-235, EXIT 11",Des Moines,IA,320,3.027333,,
1579,FLYING J TRAVEL PLAZA #924- TOWN PUMP,"I-15, EXIT 122 & I-90 MM220",Butte,MT,816,3.565667,,
1582,LOVES TRAVEL STOP #250,I-40 EXIT 60,Amarillo,TX,585,3.314000,,
1585,Stripes 7Fleet #42498,US-385 & CR-1910,Andrews,TX,710,3.369000,,
1590,ROAD RANGER #240,"I-80 & I-94, EXIT 15-A",Lake Station,IN,365,3.559000,41.5784387,-87.2394649
1596,FLYING J #305,"I-40, EXIT 39",Jamestown,NM,580,3.442333,,
1597,7-ELEVEN #36156,"I-70 & SR-519, EXIT 25/333",Eighty Four,PA,165,4.999000,40.1312308,-80.1326849
1599,ONVO TRAVEL PLAZA,"I-81, EXIT 10",Mc Graw,NY,220,3.439000,,
1599,ONVO TRAVEL PLAZA,"I-81, EXIT 10",Mc Graw,NY,220,3.459000,,
1602,CIRCLE K #2723387,US-98,Beaumont,MS,620,3.565667,,
1606,DONNAS TRAVEL PLAZA,"I-5, EXIT 202",Marysville,WA,962,4.559000,48.0363785,-122.1781414
1610,TA BALTIMORE TRAVEL CENTER,"I-95, EXIT 57",Baltimore,MD,22,4.759000,,
1618,GO MART FOOD STORE #33,US-33,Ripley,WV,44,3.499000,,
1621,CIRCLE K #2709337,"I-65, EXIT 262B",Birmingham,AL,615,3.489000,33.4276605,-86.7076182
1622,RACEWAY #6973,US-380 & SR-114/SR-101,Bridgeport,TX,630,2.782333,33.1924097,-97.7446816
1623,SAPP BROS TRAVEL CENTER,"I-70 & I-270, EXIT 278",Commerce City,CO,800,3.389000,39.7839656,-104.9046091
1625,PILOT TRAVEL CENTERS #60,"I-26, EXIT 159",Bowman,SC,42,3.432333,,
1632,PILOT TRAVEL CENTERS #266,"I-10, EXIT 139 & SR-292",Las Cruces,NM,640,3.190667,,
1633,7-ELEVEN #36302,"I-35, EXIT 144",Von Ormy,TX,740,3.109000,,
1634,PILOT TRAVEL CENTERS #40,"I-94, EXIT 322",Oak Creek,WI,444,3.889000,42.8712878,-87.9448285
1644,ALLSUPS CONVENIENCE STORE #2414,"I-20, EXIT 235",Roscoe,TX,575,2.929000,,
1646,SPEEDWAY #8310,US-6  & US-31,Plymouth,IN,465,3.609000,41.4496452,-86.3101072
1647,SPEEDWAY #8305,US-41 & SR-312,Hammond,IN,290,3.765667,41.5794767,-87.4612944
1653,ROAD RANGER #187,"I-55, EXIT 289",Chicago,IL,520,3.569000,41.8314900,-87.6943187
1653,ROAD RANGER #187,"I-55, EXIT 289",Chicago,IL,520,3.599000,41.8314900,-87.6943187
1654,CEFCO #3,US-77/US190/SR-36,Cameron,TX,670,2.989000,30.8478132,-96.9679121
1661,CHEVRON,"I-20, EXIT 101 & SR-151",Calhoun,LA,590,3.159000,32.5127710,-92.3581341
1669,BETTY BEAVERS TRUCKSTOP,"I-90, EXIT 28",Fultonville,NY,12,3.149000,,
1669,BETTY BEAVERS TRUCKSTOP,"I-90, EXIT 28",Fultonville,NY,12,3.189000,,
1670,Petro Stopping Center #54,"I-44, EXIT 4 & SR-3",Joplin,MO,277,3.449000,37.0309199,-94.5230350
1671,LOVES TRAVEL STOP #412,"I-95, EXIT 77",Dunn,NC,205,3.699000,,
1672,HANA TRAVEL PLAZA,"I-40,  EXIT 77",Amarillo,TX,585,2.899000,,
1699,ALLENS FOOD MART280,US-280/US-231/SR-53/SR-38 & CR-8/CR-34,Sylacauga,AL,615,3.799000,,
1700,TOPPS FUEL STOPS,US-259/SR-49,Daingerfield,TX,723,3.109000,33.0463926,-94.7288692
1720,TOOT N TOTUM #120,US-54 & S WESTERN AVE,Liberal,KS,585,3.015667,37.0391548,-100.9404800
1749,HIGHWAY 96 FUEL STOP,US-96 & SR-62/FM-1004,Buna,TX,610,3.149000,30.5923986,-93.9167258
1753,PWI #169,"I-35/US-77, EXIT 359 & CR-1304",Abbott,TX,765,2.899000,,
1773,M-46 AUTO TRUCK PLAZA,"US-131, EXIT 120 & SR-46",Howard City,MI,344,3.199000,,
1773,M-46 AUTO TRUCK PLAZA,"US-131, EXIT 120 & SR-46",Howard City,MI,344,3.599000,,
1773,M-46 AUTO TRUCK PLAZA,"US-131, EXIT 120 & SR-46",Howard City,MI,344,3.099000,,
1791,PILOT TRAVEL CENTERS #257,"I-20, EXIT 126 & FM-1788",Midland,TX,710,3.565667,31.9668550,-102.0971753
1807,LOVES TRAVEL STOP #229,I-40 EXIT 96 & SR-207,Panhandle,TX,585,3.314000,,
1810,KENT KWIK #804,US-83,Perryton,TX,585,2.999000,,
1829,PILOT TRAVEL CENTERS #96,"SR- 60 & FL TURNPIKE, EXIT 193",Okeechobee,FL,143,3.719000,,
1829,PILOT TRAVEL CENTER #96,"SR- 60 & FL TURNPIKE, EXIT 193",Okeechobee,FL,143,3.699000,,
1832,CORNER FUEL CENTER,US-49,Hattiesburg,MS,620,3.299000,,
1834,PUMP N PANTRY #15,"I-20, EXIT 617 & US-59",Marshall,TX,766,2.899000,32.5395422,-94.3494688
1849,Stripes #42457,US-67/US-277,San Angelo,TX,740,3.244000,31.3757219,-100.4885720
1855,EXIT 76 AUTO TRUCK PLAZA,US-131,Byron Center,MI,344,3.499000,,
1858,FLYING J TRAVEL PLAZA #737,"I-10, EXIT 583",San Antonio,TX,740,3.224000,,
1859,GO MART FOOD STORE #44,"I-79, EXIT 67 & US-19/SR-4",Sutton,WV,44,3.559000,,
1860,MR FUEL #278,"I-75/71, EXIT 175 & SR-338",Walton,KY,300,3.019000,38.8596690,-84.6229347
1861,PETRO STOPPING CENTER #315,"I-40, EXIT 66",Kingman,AZ,910,3.899000,,
1866,PRI MART FUEL CENTER,"I-94, EXIT 29",Benton Harbor,MI,465,3.799000,42.0736000,-86.4358485
1866,PRI MART FUEL CENTER,"I-94, EXIT 29",Benton Harbor,MI,465,3.499000,42.0736000,-86.4358485
1873,JDS TRUCKSTOP,"US-12 & US-31, EXIT 3",Niles,MI,465,3.749000,41.8053881,-86.3288001
1873,JDS TRUCKSTOP,"US-12 & US-31, EXIT 3",Niles,MI,465,3.849000,41.8053881,-86.3288001
1874,CIRCLE K #2744529,US-175,Seagoville,TX,630,2.950667,,
1879,HOLIDAY STATIONSTORE #3552,"I-35, EXIT 81 & SR-70",Lakeville,MN,448,3.549000,,
1888,STRIPES 7FLEET #42449,US-87,Sterling City,TX,710,3.280667,,
1889,TOOT N TOTUM #105,US-54 & US-287,Stratford,TX,585,2.965667,,
1893,MIKE MCDONALD TRUCK STOP,"I-20, EXIT 509",Terrell,TX,637,2.870667,,
1894,CIRCLE K #2741544,"I-37 & SR-72, EXIT 69",Three Rivers,TX,747,3.065667,28.4869909,-98.1435750
1897,YESWAY #1077,"I-20/US-84, EXIT 278",Tye,TX,575,2.875667,,
1905,LUCKY TRUCK STOP,US-82,Whitesboro,TX,630,2.885667,,
1909,RALLYSTOP #1,"I-15, EXIT 62",Cedar City,UT,791,3.459000,37.7614172,-113.0557675
1914,LOVES TRAVEL STOP #792,"I-70, EXIT 160",Green River,UT,835,3.709000,38.9818829,-110.2312576
1921,BELL TRUCK STOP,"I-80, EXIT 146",Park City,UT,835,3.452333,40.6107854,-111.5090832
1923,SCENIC QUIK STOP,"I-70, EXIT 54 & US-89",Salina,UT,835,3.459000,38.9241774,-111.8733630
1930,CASEYS #3058,"I-35, EXIT 19 & US-160 E",Wellington,KS,570,3.299000,,
1931,RBS ONE STOP,"I-15, EXIT 320",Woods Cross,UT,835,3.459000,40.8702505,-111.8971280
1934,CIRCLE K #2723710,"I-77, EXIT 24",Austinville,VA,185,3.240667,,
1936,QUICK STOP MARKET #36,"I-81, EXIT 10 & US-11",Bristol,VA,185,3.399000,,
1940,7-ELEVEN #40063,"I-81, EXIT 98 & SR-100",Dublin,VA,65,3.199000,37.0829586,-80.6910846
1944,LOVES TRAVEL STOPS #399,"I-77, EXIT 1 & SR-620",Lambsburg,VA,65,3.589000,,
1944,LOVES TRAVEL STOP #399,"I-77, EXIT 1 & SR-620",Lambsburg,VA,65,3.589000,,
1950,7-ELEVEN #34515,"I-81, EXIT 205",King George,VA,180,3.399000,,
1951,CIRCLE K #2723713,"I-81, EXIT 205",Staunton,VA,185,3.385667,,
1953,FAS MART #3555,"I-64, EXIT 136 & US-15",Gordonsville,VA,180,3.699000,,
1954,Joe's Kwik Mart #8409,US-58 & CR-645,Suffolk,VA,130,3.032333,,
1956,PILOT TRAVEL CENTER #4642,"I-81, EXIT 291",Toms Brook,VA,60,3.659000,,
1958,SPEEDWAY #4618,"I-81 & I-77, EXIT 77",Wytheville,VA,185,3.412333,,
1960,MAPLEWOOD IRVING,"I-89, EXIT 7",Montpelier,VT,170,3.699000,,
1962,SUPER QUIK,"I-64, EXIT 172 & SR-1/SR-7",Grayson,KY,255,3.799000,38.3478863,-82.9415399
1976,One9 #963,"I-90, EXIT 276",Spokane,WA,970,3.989000,47.6426608,-117.4605783
1976,One9 #963,"I-90, EXIT 276",Spokane,WA,970,3.959000,47.6426608,-117.4605783
1977,GEE CEES TRUCK STOP,"I-5, EXIT 57",Toledo,WA,977,3.839000,46.4401007,-122.8467555
1983,KWIK TRIP #427,"US-53, EXIT 110 & SR-40",Bloomer,WI,295,3.415667,45.1202409,-91.4617458
1985,Camp Douglas BP,"I-90 & I-94, EXIT 55",Camp Douglas,WI,420,3.154000,43.9235304,-90.2661298
2000,RIVER CITY TRAVEL PLAZA,US-41,Marinette,WI,360,3.399000,,
2002,KWIK TRIP #222,US-53/US-2,Superior,WI,334,3.339000,46.6984114,-92.0353658
2009,KWIK TRIP #139,"I-43, EXIT 120 & CR-V/CR-OK",Sheboygan,WI,444,3.290667,43.7501097,-87.7453381
2020,BFS FOODS #72,"I-68, EXIT 23 & SR-26",Bruceton Mills,WV,165,3.499000,,
2021,GO MART FOOD STORE #59,"I-64, EXIT 15 & US-60",Huntington,WV,255,3.499000,,
2022,GO MART FOOD STORE #86,"I-79, EXIT 40 & SR-16",Ivydale,WV,44,3.599000,,
2029,HOMAX SERVICE,"I-25, EXIT 188",Mills,WY,790,3.169000,42.8419270,-106.3679350
2030,GHOST TOWN FUEL STOP,US-26/US-20,Casper,WY,790,3.429000,,
2034,TA CHEYENNE TRAVEL CENTER,"I-80, EXIT 377 & SR-217/CR-140",Cheyenne,WY,795,3.699000,41.1229568,-104.7213813
2040,Fast Stop Travel Centers #1133,"I-25, EXIT 126 & US-18/20",Douglas,WY,790,3.499000,42.7377479,-105.3788236
2041,PINE BLUFFS SINCLAIR,"I-80, EXIT 401 & US-30",Pine Bluffs,WY,795,3.699000,41.1745527,-104.0810497
2044,One9 #1251,"I-80, EXIT 173",Wamsutter,WY,795,3.499000,41.6750675,-107.9767916
2074,STRIPES #40522,"I-10, EXIT 550",San Antonio,TX,740,3.059000,,
2076,ALLSUPS CONVENIENCE STORE #2159,US-283 BUS/US-277 BUS & SR-422,Seymour,TX,770,3.299000,,
2078,ALLSUPS CONVENIENCE STORE #2366,US-84 & CR-3300,Slaton,TX,700,2.969000,33.4625749,-101.6751535
2084,Main Street Market #112,"I-20, EXIT 73",Wickett,TX,710,2.879000,,
2087,LWS TRUCK STOP,SR-30,Logan,UT,835,3.425667,,
2088,FLYING J TRAVEL PLAZA #773,"I-70, EXIT 40",Richfield,UT,835,3.699000,38.7887599,-112.0817468
2089,FLYING J TRAVEL PLAZA #774,"I-84, EXIT 7",Snowville,UT,835,3.749000,41.9634667,-112.7095467
2115,KWIK TRIP #838,SR-23/SR-33,Reedsburg,WI,420,3.194000,43.5322646,-90.0163068
2125,BIG D #44,"I-80, EXIT 311 & SR-130",Laramie,WY,795,3.249000,41.1617370,-104.7540425
2144,Mountain View Truck Stop,US-15,Thurmont,MD,60,4.099000,,
2152,SPEEDWAY #4709,"I-90, EXIT 102",Fairmont,MN,425,3.299000,,
2167,PILOT TRAVEL CENTERS #134,"I-94, EXIT 171 (CR 75)",Saint Cloud,MN,451,3.287333,,
2182,PILOT TRAVEL CENTER #4649,"I-64 & I-81, EXIT 205",Raphine,VA,185,3.659000,,
2192,GO MART FOOD STORE #51,US-19/SR-129,Mount Nebo,WV,44,3.599000,,
2194,A AND A TRUCKSTOP,US-35 & CR-41,Jackson,OH,315,3.799000,39.7441544,-84.5801323
2196,Certified Oil #400410,I-76 EXIT 43,Ravenna,OH,249,3.315667,41.1575570,-81.2420470
2204,NATURAL BRIDGE SHELL,US-278 & SR-5,Lynn,AL,615,3.682333,,
2209,Roadrunner #471,"I-40/US-65, EXIT 142 & SR-365",North Little Rock,AR,695,3.032333,,
2219,PILOT TRAVEL CENTER #66,"I-85, EXIT 129",Braselton,GA,16,3.272333,,
2219,PILOT TRAVEL CENTERS #66,"I-85, EXIT 129",Braselton,GA,16,3.272333,,
2223,PO JOS GAS N GO,"I-16 SR-404, EXIT 116 & US-301/SR-73",Register,GA,195,3.232333,,
2227,SPEEDWAY #7448,SR-59,Naperville,IL,293,3.299000,,
2227,SPEEDWAY #7448,SR-59,Naperville,IL,293,3.359000,,
2231,QUIKTRIP #605,"I-270, EXIT 33",Saint Louis,MO,540,2.899000,,
2255,S&G #36,"I-280, EXIT 2 & SR-795",Millbury,OH,550,3.492333,,
2267,Circle K #4703917,"I-65, EXIT 112 & SR-25",Cross Plains,TN,460,2.949000,,
2283,CIRCLE K #2707321,SR-60,Bartow,FL,225,3.522333,,
2287,SAC SHOP #511,"I-76/I-70, EXIT 146 & I-99/US-220 EXIT 1",Bedford,PA,14,4.099000,,
2306,SCOTCHMAN #3894,"I-77, EXIT 73 & SR-901",Rock Hill,SC,210,3.079000,,
2310,MAPCO #3686,"I-24, EXIT 175",Chattanooga,TN,285,2.889000,,
2311,SHELL,"I-24 & EPPS MILL RD, EXIT 89",Christiana,TN,460,3.132333,,
2331,PINNERS POINT,SR-135,Portsmouth,VA,130,3.499000,,
2336,FLYING J TRAVEL PLAZA #754,"I-77 & I-81, EXIT 77",Wytheville,VA,185,3.549000,,
2340,RSTORE #4478,SR-8 & SR-13,Prentice,WI,395,3.039000,,
2557,PWI #106,"I-30, EXIT 77B",Royse City,TX,630,2.899000,,
2602,PILOT TRAVEL CENTERS #9,"I-75, EXIT 36",Franklin,OH,407,3.352333,,
2623,TA JANESVILLE TRAVEL CENTER,"I-90/I-39, EXIT 171B & US-14",Janesville,WI,420,3.299000,,
2626,WEST END SINCLAIR,"I-80, EXIT 211",Rawlins,WY,838,3.319000,,
2629,PILOT TRAVEL CENTERS #253,"I-295 & NJ TRNPK,  EXIT 2B",Penns Grove,NJ,243,3.989000,,
2635,FLYING J #584,"I-5, EXIT 278",Aurora,OR,935,3.859000,,
2638,PIT STOP TRAVEL CENTER,US-789,Riverton,WY,790,4.399000,,
2640,LITTLE NASHVILLE,"I-64, EXIT 50 & SR-127",Nashville,IL,540,3.399000,38.2150909,-89.3800192
2640,LITTLE NASHVILLE,"I-64, EXIT 50 & SR-127",Nashville,IL,540,3.299000,38.2150909,-89.3800192
2644,FREDERICKS TRAVEL CENTER,"I-25/US-87, EXIT 235 & SR-52",Erie,CO,800,3.499000,,
2756,PAR MAR FOOD STORE #89,"I-77/SR-2, EXIT 170 & SR-14 E",Mineral Wells,WV,430,3.499000,40.2396197,-80.6502274
2761,PONY EXPRESS SERVICE CENTER,US-36 & SR-148,Hanover,KS,316,2.955667,,
2764,LOVES TRAVEL STOP #046,US-64/54 & SR-94,Hooker,OK,585,3.562333,,
2765,LOVES TRAVEL STOP #023,US-50 & US-287,Lamar,CO,525,3.462333,40.4438965,-105.0774063
2772,PILOT TRAVEL CENTERS #29,"I- 80, EXIT 144; I-69, EXIT 357",Fremont,IN,465,3.899000,41.7239729,-85.0004405
2772,PILOT TRAVEL CENTER #29,"I- 80, EXIT 144; I-69, EXIT 357",Fremont,IN,465,3.899000,41.7239729,-85.0004405
2779,Stinker #121,I-84 & EXIT 208,Heyburn,ID,787,3.560667,,
2788,JIFFY MART #451,"I-91, EXIT 17 & SR-302",Wells River,VT,39,3.569000,,
2805,Fast Stop Travel Centers #1145,"I-15,  EXIT 31",Downey,ID,825,3.799000,,
2807,SUDDEN SERVICE #25,"I-24, EXIT 11",Clarksville,TN,460,3.307333,,
2811,KWIK FILL #22,"I-90, EXIT 40 & SR-34/SR-31",Weedsport,NY,220,3.899000,,
2817,Chevron #382354,"I-5/US-12, EXIT 72",Chehalis,WA,977,4.299000,,
2848,TA TONOPAH TRAVEL CENTER,"I-10, EXIT 103",Tonopah,AZ,930,3.939000,,
2851,SPEEDWAY #2958,"I-8, EXIT 12",Yuma,AZ,900,3.479000,,
2862,TA TALLULAH TRAVEL CENTER,"I-20, EXIT 171 & US-65",Tallulah,LA,760,3.209000,32.4071173,-91.1875971
2864,KUM & GO #0493,I-49 BUS/SR-59,Neosho,MO,535,3.059000,,
2875,CIRCLE K #2744138,"I-25, EXIT 101 & US-50/SR-47",Pueblo,CO,803,3.399000,,
2883,PILOT TRAVEL CENTER #293,"I-75, EXIT 341 & CR-484",Ocala,FL,140,3.412333,29.0256099,-82.1446263
2883,PILOT TRAVEL CENTERS #293,"I-75, EXIT 341 & CR-484",Ocala,FL,140,3.359000,29.0256099,-82.1446263
2885,SP Truckstop & Travel Center,US-84/SR-38,Bainbridge,GA,20,3.599000,,
2889,MOULTON COWBOYS,SR-157,Moulton,AL,615,3.099000,,
2891,PETRO STOPPING CENTER #338,"I-80, EXIT 21",Sparks,NV,966,3.949000,,
2895,EAGLE TRUCK STOP,I-77 EXIT 81,New Philadelphia,OH,249,3.315667,,
2896,NORTH LEWISTON DYNAMART,US-12 & SR 128,Lewiston,ID,970,3.669000,,
2897,GAS N GO #15,"I-80, EXIT 41",Lyman,WY,827,3.465667,,
2910,FLYING J TRAVEL PLAZA #685,"I-29 & I- 94, EXIT 349",Fargo,ND,341,3.569000,,
2913,ONE9#226,"I-40, EXIT 417 & SR-92",Dandridge,TN,405,3.259000,,
2915,TP TRUCK STOP,"I-15, EXIT 80",Fort Hall,ID,825,3.519000,,
2917,GOLDYS TRUCK PLAZA,US-29,Rustburg,VA,185,3.519000,,
2922,LOVES TRAVEL STOP #210,"I-40, EXIT 158",Albuquerque,NM,580,3.520667,,
2923,LOVES TRAVEL STOP #435,"I-95, EXIT 104 & SR-207",Ruther Glen,VA,180,3.611000,,
2923,LOVES TRAVEL STOPS #435,"I-95, EXIT 104 & SR-207",Ruther Glen,VA,180,3.589000,,
2924,HWY 190 FUEL STOP,US-190,Jasper,TX,610,3.132333,,
2926,EXIT 77 TRAVEL PLAZA,"I-81, EXIT 77 & SR-39",Harrisburg,PA,70,3.499000,,
2929,TA EXPRESS STEELE,"I-94, EXIT 200 & SR- 3",Steele,ND,390,3.599000,,
2935,CIRCLE K #2726163,"I-295, EXIT 22",Jacksonville,FL,75,3.299000,,
2937,FLYING J TRAVEL PLAZA #664,"I-75, EXIT 171",Walton,KY,300,3.085667,,
2956,PILOT TRAVEL CENTERS #275,"I-85, EXIT 39 I-77, EXIT 13",Charlotte,NC,46,3.552333,,
2963,SUPERPUMPER #26,"I-94, EXIT 258 & US-281",Jamestown,ND,390,3.629000,,
2967,PETRO STOPPING CENTER #317,"I-57, EXIT 71",Perrysburg,OH,550,3.785667,,
2968,E-Z MART #4460,"I-20,  EXIT 124",Monroe,LA,719,3.129000,,
2977,DISCOUNT FUEL,"I-90, EXIT 150 & SR-73",Kadoka,SD,506,3.229000,,
2982,CIRCLE K #2723726,"I-59/I-20, EXIT 52 & US-11/US-43/SR-7",Knoxville,AL,705,3.089000,,
3003,CHEVRON,"I-20, EXIT 186",Delta,LA,760,2.994000,,
3008,BUSY BEE,"I-10, EXIT 283 & US-129",Live Oak,FL,10,3.779000,,
3022,TA GREENCASTLE TRAVEL CENTER,"I-81, EXIT 5",Greencastle,PA,70,3.959000,,
3030,Mr Ts Riverside,US-412,Cardwell,MO,435,3.199000,,
3064,PORTS TO PLAINS TRAVEL PLAZA,US-50 & US-287,Lamar,CO,800,3.399000,40.4438965,-105.0774063
3086,SPEEDWAY #4638,US-29,Madison Heights,VA,185,3.495667,,
3093,RSTORE #4488,US-51,Merrill,WI,395,3.240667,,
3096,HOBO PANTRY #6,US-431/SR-210,Dothan,AL,20,3.959000,,
3118,MOBIL,"I-87, EXIT 42 & US-11",Champlain,NY,39,3.799000,,
3128,TA ATLANTA SOUTH TRAVEL CENTER,"I-75, EXIT 201 & SR-36",Jackson,GA,18,3.334000,,
3138,TA EXPRESS #6264,"I-70, EXIT 26 & US-50",Grand Junction,CO,800,4.049000,,
3139,CHEROKEE TRAVEL MART,"I-40,  EXIT 108",Calumet,OK,483,3.105667,,
3148,YESWAY #1038,US-60 & SR-86,Neosho,MO,307,3.059000,,
3155,QUIK MART #18,US-72/SR-157,Tuscumbia,AL,615,3.007333,34.6830824,-87.5941951
3163,QUIKTRIP #71,"I-44, EXIT 238",Tulsa,OK,560,3.039000,,
3164,QUIKTRIP #102,"I-44, EXIT 222A",Tulsa,OK,560,3.039000,,
3165,LOVES TRAVEL STOP #213,"I-35, EXIT 211",Tonkawa,OK,500,3.584000,,
3167,JASPER FOOD MART,US-78,Jasper,AL,615,3.229000,,
3171,One9 #265,"I-40, EXIT 287 & SR-136",Cookeville,TN,405,3.084000,,
3176,BP,US-6 & SR-15,New Paris,IN,365,3.657333,41.4495281,-85.8442268
3178,ERNIES FUEL STOP #1605,SR-167,Kent,WA,977,4.599000,,
3179,MR FUEL #1020,"I-80 & I-94, EXIT 15B",Lake Station,IN,365,3.565667,,
3191,BUSY CORNER TRUCK STOP AND MARKET,"I-24, EXIT 105 & US-41/SR-2",Manchester,TN,460,3.049000,,
3205,CROSSROADS TRUCK STOP STATION,"I-29 & SR 34, MM 109",Colman,SD,530,3.159000,,
3206,PERHAM OASIS,US-10 & SR-78,Perham,MN,250,3.499000,,
3215,SHELL TRUCKSTOP,"I-4, EXIT 44",Polk City,FL,225,3.449000,,
3216,MAXS #124,"I-24, EXIT 86 & US-41",Oak Grove,KY,460,3.042333,,
3221,Pilot #1440,"US-67, EXIT 55 & US-64/US-167 & SR-367",Bald Knob,AR,695,3.399000,35.3215015,-91.5612642
3221,Southern Travel Plaza,"US-67, EXIT 55 & US-64/US-167 & SR-367",Bald Knob,AR,695,3.391000,35.3215015,-91.5612642
3222,POMPANO TRUCK STOP,"I-95, EXIT 36B",Pompano Beach,FL,95,3.759000,,
3226,ONE9 #245,"I-81, EXIT 77 & SR-39",Harrisburg,PA,70,3.609000,,
3227,ONE9 MR FUEL #64,"I-26 & US-17, EXIT 199",Summerville,SC,42,3.219000,,
3227,MR FUEL DBA ONE9 #64,"I-26 & US-17, EXIT 199",Summerville,SC,42,3.219000,,
3230,STRIPES #40815,US-281 & US-285,Falfurrias,TX,625,3.299000,,
3264,TA WEST MEMPHIS TRAVEL CENTER,"I-40/US-63, EXIT 260 & SR-149",Earle,AR,435,3.367333,,
3280,OUTPOST TRUCK STOP,US-85 & US-18/US-20,Lusk,WY,790,3.689000,,
3281,AMERICAN TRUCK PLAZA,I-80 EXIT 215 & SR-254,Milton,PA,138,3.799000,,
3284,CASEYS #4390,"I-49/US-71, EXIT 77 & US-160",Lamar,MO,416,3.199000,,
3297,SAPP BROS TRAVEL CENTER,"I-80, EXIT 370",Cheyenne,WY,795,3.700667,,
3316,TRUCKOMAT OF N LITTLE ROCK,"I-40, EXIT 161 & SR-391",North Little Rock,AR,695,3.249000,34.7469002,-92.1272660
3326,MIRABITO #61,"I-81, EXIT 32",Central Square,NY,12,4.299000,,
3330,TA # 211 GREENLAND TRAVEL CENTER,"I-95, EXIT 3A & US-101",Greenland,NH,34,3.759000,,
3349,QUEEN CITY TRUCK STOP,"I-20 & I-59, EXIT150",Meridian,MS,705,2.939000,,
3383,E-Express at Central Truck Stop,"I-35, EXIT 137",Oklahoma City,OK,483,2.879000,,
3386,LONGMONT TRUCK STOP,"I-25/US-87, EXIT 240 & SR-119",Longmont,CO,800,3.239000,,
3401,POPS Mart #333,"I-77, EXIT 48 & SR-200",Winnsboro,SC,46,3.090667,,
3413,COUNTRY GIRL TRUCK STOP,US-167 & SR-156,Winnfield,LA,590,3.319000,31.9570168,-92.6534343
3415,JAYS EL CHEAPO FUEL STOP,"I-16, EXIT 104",Metter,GA,195,3.249000,,
3418,Par Mar Store #164,"I-79, EXIT 105 & CR-7",Jane Lew,WV,165,3.999000,,
3421,ERNIES TRUCK STOP,"I-5, EXIT 142",Federal Way,WA,977,4.599000,,
3422,PWI #167,"I-10, EXIT 601",Seguin,TX,740,2.889000,,
3427,JOHNNYS MARKET,"I-69, EXIT 357",Fremont,IN,465,3.699000,,
3432,PILOT TRAVEL CENTER #34,"I-65, EXIT 201 & US-231",Remington,IN,365,3.709000,,
3432,PILOT TRAVEL CENTERS #34,"I-65, EXIT 201 & US-231",Remington,IN,365,3.659000,,
3435,PWI #168,"I-35, EXIT 266 & SR-195",Georgetown,TX,740,2.799000,,
3444,Acme Truck Stop,US-441/SR-500,Orlando,FL,140,3.449000,,
3460,CHROME TRUCK STOP,US-18 & US-169,Algona,IA,433,3.499000,,
3464,BOISE PETROLEUM LLC,"I-84,  EXIT 71",Boise,ID,785,3.379000,,
3471,MR FUEL DBA ONE9 #72,"I-16, EXIT 160",Savannah,GA,195,3.132333,,
3471,ONE9 MR FUEL #72,"I-16, EXIT 160",Savannah,GA,195,3.119000,,
3475,PILOT TRAVEL CENTERS #56,"I-85, EXIT 63",Kannapolis,NC,46,3.499000,,
3477,CIRCLE K #4707404,"I-91, EXIT 7",Springfield,VT,170,3.699000,,
3479,FAST MARKET #4550,"I-75/SR-401, EXIT 136 & US-341",Perry,GA,85,3.099000,,
3493,CIRCLE K #2723675,"I-75, EXIT 290 & SR-20",Cartersville,GA,18,3.085667,34.2052141,-84.7470732
3519,PILOT TRAVEL CENTERS #431,"I-10, EXIT 873",Orange,TX,610,3.309000,,
3522,SUNMART #308,US-59,Livingston,TX,610,2.859000,,
3526,JOE STOP 99,"I-75, EXIT 99 & SR-119",Anna,OH,411,3.064000,,
3530,SPARKYS ONE STOP #22,"I-35, EXIT 111B & US-30",Jefferson,IA,320,3.232333,,
3536,PETRO STOPPING CENTER #307,I-40 EAST & S LAKESIDE Dr,Amarillo,TX,585,3.279000,35.2099042,-101.7421183
3539,Bigs 211,"I-10, EXIT 620 & SR-123",Seguin,TX,740,3.099000,29.5732065,-97.9414240
3545,STOCKMENS TRUCK PLAZA,"I-494, EXIT 64A",South Saint Paul,MN,450,3.499000,,
3580,STINKER I 80 TRAVEL PLAZA,"I-80, EXIT 221 & SR-76",Sinclair,WY,838,3.759000,,
3585,CHEVRON,"I-80, EXIT 129",Lovelock,NV,966,3.499000,,
3588,BINGO TRUCK STOP,"I-10, EXIT 829 & SR-124",Winnie,TX,610,2.999000,29.8180279,-94.3838535
3592,TA BRIDGER TRAVEL CENTER #188,"I-80, EXIT 30 & CR-202",Fort Bridger,WY,835,3.715667,,
3593,TA Parowan Travel Center,"I-15, EXIT 78",Parowan,UT,910,3.705667,,
3605,SPEEDYS #6,"I-35, EXIT 33",Saint Joseph,MO,400,3.169000,,
3608,FUEL MART #787,"I-57, EXIT 212 & US-36",Tuscola,IL,280,3.199000,,
3614,PILOT TRAVEL CENTERS #35,"I-80/90, EXIT 72 & US-31",South Bend,IN,465,3.799000,,
3614,PILOT TRAVEL CENTER #35,"I-80/90, EXIT 72 & US-31",South Bend,IN,465,3.799000,,
3616,PILOT TRAVEL CENTERS #15,"I-75, EXIT 210",Toledo,OH,550,3.772333,,
3619,ROAD RANGER #141,"I-70, EXIT 23",Brazil,IN,375,3.659000,,
3620,One9 #16,"I-71 & US-68, EXIT 50",Wilmington,OH,315,3.142333,,
3645,SNOW SHOE TRAVEL PLAZA,"I-80, EXIT 147 & SR-144",Snow Shoe,PA,14,3.469000,,
3678,TIMES MARKET #299,US-281 BUS,Alice,TX,625,3.099000,,
3688,SPEEDWAY #2314,"I-94, EXIT 243 & SR-29",New Baltimore,MI,342,3.559000,,
3688,SPEEDWAY #2314,"I-94, EXIT 243 & SR-29",New Baltimore,MI,342,3.579000,,
3692,CHARLOTTE TRAVEL PLAZA,"I-77,  EXIT 16B",Charlotte,NC,46,3.532333,,
3699,WARREN TRAVEL PLAZA,"I-69, EXIT 278 & SR-5",Warren,IN,375,3.399000,,
3702,BEARS DEN TRADING POST #101,ST 37 11 MI E OF MASSENA,Hogansburg,NY,39,3.649000,,
3707,SPEEDWAY #4704,"I-90, EXIT 154",Albert Lea,MN,425,3.299000,,
3718,SPEEDWAY #4706,"I-90, EXIT 265",Chamberlain,SD,455,3.299000,,
3719,KEYSTONE TRUCK STOP,US-22 & SR-164,Loretto,PA,14,3.999000,,
3725,GENEVA TRUCK STOP,"I-79, EXIT 35/141",Cochranton,PA,240,3.815667,,
3728,PLAZA 23 TRUCK STOP,"I-787, EXIT 2",Albany,NY,12,3.799000,,
3737,JORDAN'S KWIK STOP #70,US-49,West Helena,AR,435,3.399000,,
3745,PILOT TRAVEL CENTER #906-TOWN PUMP,"I-90, EXIT 408 & SR-78",Columbus,MT,780,3.580667,,
3759,EXXON,US-67 & SR-18,Newport,AR,695,4.132333,,
3767,SIMMONS TRAVEL CENTER,"I-95, EXIT 8 & US-301",Emporia,VA,180,3.099000,,
3772,Brake Time Corner Market,"I-25, EXIT 240",Burlington,CO,800,3.499000,,
3774,SINCLAIR,"I-70, EXIT 438",Burlington,CO,796,3.889000,,
3781,REATTA TRAVEL STOP,"I-76, EXIT 149 & SR-55/CR-81",Crook,CO,475,3.382333,,
3783,CIRCLE K #2744095,"I-25, EXIT 215",Denver,CO,800,3.299000,,
3794,SPEEDWAY #4701,"I-90, EXIT 73",Jackson,MN,425,3.299000,,
3817,FAST MARKET,"I-25, EXIT 158",Colorado Springs,CO,803,3.159000,,
3843,ONCUE EXPRESS #61,"I-35, EXIT 185 & US-77",Perry,OK,500,3.215667,,
3868,SHORE STOP #279,US-13,Greenwood,DE,194,3.239000,,
3868,SHORE STOP #279,US-13,Greenwood,DE,194,3.259000,,
3888,Fics Plaza,"I-90, EXIT 184",Deer Lodge,MT,816,3.519000,,
3889,CIRCLE K #2701686,"I-75, EXIT 220",Bradenton,FL,225,3.439000,,
3907,SUNOCO,US-46 & SR-93,Palisades Park,NJ,105,3.279000,,
3908,SEMINOLE TRUCK STOP,"I-75, EXIT 354",Fort Lauderdale,FL,95,3.699000,,
3927,MICCOSUKEE SERVICE PLAZA,"I-75, EXIT 49 & SR-84",Fort Lauderdale,FL,95,3.665667,26.0927895,-80.1460694
3936,Uncle Petes Truck  Stop,"I-40, EXIT 239 & US-70/SR-26",Lebanon,TN,460,2.989000,,
3946,Fast Lane,US-24 & US-63,Moberly,MO,310,3.469000,39.4414443,-92.4325851
3949,SUNSTOP #337,"I-10/SR-8, EXIT 303 & US-441",Lake City,FL,75,3.699000,30.1922005,-82.6371022
3956,CIRCLE K #2707451,US-27/SR-25 & SR-70,Lake Placid,FL,225,3.399000,,
3964,SPEEDWAY #6604,"I-94, EXIT 66",Mattawan,MI,465,3.489000,,
3964,SPEEDWAY #6604,"I-94, EXIT 66",Mattawan,MI,465,3.499000,,
3970,EXXON - Pilot #1293,"I-30, EXIT 61",Garland,TX,630,2.842333,,
3973,LOVES TRAVEL STOP #205,"I-35 & I-44, EXIT 137",Oklahoma City,OK,483,3.319000,35.4680131,-97.5793466
3974,LOVES TRAVEL STOP #201,I-40 EXIT 41,Elk City,OK,483,3.125667,,
3975,SUNSTOP #334,"I-10, EXIT 335 & SR-121",Macclenny,FL,75,3.459000,30.2785652,-82.1228723
3979,PETRO GARY 369,"I-80 & I-94, EXIT 9",Gary,IN,365,3.830667,,
4006,MISSILE MART #1,US-167 & SR-7,El Dorado,AR,635,3.499000,,
4008,BALDWIN TRAVEL PLAZA,"I-94, EXIT 19 & US HWY 63",Baldwin,WI,295,3.503000,44.8747958,-92.3747418
4025,BP,"I-85, EXIT 21  & US-178",Anderson,SC,30,2.909000,,
4035,PILOT TRAVEL CENTER #430,"I-40,  EXIT 84",Russellville,AR,695,3.375000,,
4035,PILOT TRAVEL CENTERS #430,"I-40,  EXIT 84",Russellville,AR,695,3.399000,,
4062,DUDLEYS TRUCK STOP RESTAURANT,US-220,Rocky Mount,VA,185,3.299000,,
4063,STUCKEY'S,"I-59, EXIT 67 & US-49",Hattiesburg,MS,620,2.999000,,
4080,SHELL DBA PILOT DEALER #874,US-41,Miami,FL,176,3.699000,,
4080,PILOT TRAVEL CENTERS #874,US-41,Miami,FL,176,3.699000,,
4101,E-Z MART #4411,HIGHWAY 69 & COBBLESTONE DR,Pryor,OK,560,3.099000,,
4113,ASAP GENERAL STORE #330,US-412/SR-15,Enid,OK,500,3.082333,,
4115,QUIKTRIP #707,"I-85 , EXIT 96",Atlanta,GA,18,3.340667,,
4119,JET FOOD STORE #82,US-441 & CR-13,Douglas,GA,10,3.440667,,
4156,PETRO STOPPING CENTER #305,"I-10, EXIT 582",San Antonio,TX,740,3.207333,,
4161,EL CHEAPO,I-95 & EXIT 76,Midway,GA,195,3.525667,,
4164,CIRCLE K #2723897,"I-75, EXIT 138",Thomasville,GA,20,3.235667,,
4169,TA KINGMAN TRAVEL CENTER,"I-40, EXIT 48 & US-93",Kingman,AZ,910,3.899000,,
4171,PETRO SERVE USA #11,US-2 & US-71,Bemidji,MN,355,3.499000,,
4172,FLYING J TRAVEL PLAZA #639,"I-90, EXIT 2",Post Falls,ID,970,3.762333,,
4179,CIRCLE K #2705352,"I-95/SR-405, EXIT 109 & SR-30/SR-21",Port Wentworth,GA,195,3.099000,,
4187,FLYING J TRAVEL PLAZA #632,"I-75, EXIT 320",Resaca,GA,285,3.295667,,
4193,TIGER MART #63,"I-20, EXIT 454",Grand Prairie,TX,630,3.599000,,
4199,PWI #574,"I-70, EXIT 193/US-40",Bunker Hill,KS,357,2.959000,,
4204,PILOT TRAVEL CENTERS #415,"I-59, EXIT 4",Rising Fawn,GA,285,3.859000,,
4204,PILOT TRAVEL CENTER #415,"I-59, EXIT 4",Rising Fawn,GA,285,3.819000,,
4211,FLYING J #513,"I-15, EXIT 1",Jean,NV,910,3.732333,,
4220,KENNETT TRUCK STOP,"I-275, EXIT 16",Lawrenceburg,IN,300,3.424000,,
4222,Circle K #4703906,"I-24, EXIT 24 & SR-49",Pleasant View,TN,460,2.899000,,
4223,TA PEMBROKE TRAVEL CENTER,"I-90, EXIT 48A",Corfu,NY,38,3.939000,,
4223,TA PEMBROKE TRAVEL CENTER,"I-90, EXIT 48A",Corfu,NY,38,3.889000,,
4223,TA PEMBROKE TRAVEL CENTER,"I-90, EXIT 48A",Corfu,NY,38,3.829000,,
4223,TA PEMBROKE TRAVEL CENTER,"I-90, EXIT 48A",Corfu,NY,38,3.839000,,
4227,LOVES TRAVEL STOP #203,"I-40, EXIT 140",Oklahoma City,OK,483,3.355667,,
4233,QUIKTRIP #7220,"I-20, EXIT 8",Shreveport,LA,745,2.892333,,
4239,SPEEDWAY #8256,"I-64, EXIT 94 & SR-1958 & US-60",Winchester,KY,410,2.922333,,
4241,EXXON,"I-285, EXIT 53",Conley,GA,18,3.999000,,
4267,CONOCO,US-30 & SR-41,Gap,PA,160,3.799000,39.9794030,-76.0158717
4292,KUM & GO #0032,"I-80/US-6, EXIT 155 & SR-117",Colfax,IA,320,3.082333,,
4301,TIGER DISCOUNT TRUCKSTOP,"I-94, EXIT 64 & I-94 BUS",Dickinson,ND,807,3.515667,,
4311,Saveway Truck Plaza,"I-65, EXIT 164 & US-31",Hope Hull,AL,720,3.139000,,
4331,KWIK STOP C STORES,US-61/US-151,Dubuque,IA,335,3.559000,,
4332,PILOT TRAVEL CENTER #468,"I-57, EXIT 283 & US-24",Gilman,IL,280,3.399000,,
4332,PILOT TRAVEL CENTER #468,"I-57, EXIT 283 & US-24",Gilman,IL,280,3.559000,,
4332,PILOT TRAVEL CENTER #468,"I-57, EXIT 283 & US-24",Gilman,IL,280,3.439000,,
4332,PILOT TRAVEL CENTERS #468,"I-57, EXIT 283 & US-24",Gilman,IL,280,3.459000,,
4335,HIGHWAY 20  AUTO TRUCK PLAZA,US-20,Peosta,IA,335,3.489000,,
4339,ROAD RANGER #273,I-69E/US-77 & SR-107,Combes,TX,639,3.049000,,
4349,ROAD RANGER #144,"I-380, EXIT 68US-20, EXIT 68",Evansdale,IA,565,3.729000,,
4363,EL CHEAPO #4,"I-95, EXIT 87",Richmond Hill,GA,195,3.095667,,
4368,HOODS SERVICE CENTER,"I-44, EXIT 61",Bois D Arc,MO,535,3.074000,,
4372,GRADYS TRUCKSTOP,"I-16, EXIT 111",Pulaski,GA,195,3.465667,,
4373,KUM & GO #0043,"I-35, EXIT 43 & SR-207/CRG76",New Virginia,IA,320,3.114000,,
4389,TAYLOR QUIK-PIK,"I-29, EXIT 75 & US-30",Missouri Valley,IA,486,3.399000,,
4395,BREAK TIME #3147,"I-55, EXIT 67 & US-62",Sikeston,MO,275,3.499000,36.8931820,-89.5293480
4417,TA MORIARITY TRAVEL CENTER,"I-40, EXIT 194",Moriarty,NM,580,3.217333,,
4419,CASEYS #3081,"I-35, EXIT 92 & US-136",Bethany,MO,400,3.060667,,
4427,CASEYS #2654,"I-80/US-6, EXIT 93 & CR-P28",Stuart,IA,320,3.099000,,
4431,CASEYS #2653,"US-63 & US-30, EXIT 202",Toledo,IA,320,3.349000,,
4437,UNDERWOOD TRUCK STOP I 80,"I-80, EXIT 17",Underwood,IA,319,3.000667,,
4441,PILOT TRAVEL CENTERS #51,"I-81 BAILEYTON RD, EXIT 36",Greeneville,TN,405,3.562333,36.1738985,-82.8266008
4442,Minuteman Food Mart #58,US-74/US-76,Delco,NC,245,3.507333,,
4445,TA Rogers,"I-94/US-52, EXIT 207 & SR-101",Rogers,MN,448,3.274000,,
4446,LOVES TRAVEL STOP #200,I-40 EXIT 74,Amarillo,TX,585,3.209000,,
4451,PRAIRIE JUNCTION TRUCK STOP,"I-29, EXIT 109 & SR-34",Colman,SD,530,3.099000,43.9790341,-96.8143570
4452,CASEYS #2867,US-63 & US-20,Waterloo,IA,380,3.499000,,
4458,KUM & GO #1443,"I-80, EXIT 216",Williamsburg,IA,380,3.130667,,
4460,EXIT 62 TRUCKSTOP,"I-71, EXIT 62 & US-127",Glencoe,KY,415,3.165667,,
4463,QUIKTRIP #7901,"I-20, EXIT 556 & US-69",Lindale,TX,710,2.807333,,
4482,FLYING J TRAVEL PLAZA #777,"I-84, EXIT 54(FEDERAL WAY)",Boise,ID,785,3.809000,,
4482,FLYING J FUEL STOP #777,"I-84, EXIT 54(FEDERAL WAY)",Boise,ID,785,3.765667,,
4492,3 MILE CORNER TRUCK STOP,US-2 & US-95,Bonners Ferry,ID,970,3.734000,,
4525,STINKER #42,US-12/US-95 & SR-128,Lewiston,ID,970,3.697333,,
4528,WENATCHEE VALLEY TRUCK STOP,US-97 ALT,Wenatchee,WA,920,4.199000,,
4528,WENATCHEE VALLEY TRUCK STOP,US-97 ALT,Wenatchee,WA,920,4.119000,,
4528,WENATCHEE VALLEY TRUCK STOP,US-97 ALT,Wenatchee,WA,920,4.089000,,
4533,SPEEDWAY #1449,"I-65, EXIT 262B",Birmingham,AL,615,2.975667,,
4544,BIG CHARLIES TRUCK PLAZA,"I-64, EXIT 282 & US-13",Virginia Beach,VA,130,3.489000,,
4555,PILOT TRAVEL CENTERS #406,"I-65, EXIT 22 & US-31A/SR-11",Cornersville,TN,460,3.799000,,
4560,FAST STOP TRAVEL CENTERS #1109,"I-15, EXIT 392",Plymouth,UT,835,3.582333,,
4563,PILOT TRAVEL CENTERS #299,"I-55/I-74/US-51, EXIT 160 & US-150/SR-9",Bloomington,IL,280,3.599000,40.4794034,-88.9846438
4563,PILOT TRAVEL CENTERS #299,"I-55/I-74/US-51, EXIT 160 & US-150/SR-9",Bloomington,IL,280,3.399000,40.4794034,-88.9846438
4563,PILOT TRAVEL CENTER #299,"I-55/I-74/US-51, EXIT 160 & US-150/SR-9",Bloomington,IL,280,3.399000,40.4794034,-88.9846438
4563,PILOT TRAVEL CENTERS #299,"I-55/I-74/US-51, EXIT 160 & US-150/SR-9",Bloomington,IL,280,3.499000,40.4794034,-88.9846438
4563,PILOT TRAVEL CENTER #299,"I-55/I-74/US-51, EXIT 160 & US-150/SR-9",Bloomington,IL,280,3.499000,40.4794034,-88.9846438
4563,PILOT TRAVEL CENTER #299,"I-55/I-74/US-51, EXIT 160 & US-150/SR-9",Bloomington,IL,280,3.599000,40.4794034,-88.9846438
4568,ONVO TRAVEL PLAZA,"I-90, EXIT 28",Fultonville,NY,12,3.199000,,
4568,ONVO TRAVEL PLAZA,"I-90, EXIT 28",Fultonville,NY,12,3.159000,,
4569,METROPOLIS TRUCK STOP,"I-24, EXIT 37 & US-45",Metropolis,IL,490,3.599000,,
4574,Circle K #4701432,"I-74, EXIT 174",Mahomet,IL,280,3.669000,,
4582,BIG CHIEF TRUCK STOP,"I-94/US-52, EXIT 61 & US-59/CR-82",Fergus Falls,MN,250,3.235667,,
4605,PILOT DEALER #898 SADLERS TRUCK STOP,"I-95, EXIT 11B & US-58",Emporia,VA,180,3.799000,,
4618,OUTPOST TRAVEL CENTER,"I-20, EXIT 5 & US-80",Greenwood,LA,745,2.899000,,
4620,PILOT TRAVEL CENTERS #95,"I-75, EXIT 329 & SR-44",Wildwood,FL,225,3.225667,,
4620,PILOT TRAVEL CENTER #95,"I-75, EXIT 329 & SR-44",Wildwood,FL,225,3.319000,,
4622,TA LEE HI TRAVEL PLAZA,"I-81,  EXIT 195",Lexington,VA,185,3.659000,,
4628,QUARLES #4601,US-29/US-17/US-15,Warrenton,VA,60,3.322333,,
4637,THORNTONS #369 DBA PILOT TRAVEL CENTER #514,"I-55, EXIT 126 & SR-10",Lincoln,IL,318,3.399000,,
4637,THORNTONS #369 DBA PILOT TRAVEL CENTER #514,"I-55, EXIT 126 & SR-10",Lincoln,IL,318,3.499000,,
4637,PILOT TRAVEL CENTER #514 - THORNTONS #369,"I-55, EXIT 126 & SR-10",Lincoln,IL,318,3.499000,,
4637,PILOT TRAVEL CENTER #514 - THORNTONS #369,"I-55, EXIT 126 & SR-10",Lincoln,IL,318,3.399000,,
4642,MARSHAL JUNCTION,"I-70, EXIT 147 & SR-1",Marshall,IL,510,3.199000,39.4786643,-87.6819248
4642,MARSHAL JUNCTION,"I-70, EXIT 147 & SR-1",Marshall,IL,510,3.399000,39.4786643,-87.6819248
4644,CIRCLE K #4706703,"I-80, EXIT 145A",Mokena,IL,290,3.399000,,
4644,CIRCLE K #4706703,"I-80, EXIT 145A",Mokena,IL,290,3.339000,,
4654,7-ELEVEN #35087,"I-490, EXIT 2 & SR-33 & SR-19",Bergen,NY,190,4.029000,,
4655,QUICKLEES TRAVEL CENTER,"I-86, EXIT 30 & CR-20",Belmont,NY,190,3.999000,,
4690,PWI #401,"I-20 & I-30, EXIT 1B",Aledo,TX,630,2.799000,,
4700,A C TRUCKSTOP,"I-80, EXIT 290",Laramie,WY,795,3.079000,,
4704,THE RIDGE,"I-68/US-219, EXIT 14 & US-40",Accident,MD,165,4.199000,,
4707,SMITHTON TRUCKSTOP,"I-70, EXIT 39 & SR-3059",Smithton,PA,165,3.899000,,
4729,MINIT MART #600244,"I-70, EXIT 131",Straughn,IN,457,3.859000,,
4742,FLYING J TRAVEL PLAZA #684,"I-94, EXIT 1 & SR-16",Beach,ND,807,3.965667,,
4750,BROOKE TRAVEL PLAZA,"I-80, EXIT 259",West Liberty,IA,380,2.987333,,
4762,TA MONROE TRAVEL CENTER,"I-75, EXIT 15",Monroe,MI,325,3.349000,,
4762,TA MONROE TRAVEL CENTER,"I-75, EXIT 15",Monroe,MI,325,3.249000,,
4762,TA MONROE TRAVEL CENTER,"I-75, EXIT 15",Monroe,MI,325,3.369000,,
4762,TA MONROE TRAVEL CENTER,"I-75, EXIT 15",Monroe,MI,325,3.299000,,
4806,TRACK AND TRAVEL,"I-20, EXIT 406",Weatherford,TX,630,2.917333,,
4818,PILOT TRAVEL CENTER #350,"I-84 & US-20, EXIT 95",Mountain Home,ID,785,3.799000,,
4818,PILOT TRAVEL CENTERS #350,"I-84 & US-20, EXIT 95",Mountain Home,ID,785,3.759000,,
4819,Alta Convenience #6333,"I-25, EXIT 11",Trinidad,CO,803,3.399000,,
4826,I-20 Truck Stop,"I-20, EXIT 165",Lincoln,AL,615,2.999000,,
4827,PETRO BEAUMONT #304,"I-10, EXIT 848",Beaumont,TX,610,3.330667,,
4837,SHELL,US-10 & SR-210,Motley,MN,522,3.399000,46.3417309,-94.6449978
4856,PILOT TRAVEL CENTER #910- TOWN PUMP,"I-90, EXIT 274 & US-287",Three Forks,MT,786,3.597333,,
4858,PILOT TRAVEL CENTER #1346,"I-135, EXIT 31",Newton,KS,570,3.311500,,
4858,PILOT DEALER #1346,"I-135, EXIT 31",Newton,KS,570,3.409000,,
4860,PILOT TRAVEL CENTER #476,"I-74, EXIT 32 & SR-17",Woodhull,IL,270,3.899000,,
4860,PILOT TRAVEL CENTERS #476,"I-74, EXIT 32 & SR-17",Woodhull,IL,270,3.899000,,
4872,TA COMMERCE TRAVEL CENTER,"I-85, EXIT 149 & US-441",Commerce,GA,16,3.215667,,
4874,PWI #110,"I-20, EXIT 112 & FM-1936",Odessa,TX,710,3.049000,,
4878,SHELL DBA ONE9 #1426,"I-84, EXIT 35",Nampa,ID,785,3.374000,,
4881,PETRO STOPPING CENTER #14,"I-295, EXIT 56",Bordentown,NJ,230,4.029000,,
4885,LOVES TRAVEL STOP #384,"I-70, EXIT 45",Greenville,IL,540,3.689000,,
4885,LOVES TRAVEL STOP #384,"I-70, EXIT 45",Greenville,IL,540,3.749000,,
4885,LOVES TRAVEL STOP #384,"I-70, EXIT 45",Greenville,IL,540,3.689000,,
4885,LOVES TRAVEL STOP #384,"I-70, EXIT 45",Greenville,IL,540,3.689000,,
4885,LOVES TRAVEL STOP #384,"I-70, EXIT 45",Greenville,IL,540,3.689000,,
4885,LOVES TRAVEL STOP #384,"I-70, EXIT 45",Greenville,IL,540,3.749000,,
4887,SUNOCO,"I-80 & I-90, EXIT 3",Wauseon,OH,550,3.699000,,
4894,CLOVERDALE TRAVEL PLAZA,"I-70, EXIT 41 & US-231",Cloverdale,IN,375,3.699000,,
4905,HY-MILER #2204,SR-250,Sandusky,OH,550,3.532333,,
4909,CIRCLE K #2723916,US-441/US-301/US/27/SR-500,Ocala,FL,140,3.459000,,
4910,PILOT TRAVEL CENTER #892,"I-70 EXIT 164, & US-50",Green River,UT,835,3.685667,,
4918,PILOT TRAVEL CENTERS #219,"I-40, EXIT 398",Knoxville,TN,405,3.699000,,
4920,TA LAPLACE,"I-10, EXIT 209 & US-5",La Place,LA,600,3.227333,,
4921,PILOT TRAVEL CENTERS #231,"I-75, EXIT 29",Corbin,KY,410,3.609000,,
4927,CIRCLE K #2704886,"I-65, EXIT 205 & US-31/SR-22",Clanton,AL,720,3.207333,,
4933,VILLAGE TRUCK STOP,"I-81, EXIT 18",Rural Retreat,VA,185,3.299000,,
4977,KWIK TRIP #331,SR-54,Wisconsin Rapids,WI,395,3.262333,,
4981,JOHNNYS MARKET,"I-94, EXIT 110 & US-27",Marshall,MI,385,3.499000,,
4983,KWIK TRIP #603,"I-94, EXIT 28 & SR-128",Wilson,WI,451,3.549000,,
4996,ZIP TRIP #54,"I-90, EXIT 452",Billings,MT,780,3.590667,,
5003,TRAILWAY TRUCK STOP,US-301/SR-304,Centreville,MD,22,3.259000,,
5006,SUNOCO,US-1/US-9,Linden,NJ,79,3.799000,,
5024,I 55 MOTOR PLAZA,"I-55,  EXIT 180",Pevely,MO,540,2.990667,,
5030,YESWAY #1030,US-63 & E MARY ST,Ottumwa,IA,320,3.399000,,
5044,TA MOUNT VERNON TRAVEL CENTER,"I-44, EXIT 46 & SR-39/SR265",Mount Vernon,MO,535,3.409000,,
5050,ROCK PORT TRUCK PLAZA,"I-29 & US-136, EXIT 110",Rock Port,MO,400,3.099000,40.4767637,-93.0184556
5056,TREX MART #16,"I-35, EXIT, 61 & US-69",Winston,MO,276,3.119000,,
5057,PHILLIPS 66,"I-35, EXIT 54 & I-35 BUS/US-36",Cameron,MO,276,3.099000,,
5060,CRAZY FREDS TRUCK SHOP,"I-40, EXIT 44 & US-66",Kingman,AZ,910,3.539000,,
5064,CLARK OIL #44,"I-59, EXIT 97",Laurel,MS,620,2.879000,,
5079,FASTLANE TAYLOR 63,US-61 & SR-6,Taylor,MO,494,3.015667,,
5085,K AN T TRUCKSTOP,"I-79, EXIT 137 & SR-310",Fairmont,WV,165,3.399000,39.4161999,-80.0698564
5111,CIRCLE K #2723385,"I-59, EXIT 67 & US-49/SR-42",Hattiesburg,MS,620,3.149000,31.3464567,-89.3159613
5117,CIRCLE K #4702361,"I-65, EXIT 130 & SR-334",Whitestown,IN,375,3.292333,,
5128,CASEYS #2769,"I-80, EXIT 220 & SR-149",Williamsburg,IA,380,3.142333,,
5131,TRAILS END TRUCK STOP,"I-29, EXIT 110 & US-136",Rock Port,MO,486,3.405667,,
5132,Travel Centers of America,"I-44, EXIT 208 & SR-19",Cuba,MO,574,3.265667,,
5160,FUEL MART #727,"I-70, EXIT 193",Quaker City,OH,249,3.165667,,
5163,Blue Sky #733,"US-78, EXIT 81 & SR-178",Belden,MS,742,2.939000,,
5165,ONE9 #046,"I-65, EXIT 6 & SR-100",Franklin,KY,415,3.085667,36.7189330,-86.5423546
5167,SPEEDWAY #7575,"I-65, EXIT 255",Hobart,IN,290,3.632333,,
5170,FLYING J #516,"I-76, EXIT 161 & I-70",Breezewood,PA,14,5.099000,,
5183,PETRO STOPPING CENTER #74,I-95 & EXIT 106,Kenly,NC,205,3.709000,,
5191,NORTH POINT PLAZA,"I-90 & I-94, EXIT 115",Poynette,WI,420,3.172333,,
5202,Chevron #306185,US-30,Montpelier,ID,825,3.699000,,
5203,OASIS TRAVEL CENTER,"I-10, EXIT 53",Robertsdale,AL,715,3.469000,,
5207,JJ TRAVEL PLAZA,"I-70, EXIT 70 & US-83",Oakley,KS,525,3.615667,,
5227,PILOT TRAVEL CENTERS #900,"I-95, EXIT 75",Dunn,NC,205,3.709000,,
5230,ONE9 #496,"I-80, EXIT 265",Atalissa,IA,270,3.015667,,
5232,CM EUNICE,US-190,Eunice,LA,730,3.399000,,
5234,SINCLAIR,SR-37,Monett,MO,277,3.290667,,
5236,FLYING J #875,"I-95,  EXIT 109",Elkton,MD,243,4.199000,,
5245,CASEYS #3842,US-36 & US-283,Norton,KS,357,3.157333,,
5247,EDGERTON TRAVEL PLAZA,"I-90, EXIT 160 & US-51",Edgerton,WI,420,3.199000,42.8600230,-89.0580206
5249,Taylor's Stateline Travel Center,US-67 & SR-278,Neelyville,MO,275,2.999000,,
5254,TA CANDLER TRAVEL CENTER,"I-40, EXIT 37",Candler,NC,210,3.799000,,
5255,7-ELEVEN #35788,"I-35, EXIT 215",Olathe,KS,400,3.339000,,
5258,PT TRUCK STOP,"I-12, EXIT 42",Hammond,LA,623,3.249000,,
5282,CASEYS #3548,US-54 & US-61,Pratt,KS,357,3.140667,,
5285,TULLO TRUCK STOP,"I-95, EXIT 15E & US-1/US-9",Kearny,NJ,79,3.799000,,
5297,ERNIES TRUCK STOP,"I-90,  EXIT 179 & I-90 BUS/SR-17",Moses Lake,WA,920,3.999000,,
5297,ERNIES TRUCK STOP,"I-90,  EXIT 179 & I-90 BUS/SR-17",Moses Lake,WA,920,3.949000,,
5297,ERNIES TRUCK STOP,"I-90,  EXIT 179 & I-90 BUS/SR-17",Moses Lake,WA,920,4.179000,,
5299,Sudden Service #62,"I-65, EXIT 6 & SR-100",Franklin,KY,460,3.084000,36.7189330,-86.5423546
5302,ONE9 #258,"I-81, EXIT 150 & US-220 ALT & US-11",Troutville,VA,185,3.032333,,
5306,PILOT TRAVEL CENTERS #11,"I-76, EXIT 232",North Lima,OH,573,3.799000,,
5309,NEWBORN TRUCK STOP,I-20 EXIT 5,Tallapoosa,GA,48,3.407333,,
5310,FLYING J #576,"I-35, EXIT 69",Northfield,MN,515,3.859000,,
5324,HY-MILER #2245,SR-53,Fremont,OH,550,3.382333,,
5341,KWIK STAR #1160,"US-75, EXIT 118 & SR-3",Le Mars,IA,408,3.299000,,
5349,JET FOOD STORE #17,US-1/SR=4/SR-540 & US-220/SR-47,Wrens,GA,135,3.415667,,
5363,SPEEDWAY #6767,"I-75, EXIT 20",Manheim,PA,70,4.499000,,
5389,FLYING J TRAVEL PLAZA #744,"I-15, EXIT 343",Ogden,UT,835,3.749000,,
5391,PWI #605,"I-10, EXIT 378",San Simon,AZ,640,2.959000,,
5399,FLYING J TRAVEL PLAZA #750,"I-81 & I-77, EXIT 80",Max Meadows,VA,185,3.549000,,
5407,CASEYS #4535,US 81,Concordia,KS,570,2.912333,,
5414,One9 #1216,"I-10 ,EXIT 200 & SR-84",Eloy,AZ,930,3.199000,,
5414,Pride Travel Center dba One9 #1216,"I-10 ,EXIT 200 & SR-84",Eloy,AZ,930,3.199000,,
5419,USA TRAVEL CENTER,"I-40, EXIT 48 & US-93",Kingman,AZ,910,3.399000,,
5422,K AND H TRUCK PLAZA,"I-57, EXIT 283 & US-24",Gilman,IL,290,3.159000,,
5422,K AND H TRUCK PLAZA,"I-57, EXIT 283 & US-24",Gilman,IL,290,3.099000,,
5424,WK TRUCK STOP,"US-231 & SR-9001, EXIT 75",Beaver Dam,KY,340,3.399000,,
5435,MEADE AUTO AND TRUCK PLAZA,US-54,Meade,KS,525,3.799000,,
5436,PARKWAY MARATHON,"US-79, EXIT 94",Caneyville,KY,415,3.732333,,
5446,PETRO STOPPING CENTER #308,"I-20, EXIT 8 & SR-526",Shreveport,LA,745,3.175667,,
5462,BOOZER KWIK STOP,"I-15, EXIT 118",Idaho Falls,ID,825,3.447333,,
5464,PILOT TRAVEL CENTERS #48,"I-65, EXIT 86",Glendale,KY,415,3.609000,,
5474,One9 #88,"I-95/SR-9, EXIT 201 & SR-520",Cocoa,FL,143,3.375667,,
5477,CHEVRON #383766,"I-5, EXIT 216",Halsey,OR,935,3.099000,,
5479,PILOT TRAVEL CENTERS #94,"I-75, EXIT 161",Punta Gorda,FL,225,3.799000,,
5479,PILOT TRAVEL CENTER #94,"I-75, EXIT 161",Punta Gorda,FL,225,3.799000,,
5491,49ER FUEL CENTER,"I-75, EXIT 49",East Bernstadt,KY,410,2.999000,,
5492,BFS FOODS #68,"I-70, EXIT 3",Hancock,MD,22,4.129000,,
5522,ONE9 #301,"I-55,  EXIT 40",Marston,MO,275,3.109000,,
5523,TA LIMON TRAVEL CENTER,"I-70, EXIT 359 & US-24",Limon,CO,800,3.920667,,
5529,FLYING J #549,"I-77, EXIT 100 & 101",Mount Airy,NC,65,3.599000,,
5537,HUCKS TRAVEL CENTER #51 DBA FLYING J #889,"I-57/I-64, EXIT 95 & SR-15",Mount Vernon,IL,574,3.459000,,
5537,HUCKS TRAVEL CENTER #51 dba FLYING J #889,"I-57/I-64, EXIT 95 & SR-15",Mount Vernon,IL,574,3.499000,,
5537,HUCKS TRAVEL CENTER #51 DBA FLYING J #889,"I-57/I-64, EXIT 95 & SR-15",Mount Vernon,IL,574,3.359000,,
5537,HUCKS TRAVEL CENTER #51 DBA FLYING J #889,"I-57/I-64, EXIT 95 & SR-15",Mount Vernon,IL,574,3.599000,,
5537,HUCKS TRAVEL CENTER #51 dba FLYING J #889,"I-57/I-64, EXIT 95 & SR-15",Mount Vernon,IL,574,3.399000,,
5554,Southfork TRUCK STOP,"I-30, EXIT 63 & SR-53",Gurdon,AR,635,3.459000,33.9347575,-93.1531340
5560,MIDWAY TRAVEL PLAZA,I-70 EXIT 121 & US-40,Columbia,MO,310,3.539000,,
5569,TA EXPRESS NORWOOD #0450,US-60,Norwood,MO,535,3.449000,,
5570,PETRO STOPPING CENTER #310,"I-12, EXIT 40 & US-51 BUS",Hammond,LA,725,3.249000,,
5579,SAPP BROS TRAVEL CENTER,US-30,Columbus,NE,486,3.219000,,
5592,TA COLUMBIA NORTH,"I-20, EXIT 71 & US-21",Columbia,SC,46,3.439000,,
5597,CM LAKE CHARLES FUEL STOP 36,"I-10, EXIT 36 & SR-397",Lake Charles,LA,690,3.299000,,
5601,BP,"I-24, EXIT 16",Paducah,KY,490,3.429000,,
5603,TA NORTH CANTON TRAVEL CENTER,"I-77, EXIT 111",North Canton,OH,249,3.624000,,
5606,FLYING J #511,"I-94, EXIT 147",Mandan,ND,273,3.952333,,
5607,RICE MART,"I-45 & FM 1603, EXIT 238",Rice,TX,630,3.019000,,
5608,SHOP A LOTT  #3,US-84 & US-171,Mansfield,LA,766,3.135667,,
5613,CHEVRON #381108,"I-82, EXIT 36",Yakima,WA,925,3.999000,,
5618,MCCLURE OIL #52,"I-65/US-52, EXIT 140 & SR-32",Lebanon,IN,375,3.584000,,
5649,Fast Stop,"I-10, EXIT 182 & SR-22",Sorrento,LA,623,3.699000,,
5651,LOVES TRAVEL STOP #303,"I-64, EXIT 43 & SR-395",Waddy,KY,415,3.749000,38.1780102,-85.0674680
5659,TEX-BEST #526,US-59 & US-281,George West,TX,625,3.299000,,
5660,Pride Convenience Store,"I-90, EXIT 51 & I-291",Chicopee,MA,100,3.509000,,
5661,TA Express #287,"I-40, EXIT 288 & SR-111",Cookeville,TN,460,3.299000,,
5667,PILOT TRAVEL CENTERS #393,"I-40, EXIT 24 & SR-209",Waynesville,NC,210,3.759000,,
5669,KWIK TRIP #497,I-90 EXIT 266 & CR-12,Dakota,MN,515,3.474000,,
5670,TA MOUNT VERNON TRAVEL CENTER,"I-57 & I-64, EXIT 95",Mount Vernon,IL,574,3.449000,,
5670,TA MOUNT VERNON TRAVEL CENTER,"I-57 & I-64, EXIT 95",Mount Vernon,IL,574,3.499000,,
5670,TA MOUNT VERNON TRAVEL CENTER,"I-57 & I-64, EXIT 95",Mount Vernon,IL,574,3.539000,,
5674,TA MADISON TRAVEL CENTER,"I-20, EXIT 114 & US-441",Madison,GA,16,3.890667,,
5677,YESWAY #1178,CR-13,Kadoka,SD,506,3.189000,,
5691,Pilot Travel Center #666,"I-94, EXIT 30",Benton Harbor,MI,465,3.059000,,
5700,BEACON & BRIDGE #18,US-131 BUS,Big Rapids,MI,456,3.559000,,
5700,BEACON & BRIDGE #18,US-131 BUS,Big Rapids,MI,456,3.319000,,
5700,BEACON & BRIDGE #18,US-131 BUS,Big Rapids,MI,456,3.339000,,
5718,TOOT N TOTUM #104,US-287,Dalhart,TX,585,3.199000,,
5721,TA BALTIMORE SOUTH TRAVEL CENTER,"I-95, EXIT 41A & SR-175 & US-1",Jessup,MD,22,4.599000,,
5729,MENOMONIE FARMERS UNION,"I-94, EXIT 45 & CR-B",Menomonie,WI,295,3.649000,,
5730,SCOTTS QUICK STOP,SR-53 & SR-46,Marlette,MI,342,3.399000,,
5739,PILOT TRAVEL CENTERS #284,"I-75, EXIT 18",Monroe,MI,325,3.399000,,
5739,PILOT TRAVEL CENTERS #284,"I-75, EXIT 18",Monroe,MI,325,3.299000,,
5739,PILOT TRAVEL CENTERS #284,"I-75, EXIT 18",Monroe,MI,325,3.559000,,
5739,PILOT TRAVEL CENTERS #284,"I-75, EXIT 18",Monroe,MI,325,3.249000,,
5739,PILOT TRAVEL CENTERS #284,"I-75, EXIT 18",Monroe,MI,325,3.439000,,
5751,TA LAKE PARK TRAVEL CENTER,"I-75,  EXIT 2",Lake Park,GA,20,3.315667,,
5754,ROAD TRIP OASIS PERRY,"I-69, EXIT 105 & SR-52",Perry,MI,406,3.799000,,
5754,ROAD TRIP OASIS PERRY,"I-69, EXIT 105 & SR-52",Perry,MI,406,3.699000,,
5758,SPEEDY Q MARKET #8206,"I-94, EXIT 274",Port Huron,MI,325,3.899000,,
5770,Kwik Trip # 1281,"I-43, EXIT 107",Belgium,WI,444,3.255667,,
5771,DUNES AUTO TRUCK PLAZA,"I-94, EXIT 12",Sawyer,MI,465,3.499000,,
5771,DUNES AUTO TRUCK PLAZA,"I-94, EXIT 12",Sawyer,MI,465,3.599000,,
5774,PJ TRAVEL PLAZA,"I-80, EXIT 192 & SR-880",Loganton,PA,138,3.479000,,
5780,BILLS TRUCKSTOP,"I-85, EXIT 86",Linwood,NC,65,3.449000,,
5799,STAPLES OIL,"I-90, EXIT 146",Alden,MN,425,3.299000,,
5801,TA WYTHEVILLE TRAVEL CENTER,"I-81, EXIT 72 & I-77, EXIT 41",Wytheville,VA,185,3.519000,,
5821,TA PORTLAND TRAVEL CENTER,"I-5,  EXIT 278",Aurora,OR,935,4.032333,,
5823,ENMARKET #863,"I-95, EXIT 8 & SR-88",Hardeeville,SC,195,3.082333,,
5830,115 TRUCKSTOP #5001,"I-94, EXIT 115",Marshall,MI,431,3.429000,,
5830,115 TRUCKSTOP #5001,"I-94, EXIT 115",Marshall,MI,431,3.499000,,
5830,115 TRUCKSTOP #5001,"I-94, EXIT 115",Marshall,MI,431,3.589000,,
5842,PETRO STOPPING CENTER #6367,"I-57,  EXIT 335",Monee,IL,290,3.459000,,
5842,PETRO STOPPING CENTER #6367,"I-57,  EXIT 335",Monee,IL,290,3.499000,,
5842,PETRO STOPPING CENTER #6367,"I-57,  EXIT 335",Monee,IL,290,3.399000,,
5860,SPEEDWAY #4610,"I-35, EXIT 59 & SR-21",Faribault,MN,448,3.759000,,
5873,SOUTHERN VALLEY COOP,ST 14 BYPASS,Mankato,MN,425,3.499000,,
5901,ROTHSAY TRUCK STOP,"I-94, EXIT 38",Rothsay,MN,341,3.209000,,
5903,Circle K #2746447,I-94/US-52 EXIT 127 & US-71/SR-28,Sauk Centre,MN,250,3.189000,45.7572067,-94.9381306
5907,SPEEDWAY #4035,CR-101,Shakopee,MN,448,3.599000,,
5909,SINCLAIR,"I-90, EXIT 233",Saint Charles,MN,515,3.529000,,
5927,HARRISONBURG TRAVEL CENTER,"I-81,  EXIT 243 & US-11",Harrisonburg,VA,185,2.899000,,
5935,WESTHAMPTON VALERO,I-295 EXIT 47A,Mount Holly,NJ,160,3.329000,,
5942,EXPRESS MART TRUCK STOP,"I-55, EXIT 185 & US-67/US-61",Barnhart,MO,540,2.997333,,
5944,LAKE MILLS TRAVEL PLAZA,"I-94, EXIT 259 & SR- 89/CR-G",Lake Mills,WI,420,3.360667,,
5946,PILOT TRAVEL CENTERS #918,I-90 EXIT 55,Rapid City,SD,506,3.999000,,
5949,EXXON,US-59 & LOOP 151,Texarkana,TX,723,3.165667,33.3949356,-94.0996329
5951,ROAD RANGER #157,I-64 EXIT 41,Okawville,IL,540,3.799000,,
5963,OZONA ONE STOP,"I-10, EXIT 372",Ozona,TX,710,2.982333,,
5965,TRUCK TOWNE,I-29 EXIT 47 & SR-46,Beresford,SD,572,3.159000,,
5971,WACO TRAVEL CENTER,SR-19,Perry,FL,20,3.699000,,
5979,TA LAFAYETTE TRAVEL CENTER,"I-10 & SR-182, EXIT 101",Lafayette,LA,600,3.134000,29.7964477,-91.5122100
5980,THRIFT MART TRUCK PLAZA,"I-85/US-460, EXIT 63A & US-1/US-460 BUS",Petersburg,VA,180,3.199000,,
5990,360 TRUCK STOP,US-360,Amelia Court House,VA,180,3.599000,,
5996,Fast Stop Travel Centers #1134,"I-80/US-30, EXIT 99 & US-191/SR-373",Rock Springs,WY,827,3.499000,,
5999,PILOT TRAVEL STOP #492,"I-30, EXIT 78 & SR-7",Arkadelphia,AR,635,3.559000,,
5999,PILOT TRAVEL CENTER #492,"I-30, EXIT 78 & SR-7",Arkadelphia,AR,635,3.499000,,
6001,ALLSUPS #2392,US-70 & US-285,Roswell,NM,700,3.199000,,
6009,CASEYS #2652,US-65 & US-36,Chillicothe,MO,400,3.289000,,
6010,SEGOVIA TRUCK STOP,"I-10, EXIT 465",Junction,TX,739,2.999000,,
6018,TA BLOOMINGTON TRAVEL CENTER,"I-55, I-74 & I-39 , EXIT 160",Bloomington,IL,280,3.619000,,
6018,TA BLOOMINGTON TRAVEL CENTER,"I-55, I-74 & I-39 , EXIT 160",Bloomington,IL,280,3.649000,,
6018,TA BLOOMINGTON TRAVEL CENTER,"I-55, I-74 & I-39 , EXIT 160",Bloomington,IL,280,3.599000,,
6018,TA BLOOMINGTON TRAVEL CENTER,"I-55, I-74 & I-39 , EXIT 160",Bloomington,IL,280,3.449000,,
6018,TA BLOOMINGTON TRAVEL CENTER,"I-55, I-74 & I-39 , EXIT 160",Bloomington,IL,280,3.539000,,
6033,EMERY'S,US-54,Deerfield,MO,277,3.349000,,
6037,CRYSTAL OIL,"I-129/US-20/US-75,  EXIT 2",South Sioux City,NE,527,3.549000,,
6041,COCKERHAM FUEL CENTER #4,"I-77, EXIT 14 & US-58/US-221",Hillsville,VA,185,3.282333,,
6047,FAST LANE #26,US-61,Eolia,MO,494,3.099000,,
6051,CIRCLE K #2709846,"I-25, EXIT 240",Longmont,CO,800,3.057333,,
6057,PILOT TRAVEL CENTER #903,"I-70/US-40, EXIT 252",Salina,KS,523,3.759000,,
6057,PILOT TRAVEL CENTERS #903,"I-70/US-40, EXIT 252",Salina,KS,523,3.779000,,
6058,MOTOR INN AUTO TRUCK STOP,I-75 EXIT 110,Mendon,OH,370,3.199000,,
6068,AYERCO #24,US-61 & CR MM,Hannibal,MO,494,3.099000,37.8672905,-89.9508787
6082,Palmetto Truck Plaza,US-27/SR-25 & SR-826,Hialeah,FL,95,3.399000,,
6083,BP,"I-35, EXIT 33",Holt,MO,400,3.049000,,
6087,BREAK TIME #3173,US-54 & CR-HH,Fulton,MO,310,3.299000,,
6093,ONE9 #901,"I-80 & US-183, EXIT 257",Elm Creek,NE,330,2.965667,,
6096,Waverly Travel Center,US-23,Waverly,OH,315,3.415667,,
6097,SAPP BROS TRAVEL CENTER,"I-80, EXIT 263",Elm Creek,NE,330,3.187333,,
6106,TA HUNTINGTON,"I-84, EXIT 353",Huntington,OR,982,3.639000,,
6111,HAWGS EXXON,US-167/SR-25,Batesville,AR,418,3.359000,,
6150,CIRCLE K #2723707,"I-81,  EXIT 150",Troutville,VA,65,3.065667,,
6154,TA MOBILE TRAVEL CENTER,"I-10,  EXIT 4",Grand Bay,AL,715,3.135667,,
6164,PILOT TRAVEL CENTER #268,"I-80/US-6, EXIT 284",Walcott,IA,270,3.859000,,
6164,PILOT TRAVEL CENTERS #268,"I-80/US-6, EXIT 284",Walcott,IA,270,3.885667,,
6165,TEMP STOP #117,I-70 & GRAIN VALLEY RD EXIT 24,Grain Valley,MO,400,2.959000,,
6167,PILOT TRAVEL CENTERS #167,US-71,Nevada,MO,277,3.495667,,
6172,SPEEDWAY #2319,"I-96, EXIT 77",Portland,MI,431,3.699000,,
6172,SPEEDWAY #2319,"I-96, EXIT 77",Portland,MI,431,3.549000,,
6173,PILOT TRAVEL CENTERS #21,"I-94, EXIT 167",Dexter,MI,325,3.659000,,
6173,PILOT TRAVEL CENTERS #21,"I-94, EXIT 167",Dexter,MI,325,3.599000,,
6173,PILOT TRAVEL CENTERS #21,"I-94, EXIT 167",Dexter,MI,325,3.579000,,
6173,PILOT TRAVEL CENTERS #21,"I-94, EXIT 167",Dexter,MI,325,3.649000,,
6175,ONVO TRAVEL PLAZA - MIFFLINTOWN,US-322/US-22 & SR-35,Mifflintown,PA,138,3.479000,,
6179,HENDERSON TRAVEL PLAZA,"I-10, EXIT 115 & SR-347",Breaux Bridge,LA,690,3.385667,,
6180,Circle #4703923,"I-24, EXIT 180B & US-27",Chattanooga,TN,285,2.785667,,
6182,Exxon,"I-20, EXIT 205 & SR-46",Heflin,AL,587,3.015667,,
6188,SIGNAL FOOD STORE #112,US-65 & SR-J,Ozark,MO,535,2.999000,,
6198,DAVIS TRAVEL CENTER #102,"I-95/US-301, EXIT 33 & SR-602",Stony Creek,VA,180,3.065667,,
6200,KWIK FILL #388,"I-80, EXIT 29 & SR-8",Harrisville,PA,165,3.404000,,
6206,PETRO PORTAGE,"I-90 & I-94, EXIT 108-A",Portage,WI,420,3.807333,,
6212,MR FUEL,"I-55, EXIT 180",Pevely,MO,540,3.015667,,
6214,PIONEER Travel Plaza,"I-41, EXIT 60 & SR-145",Richfield,WI,444,3.215667,43.0980400,-87.9867525
6215,FUEL HUB,"I-87, EXIT 21B",West Coxsackie,NY,12,3.599000,,
6218,LOVES TRAVEL STOP #215,"I-40, EXIT 16 & US-40 BUS/US-66",Gallup,NM,580,3.437333,,
6219,SCHATZ CROSSROADS,US-2 /US-52,Minot,ND,452,3.549000,,
6221,LOVES TRAVEL STOP #214,I-10 EXIT 37,El Paso,TX,640,3.075667,,
6222,QUIKTRIP #236,"I-29/US-71, EXIT 18 & SR-92",Platte City,MO,400,2.999000,,
6227,MARLOWS FUEL CENTER,"I-20, EXIT 479",Dallas,TX,630,3.240667,,
6229,FUEL MART #764,"I-70, EXIT 66 & SR- 54",South Vienna,OH,315,3.129000,,
6232,OASIS TRUCK STOP,"I-44 & SR-133, MM 145",Richland,MO,416,3.324000,,
6242,TA FORISTELL TRAVEL CENTER,"I-70, EXIT 203",Foristell,MO,540,3.019000,,
6243,GARDEN INN TRAVEL PLAZA,US-60/US-63,Cabool,MO,535,3.299000,,
6251,BREAUX BRIDGE VALERO #1408,"I-10 & SR-347, EXIT 115",Breaux Bridge,LA,730,3.499000,,
6252,PILOT TRAVEL CENTERS #12,I-80 & I-90 EXIT 71,Perrysburg,OH,550,3.759000,,
6258,CASEYS #6342,"I-29, EXIT 144 & US-169",Saint Joseph,MO,400,3.169000,39.3543470,-94.5840570
6271,TA DENTON TRAVEL CENTER,"I-35, EXIT 471 & US-77",Denton,TX,630,3.254000,,
6275,TA SEATTLE EAST TRAVEL CENTER,"I-90, EXIT 34",North Bend,WA,962,3.959000,,
6275,TA SEATTLE EAST TRAVEL CENTER,"I-90, EXIT 34",North Bend,WA,962,3.899000,,
6275,TA SEATTLE EAST TRAVEL CENTER,"I-90, EXIT 34",North Bend,WA,962,3.859000,,
6284,7-ELEVEN #40513,I-90/80-IN TOLL RD MM 22W,Portage,IN,365,3.999000,,
6286,APPLE MARKET #526,"I-64, EXIT 94",Winchester,KY,410,2.915667,,
6290,FUEL KING NAPOLEON TRAVEL CENTER,"US-6/US-24/SR/CR-3, EXIT 41",Napoleon,OH,550,3.439000,,
6293,PETRO STOPPING CENTER #313,"I-40, EXIT 79",Milan,NM,580,3.570667,,
6296,GRAY TRUCK STOP,US-71/US-136,Maryville,MO,400,3.265667,,
6299,HWY 34 TRUCKSTOP,"US-34, EXIT 258",West Burlington,IA,345,3.374000,,
6305,I-95 Fuel Stop,"I-95, EXIT 126 & US-17/US-1",Fredericksburg,VA,180,3.264000,,
6307,QUIKTRIP #608,"I-70, MID RIVERS MALL",Saint Peters,MO,540,2.904000,38.7950325,-90.6129201
6308,Pilot Travel Centers #354,"I-64, EXIT 28",Simpsonville,KY,415,3.759000,,
6309,WINNERS CIRCLE #1,"I-30 & US-270, EXIT 98A",Malvern,AR,695,3.352333,,
6310,CIRCLE K #2707515,US-27/SR-25 & US-98/US-700/SR-700/SR-66,Sebring,FL,140,3.389000,27.4291329,-81.4180424
6315,AYERCO #25,US-24,Taylor,MO,494,3.015667,,
6318,Chisholm Corner #15,"I-35, EXIT 72 & US-19",Pauls Valley,OK,569,3.387333,,
6326,KANZA TRAVEL PLAZA,"I-35, EXIT 231 AND US-177",Braman,OK,500,3.027333,,
6327,PETRO STOPPING CENTER #312,"I-40 & I-75, EXIT 369",Knoxville,TN,405,3.425667,35.9915207,-83.9687946
6330,TA EDINBURG TRAVEL CENTER,I-69C/US-281 & FM-2812,Edinburg,TX,639,3.010667,26.3856056,-98.1443602
6334,231 PLAZA AND TRUCK STOP,US-231/SR-75 & SR-20,Youngstown,FL,20,3.494000,30.4356719,-85.4271599
6341,TA RAWLINS TRAVEL CENTER,"I-80, EXIT 214",Rawlins,WY,795,3.722333,,
6346,SPEEDWAY #4710,US-71/SR-60,Windom,MN,425,3.299000,,
6351,FLYING J TRAVEL PLAZA #608,"I-10, EXIT 1",Ehrenberg,AZ,930,3.959000,,
6356,CIRCLE K #2721536,ST 6 EAST,Batesville,MS,435,3.240667,,
6370,TA ROCKWALL TRAVEL CENTER,"I-30/US-67, EXIT 68 & SR-205",Rockwall,TX,630,3.137333,,
6374,TA ELGIN WEST TRAVEL CENTER,I-90 &  US-20,Hampshire,IL,290,3.459000,,
6374,TA ELGIN WEST TRAVEL CENTER,I-90 &  US-20,Hampshire,IL,290,3.539000,,
6374,TA ELGIN WEST TRAVEL CENTER,I-90 &  US-20,Hampshire,IL,290,3.599000,,
6374,TA ELGIN WEST TRAVEL CENTER,I-90 &  US-20,Hampshire,IL,290,3.499000,,
6374,TA ELGIN WEST TRAVEL CENTER,I-90 &  US-20,Hampshire,IL,290,3.469000,,
6387,FLYING J FRANCHISE #966,"I-80, EXIT 229",Battle Mountain,NV,966,3.792333,,
6391,TOOT N TOTUM #106,US-287,Dumas,TX,585,3.005667,35.8655398,-101.9692733
6393,PILOT TRAVEL CENTER #478,"I-64, EXIT 92",Leavenworth,IN,415,3.959000,,
6393,PILOT TRAVEL CENTERS #478,"I-64, EXIT 92",Leavenworth,IN,415,3.959000,,
6401,CIRCLE K #2723457,"I-10, EXIT 34-B",Gulfport,MS,715,2.989000,,
6434,AMPRIDE ALL ROUND TRUCK STOP,US-20,Fort Dodge,IA,343,3.299000,,
6441,GRAND OIL,"I-75, EXIT 41 & SR-80",London,KY,410,3.499000,,
6442,CLARK OIL #49,US-84,Laurel,MS,620,2.999000,,
6448,CIRCLE K #2723392,"I-59, EXIT 97 & US-84",Laurel,MS,620,2.952333,,
6462,ARCO #471770,US-281 & SR-5,Dunseith,ND,452,3.499000,,
6468,TA SAYRE TRAVEL CENTER,"I-40 & CEMETARY RD, EXIT 26",Sayre,OK,483,3.064000,,
6480,FLYING J #934,"I-84, EXIT 265",La Grande,OR,982,3.535667,,
6492,FLICKS,US-49,Richland,MS,760,2.999000,,
6496,SPEEDY EXPRESS #38,"I-35, EXIT 305",Mathis,TX,625,3.199000,,
6502,SQUAW CREEK TRAVEL PLAZA,"I-29, EXIT 79 & US-159",Forest City,MO,400,3.339000,,
6517,HARDYS #5,"I-80, EXIT 4   4",Wendover,UT,835,3.499000,,
6518,TOWN PUMP FOOD STORE #310,"I-15, EXIT 164",Boulder,MT,816,3.559000,,
6526,TULIP CITY TRUCK STOP,"I-196 & SR-40, EXIT 49",Holland,MI,344,3.739000,,
6527,ZIP TRIP #50,"I-90, EXIT 426",Park City,MT,780,3.584000,,
6547,FLYING J TRAVEL PLAZA #762,"I-90, EXIT 126 & SR-59",Gillette,WY,836,3.899000,,
6562,PILOT #1323,"I-29, EXIT 35",Faucett,MO,400,3.272333,,
6563,Road Ranger #282,"I-35, EXIT 500",Gainesville,TX,630,3.175667,,
6564,FLYING J FRANCHISE #970,US-395,Pasco,WA,925,4.599000,,
6565,TA Greeneville Travel Center,"I-81,  EXIT 36",Greeneville,TN,405,3.552333,,
6567,YELLOWSTONE TRUCK SHOP,"I-90, EXIT 330",Livingston,MT,786,3.649000,,
6577,AC & T TRAVEL CENTER,"I-81, EXIT 5 W",Hagerstown,MD,70,3.659000,,
6578,PILOT TRAVEL CENTER #909- TOWN PUMP,"I-15 & US-2, EXIT 363",Shelby,MT,815,3.635667,48.5524955,-109.6611084
6588,TOWN PUMP FOOD STORE #4300,"I-90, EXIT 249",Whitehall,MT,786,3.659000,,
6593,LITTLE AMERICA TRAVEL CENTER,"I-40, EXIT 198",Flagstaff,AZ,930,3.539000,,
6607,TRANSIT TRUCK STOP,"I-97, EXIT 10",Millersville,MD,22,3.465667,,
6608,7-ELEVEN #35560,SR-16,Charlotte,NC,46,3.999000,,
6628,FLYING J TRAVEL PLAZA #682,"I-85, EXIT 150",Haw River,NC,65,3.942333,,
6632,TA SAVANNAH TRAVEL CENTER,"I-95/SR-405,  EXIT 87 & US-17/SR-25",Richmond Hill,GA,195,3.350667,,
6633,BAKER TRUCK CORRAL,"I-84, EXIT 304",Baker City,OR,982,3.425667,,
6640,PETRO STOPPING CENTER JOHNSTOWN,"I-25, EXIT 254",Johnstown,CO,800,3.427333,,
6642,TA VERO BEACH TRAVEL CENTER #197,"I-95/SR-9, EXIT 147 & SR-60",Vero Beach,FL,95,3.484000,,
6646,FAMILY EXPRESS #35 (DISCOUNT AVAILABLE),"I-65, EXIT 215 & SR-114",Rensselaer,IN,365,3.132333,,
6655,BP DBA TA ELKTON TRAVEL CENTER,"I-95,  EXIT 109B",Elkton,MD,150,4.969000,,
6659,GURNEE TRUCK STOP,US-41,Gurnee,IL,290,3.289000,,
6659,GURNEE TRUCK STOP,US-41,Gurnee,IL,290,3.379000,,
6661,TA FRANKLIN TRAVEL CENTER,"I-65, EXIT 61",Franklin,TN,460,3.839000,,
6663,TA of Mocksville,"I-40, EXIT 170 & US-601",Mocksville,NC,46,3.699000,,
6677,ROADWAY TRAVEL CENTER,"I-29, EXIT 73",Sioux Falls,SD,530,3.199000,,
6693,SAPP BROS TRAVEL CENTER,US-77,Fremont,NE,486,3.345667,,
6701,JACKS TRUCK STOP,"I-65, EXIT 304 & SR-69",Cullman,AL,615,3.999000,,
6704,FL Roberts,"I-91, EXIT 24",Whately,MA,100,3.559000,,
6716,MARATHON,"I-29/US-81, EXIT 65 & I-94 BUS/US-10",Fargo,ND,341,3.449000,,
6721,STAMART 1222,"I-29, EXIT 64",Fargo,ND,341,3.385667,,
6725,TA EXPRESS GRAND FORKS #948,"I-29, EXIT 141 & US-2",Grand Forks,ND,355,3.539000,,
6734,TOMAHAWK TRUCK STOP,"I-25, EXIT 128",Fountain,CO,803,3.299000,,
6736,EAGLEVILLE TRAVEL CENTER,"I-35 & ROUTE N, EXIT 106",Eagleville,MO,320,2.935667,,
6742,Holiday #3810,"I-94/US-52, EXIT 178 & SR-24",Clearwater,MN,453,3.220667,,
6744,FLYING J #550,US-2/US-52,Minot,ND,273,3.935667,,
6745,TIGER TRUCK STOP,"I-10, EXIT 139",Grosse Tete,LA,600,3.059000,,
6755,PETRO STOPPING CENTER #326,"I-40, EXIT 161 & SR-391",North Little Rock,AR,695,3.207333,34.7469002,-92.1272660
6760,BETTY BEAVERS TRUCKSTOP,"I-87, EXIT 32",Lewis,NY,12,3.719000,,
6760,BETTY BEAVERS TRUCKSTOP,"I-87, EXIT 32",Lewis,NY,12,3.619000,,
6765,CIRCLE C TRAVEL PLAZA,"I-95, EXIT 68 & SR-61",Walterboro,SC,195,3.079000,,
6806,Onvo Travel Plaza,"I-78/US-22, EXIT 45 & SR-863",Kutztown,PA,90,3.327333,,
6810,TA RICHMOND,"I-95, EXIT 89 & SR-802",Ashland,VA,180,3.605667,,
6811,PUMP & PANTRY #24,US-6/CR-74,Hastings,NE,330,3.399000,,
6823,PETRO STOPPING CENTER #301,"I-10, EXIT 37",El Paso,TX,640,3.124000,,
6840,PETRO DEMING,"I-10, EXIT 68",Deming,NM,640,3.385667,,
6842,FLYNNS TRUCK PLAZA,"US-20, EXIT 11 & SR-140",Shrewsbury,MA,175,3.615667,,
6845,NEBRASKALAND TIRE SHOP,"I-80, EXIT 237 & US-283",Lexington,NE,330,2.999000,,
6850,BROKEN WHEEL TRUCK STOP,"I-25, EXIT 135",Douglas,WY,790,3.759000,,
6857,TA SPARKS TRAVEL CENTER,"I-80, EXIT 19 & SR-659",Sparks,NV,966,3.899000,,
6859,PRIME STOP,US-81,Norfolk,NE,470,3.229000,,
6864,JJS TRUCK STOP,"I-30, EXIT 106",Malvern,AR,695,3.315667,,
6869,TA WHEELING TRAVEL CENTER,"I-70, EXIT 11 & CR-41",Valley Grove,WV,165,3.529000,,
6883,PILOT TRAVEL CENTERS #517,US- 22 & SR-322,Duncannon,PA,70,4.199000,,
6885,GO MART FOOD STORE #31,"I-77, EXIT 95 & SR-61",Charleston,WV,44,3.499000,,
6886,PWI #535,"I-70, EXIT 47",Palisade,CO,800,3.379000,,
6897,Speedee Mart #2890,US-20 & US-83,Valentine,NE,475,3.329000,,
6901,PRIME STOP,US-275,Wisner,NE,470,3.259000,,
6915,FLITE LINE SUNOCO,"I-95, EXIT 3",Portsmouth,NH,34,3.695667,,
6927,TORCH 85 TRUCK PLAZA,"I-85, EXIT 42",Tuskegee,AL,720,3.272333,,
6944,CROSSROADS TRUCK STOP,"I-82, EXIT 1 & US-730",Umatilla,OR,982,3.239000,,
6948,PILOT #4563,"I-8I, EXIT 77",Harrisburg,PA,70,3.869000,,
6951,ARROWHEAD TRAVEL PLAZA,"I-84, EXIT 216 & SR 331,",Pendleton,OR,982,3.259000,,
6954,BOLLA MARKET #198,SR-17MAHWA,Mahwah,NJ,115,3.585667,,
6960,FLYING J TRAVEL PLAZA #761,"I-80 & US-189, EXIT 3",Evanston,WY,835,3.699000,,
6961,LITTLE AMERICA,"I-80, EXIT 358 & I-25, EXIT 9 & US-30",Cheyenne,WY,795,3.709000,,
6962,LITTLE AMERICA TRAVEL CENTER,"I-80, EXIT 68 & SR-374",Little America,WY,835,3.525667,,
6963,Atlantis Fresh Market #553,"I-84, EXIT 1",Montague,NJ,120,3.509000,,
6968,R STORE #4513,US-41,Fond Du Lac,WI,360,3.299000,,
6970,TA Twin City East Travel Center,I-94  EXIT 4 & US-12,Hudson,WI,450,3.547333,,
6971,KWIK TRIP #1013,"I-41, EXIT 57 & SR-167",Richfield,WI,444,3.390667,,
6975,TRUCKERS INN STOP,"I-90/I-94, EXIT 132 & US-51",De Forest,WI,420,3.199000,,
6976,MOASIS TRUCK CENTER,US-41,Little Chute,WI,444,3.199000,,
6980,TA MADISON TRAVEL CENTER,"I-90/I-94/I-39, EXIT 132 & US-51",De Forest,WI,420,3.839000,,
6981,Kwik Trip #1197,"US-151, EXIT 26",Belmont,WI,335,3.564000,,
6984,TA HURRICANE TRAVEL CENTER,"I-64, EXIT 39 & SR-34",Hurricane,WV,255,3.632333,38.3965102,-82.0035222
6986,LOVES TRAVEL STOP #448,"I-5, EXIT 136B, SR-509",Tacoma,WA,977,4.589000,47.2435865,-122.4326714
6986,LOVES TRAVEL STOPS #448,"I-5, EXIT 136B, SR-509",Tacoma,WA,977,4.589000,47.2435865,-122.4326714
6987,One9 #965,"I-90, EXIT 109 & US-97",Ellensburg,WA,977,3.859000,,
6987,One9 #965,"I-90, EXIT 109 & US-97",Ellensburg,WA,977,3.839000,,
6987,One9 #965,"I-90, EXIT 109 & US-97",Ellensburg,WA,977,3.899000,,
6992,FLYING J #1169,"I-5, EXIT 99",Tumwater,WA,977,4.599000,,
6994,FLYING J FRANCHISE #967,"I-90, EXIT 286",Spokane,WA,970,4.059000,,
6994,FLYING J FRANCHISE #967,"I-90, EXIT 286",Spokane,WA,970,3.999000,,
6994,FLYING J FRANCHISE #967,"I-90, EXIT 286",Spokane,WA,970,4.029000,,
6994,FLYING J FRANCHISE #967,"I-90, EXIT 286",Spokane,WA,970,4.159000,,
6994,FLYING J FRANCHISE #967,"I-90, EXIT 286",Spokane,WA,970,3.929000,,
6999,SIMMONS TRAVEL CENTER,"I-85, EXIT 4 & SR-93/SR-903",Bracey,VA,180,3.099000,,
7003,TA ASHLAND TRAVEL CENTER,"I-95, EXIT 92 & SR-54",Ashland,VA,180,3.642333,,
7004,FRANKS TRUCKING CENTER,"I-264, EXIT 13B",Chesapeake,VA,130,3.449000,,
7005,PETRO STOPPING CENTER,"I-81 & I-64, EXIT 205",Raphine,VA,185,3.659000,,
7007,KUM & GO #0201,"I-80, EXIT 242",Coralville,IA,380,3.294000,,
7013,ERNIES TRUCK PLAZA,"I-15, EXIT 112",Beaver,UT,910,3.399000,,
7016,TA SALT LAKE CITY TRAVEL CENTER,"I-80, EXIT 99",Tooele,UT,835,3.769000,,
7018,FLYING J TRAVEL PLAZA #746,"I-15 & I-80 SR 201, EXIT 305",Salt Lake City,UT,835,3.732333,,
7023,TA AMARILLO WEST TRAVEL CENTER,"I-40, EXIT 74",Amarillo,TX,585,3.279000,,
7037,SAMS TRUCK STOP,"I-10, EXIT 138",Van Horn,TX,640,3.999000,,
7045,BUBBLE CITY TRUCK STOP,US-64,Farmington,NM,614,3.705667,,
7051,PILOT #887,US-84 & US-180,Snyder,TX,575,3.245667,,
7056,TA SWEETWATER TRAVEL CENTER,"I-20, EXIT 242",Sweetwater,TX,575,3.152333,,
7058,YESWAY #1125,"I-27, EXIT 1C",Lubbock,TX,700,2.969000,,
7059,TA BIG SPRING TRAVEL CENTER,"I-20, EXIT 177 & US-87",Big Spring,TX,612,3.699000,,
7064,SPEEDWAY #9804,"I-10, EXIT 25",El Paso,TX,640,3.415667,31.8134279,-106.5574841
7066,REFUEL #328,"I-35,  EXIT 204",San Marcos,TX,595,2.999000,,
7072,TA ANTIOCH TRAVEL CENTER,"I-24, EXIT 62",Antioch,TN,460,3.505667,,
7077,THE TENNESSEAN TRUCKSTOP,"I-65, EXIT 22 & US-31 ALT/SR-11",Cornersville,TN,460,3.799000,,
7078,TA DENMARK TRAVEL CENTER,"I-40 & SR-138, EXIT 68",Denmark,TN,435,3.539000,35.5825518,-89.0554332
7080,ONE9 #1422,"I-40, EXIT 197",Moriarty,NM,580,3.115667,,
7082,Chevron,"I-65, EXIT 6",Ardmore,TN,460,3.599000,,
7084,Holiday StationStore #2746500,US-12 & US-281,Aberdeen,SD,248,3.114000,45.4594693,-98.5154397
7087,PILOT #599,"I-90, EXIT 192 & I-90 BUS/US-83",Murdo,SD,506,3.799000,,
7088,FLYING J FRANCHISE #931,"I-90, EXIT 61",Rapid City,SD,506,3.157333,,
7092,LOVES TRAVEL STOP #445,I-90 EXIT 399 & SR 115,Sioux Falls,SD,530,3.889000,,
7095,TA MANNING TRAVEL CENTER,"I-95, EXIT 119",Manning,SC,135,3.517333,,
7106,PILOT DEALER #1163,"I-80, EXIT 42",Emlenton,PA,165,4.035667,,
7112,TA HARRISBURG TRAVEL CENTER,"I-81, EXIT 77 & SR-39",Harrisburg,PA,70,3.815667,,
7116,TA MILESBURG TRAVEL CENTER,"I-80, EXIT 158",Milesburg,PA,14,4.049000,,
7121,TA BLOOMSBURG TRAVEL CENTER,"I-80, EXIT 232",Bloomsburg,PA,138,3.957333,,
7126,SAPP BROS TRAVEL CENTER,"I-80, EXIT 120",Clearfield,PA,14,3.899000,,
7128,FLYING J #518,"I-78, EXIT 10 (PA 645)",Myerstown,PA,208,3.869000,,
7129,TA BROOKVILLE TRAVEL CENTER,"I-80 EXIT 78, & SR-36",Brookville,PA,14,4.029000,,
7131,TA BREEZEWOOD TRAVEL CENTER,"I-76 & US30, EXIT 161",Breezewood,PA,14,4.299000,,
7132,Terrible Herbst dba/One9 #1395,"I-15, EXIT 12",Jean,NV,910,3.459000,,
7135,PETRO STOPPING CENTER #336,"I-81, EXIT 52 & I-76, EXIT 226",Carlisle,PA,70,4.149000,,
7136,TA LAMAR TRAVEL CENTER,"I-80, EXIT 173 & SR-64",Lamar,PA,14,4.035667,,
7137,TA BARKEYVILLE TRAVEL CENTER,"I-80, EXIT 29 & SR-8",Harrisville,PA,165,4.044000,,
7147,JUBITZ TRAVEL PLAZA,"I-5, EXIT 307",Portland,OR,935,3.859000,,
7148,TA TROUTDALE TRAVEL CENTER,"I-84, EXIT 17",Troutdale,OR,935,3.932333,,
7154,TA OKLAHOMA CITY WEST TRAVEL CENTER,"I-40, EXIT 140",Oklahoma City,OK,483,3.302333,,
7156,TA OKLAHOMA CITY EAST TRAVEL CENTER,"I-40, EXIT 142",Oklahoma City,OK,483,3.300667,,
7166,TA London Travel Center,"I-70 & US-42, EXIT 79",London,OH,315,3.492333,,
7169,TA YOUNGSTOWN TRAVEL CENTER,"I-80 & SR 46, EXIT 223",Youngstown,OH,573,3.444000,,
7170,TRUCK WORLD TRUCKSTOP,"I-80, EXIT 234",Hubbard,OH,573,3.259000,,
7172,TA TOLEDO EAST TRAVEL CENTER,"I-80 & I-280, EXIT 71",Perrysburg,OH,550,3.780667,,
7173,SPEEDWAY #9954,"SR-17, EXIT 66",Apalachin,NY,32,3.999000,,
7173,SPEEDWAY #9954,"SR-17, EXIT 66",Apalachin,NY,32,4.099000,,
7176,TA DAYTON TRAVEL CENTER,"I-70,  EXIT 10 & US-127",Eaton,OH,317,3.400667,,
7179,JIMS TRUCK PLAZA,"I-90, EXIT 52E",Buffalo,NY,38,3.799000,,
7179,JIMS TRUCK PLAZA,"I-90, EXIT 52E",Buffalo,NY,38,3.659000,,
7180,TA HebronTravel Center,"I-70, EXIT 126 & SR-37",Hebron,OH,315,3.382333,,
7183,TA KINGSVILLE TRAVEL CENTER,"I-90, EXIT 235 & SR-193",Kingsville,OH,305,3.882333,,
7184,TA JEFFERSONVILLE EAST TRAVEL CENTER,"I-71, EXIT 65 & SR-435 & US-35",Jeffersonville,OH,315,3.327333,,
7189,S and R Truck Plaza,"I-94, EXIT 260",Jamestown,ND,390,3.585667,,
7190,Tower Travel Center,"I-94, EXIT 307",Tower City,ND,341,3.515667,,
7196,SALUDA TRUCK PLAZA,"I-26, EXIT 28",Saluda,NC,210,3.099000,,
7197,7-ELEVEN #35115,"I-90, EXIT 42",Phelps,NY,190,4.049000,,
7197,7-ELEVEN #35115,"I-90, EXIT 42",Phelps,NY,190,4.019000,,
7198,LOVES TRAVEL STOP #507,"I-85, EXIT 71",Salisbury,NC,46,3.510667,,
7212,ONVO TRAVEL PLAZA,"I-90 & RTE 22, EXIT B-3",Canaan,NY,12,3.439000,,
7212,ONVO TRAVEL PLAZA,"I-90 & RTE 22, EXIT B-3",Canaan,NY,12,3.399000,,
7213,SENECA ONE STOP,"I-90, EXIT 58",Irving,NY,38,2.899000,,
7213,SENECA ONE STOP,"I-90, EXIT 58",Irving,NY,38,2.999000,,
7215,TA FULTONVILLE TRAVEL CENTER,"I-90, EXIT 28",Fultonville,NY,12,4.039000,,
7216,ONVO TRAVEL PLAZA - LOUNSBERRY,"SR-17, EXIT 63",Nichols,NY,220,3.399000,,
7216,ONVO TRAVEL PLAZA - LOUNSBERRY,"SR-17, EXIT 63",Nichols,NY,220,3.439000,,
7220,CUMBERLAND FARMS #001662,US-9W/SR-32,Glenmont,NY,12,3.799000,42.6233108,-73.7770610
7220,CUMBERLAND FARMS #001662,US-9W/SR-32,Glenmont,NY,12,3.749000,42.6233108,-73.7770610
7222,TA SANTA ROSA TRAVEL CENTER,"I-40/US-54, EXIT 277 & US-84",Santa Rosa,NM,580,3.452333,,
7225,LOVES TRAVEL STOP #329,US-60,Clovis,NM,593,4.089000,,
7226,TA LAS CRUCES TRAVEL CENTER,"I-10, EXIT 139",Las Cruces,NM,640,3.140667,,
7227,NATIONAL TRUCK STOP,"I-10, VADO EXIT 155",Vado,NM,640,2.999000,,
7228,MAVERIK COUNTRY STORE #638,"I-40, EXIT 159D & I-25/US-85, EXIT 227",Albuquerque,NM,580,3.207333,,
7229,TA GALLUP TRAVEL CENTER,"I-40, EXIT 16 & HWY 66",Gallup,NM,580,3.432333,,
7230,DEMING TRUCK STOP,"I-10, EXIT 81",Deming,NM,640,2.899000,,
7231,TA ALBUQUERQUE TRAVEL CENTER,"I-25, EXIT 227 OR 225",Albuquerque,NM,580,3.587333,,
7234,TA BLOOMSBURY TRAVEL CENTER,"I-78/US-22, EXIT 7 & SR-173",Bloomsbury,NJ,115,3.790667,,
7237,TA COLUMBIA TRAVEL CENTER,"I-80, EXIT 4 & SR-94",Columbia,NJ,115,4.099000,,
7239,TA PAULSBORO TRAVELCENTER,"I-295, EXIT 18A",Paulsboro,NJ,150,3.999000,,
7240,Pilot Travel Centers #190,"I-78, EXIT 12 & US-22",Hampton,NJ,105,3.809000,,
7244,TA LAS VEGAS TRAVEL CENTER,"I-15, EXIT 33",Las Vegas,NV,910,3.735667,,
7248,WILD WILD WEST TRAVEL PLAZA,"I-15, EXIT 37",Las Vegas,NV,910,3.767333,,
7263,FLYING J #904,"I-80, EXIT 107",Big Springs,NE,475,3.482333,,
7264,TA GRAND ISLAND WEST TRAVEL CENTER,"I-80, EXIT 305",Alda,NE,330,3.169000,,
7265,Fast Stop Travel Centers #1151,"I-80, EXIT 164 & CR-56C",Hershey,NE,475,3.499000,,
7267,TA OGALLALA TRAVEL CENTER,"I-80, EXIT 126",Ogallala,NE,475,3.465667,,
7268,SAPP BROS TRAVEL CENTER,"I-80, EXIT 440 & SR-50, EXIT 440",Omaha,NE,486,3.280667,,
7269,GRAND ISLAND TRAVEL CENTER,"I-80, EXIT 312 & US-281/US-34",Grand Island,NE,330,3.265667,40.8871552,-98.3413426
7282,ALLTOWN FRESH,"I-87, EXIT 17N & US-9",Fort Edward,NY,12,3.759000,,
7282,ALLTOWN FRESH,"I-87, EXIT 17N & US-9",Fort Edward,NY,12,3.779000,,
7284,MURALTS TRUCK PLAZA,"I-90, EXIT 96 & US-93/SR-200",Missoula,MT,820,3.609000,,
7285,SENECA ONE STOP,"SR-17, EXIT 20",Salamanca,NY,38,3.309000,,
7286,TA MISSOULA,"I-90, EXIT 96 & US-93",Missoula,MT,820,3.699000,,
7288,TA LAUREL,"I-90, EXIT 437",Laurel,MT,780,3.612333,,
7289,TA STRAFFORD,"I-44, EXIT 88 & SR-125",Strafford,MO,535,3.365667,,
7291,TA OAK GROVE TRAVEL CENTER,"I-70, EXIT 28",Oak Grove,MO,400,3.222333,,
7293,TA Matthews Travel Center,"I-55, EXIT 58 & SR-80",Matthews,MO,574,3.205667,,
7299,GASPERS - FAST LANE,"I-70, EXIT 148 & US-54",Kingdom City,MO,392,2.959000,,
7300,B AND D AUTO TRUCK PLAZA,"I-44, EXIT 127",Lebanon,MO,416,3.099000,,
7310,AAA HOSPITALITY,"I-55, EXIT 220",Tillatoba,MS,435,2.784000,,
7312,208 FUEL PLAZA,"I-70, EXIT 208",Belmont,OH,430,3.419000,,
7314,TA MERIDIAN TRAVEL CENTER,"I-20 & I-59, EXIT 160",Meridian,MS,705,2.912333,,
7323,TRUCKERS INN,"I-94/US-52, EXIT 127 & US-71",Sauk Centre,MN,453,3.225667,45.7572067,-94.9381306
7326,PETRO STOP #398,"I-35 & I-90, EXIT 11",Albert Lea,MN,515,4.099000,,
7327,TA TEKONSHA,"I-69,EXIT 25 & SR-60",Tekonsha,MI,385,3.599000,,
7327,TA TEKONSHA,"I-69,EXIT 25 & SR-60",Tekonsha,MI,385,3.699000,,
7327,TA TEKONSHA,"I-69,EXIT 25 & SR-60",Tekonsha,MI,385,3.589000,,
7331,SPEEDWAY #9266,US-52 & SR-234,Ironton,OH,255,3.699000,,
7332,FLYING J #895,"I-75, EXIT 32A",Trenton,MI,325,3.559000,,
7332,FLYING J #895,"I-75, EXIT 32A",Trenton,MI,325,3.299000,,
7332,FLYING J #895,"I-75, EXIT 32A",Trenton,MI,325,3.249000,,
7332,FLYING J #895,"I-75, EXIT 32A",Trenton,MI,325,3.349000,,
7332,FLYING J #895,"I-75, EXIT 32A",Trenton,MI,325,3.439000,,
7335,TA SAWYER TRAVEL CENTER,"I-94, EXIT 12",Sawyer,MI,465,3.699000,,
7335,TA SAWYER TRAVEL CENTER,"I-94, EXIT 12",Sawyer,MI,465,3.689000,,
7337,TA BATTLE CREEK,"I-94, EXIT 104",Battle Creek,MI,385,4.039000,,
7337,TA BATTLE CREEK,"I-94, EXIT 104",Battle Creek,MI,385,3.999000,,
7337,TA BATTLE CREEK,"I-94, EXIT 104",Battle Creek,MI,385,3.979000,,
7337,TA BATTLE CREEK,"I-94, EXIT 104",Battle Creek,MI,385,3.989000,,
7341,INTERSTATE TRAVEL PLAZA,"I-495, EXIT 14A & US-1",Wrentham,MA,175,3.699000,,
7344,BEST QUICK STOP,US-1,Peabody,MA,178,3.615667,,
7353,DYSARTS SERVICE,"I-95, EXIT 44",Bangor,ME,26,3.799000,,
7354,CIRCLE K #4707065,"I-95, EXIT 2",Kittery,ME,125,3.899000,,
7357,TA SLIDELL TRAVEL CENTER,"I-10, EXIT 266 & US-190",Slidell,LA,725,3.154000,,
7360,KINGS TRUCK STOP,ST 103,Port Barre,LA,600,3.189000,,
7364,Petro Stopping Center,"I-80, EXIT 226",Girard,OH,573,3.452333,,
7370,TA SMITHS GROVE,"I-65, EXIT 38 & SR-101",Smiths Grove,KY,415,3.432333,,
7371,One9 #392,"I-65, EXIT 81 & SR-84",Sonora,KY,415,3.195667,,
7372,TA WALTON #28,"I-75/I-71, EXIT 175 & SR-338",Walton,KY,300,3.002333,,
7379,KEYSTOP TRAVEL CENTER,"I-65, EXIT 2 & US-31W",Franklin,KY,460,2.899000,,
7382,TA FLORENCE TRAVEL CENTER,"I-75, EXIT 181",Florence,KY,300,3.070667,,
7385,WAKEENEY 24 7 STORE #3,"I-70/US-40, EXIT 127 & US-283",Wakeeney,KS,525,3.090667,,
7387,TA Oakley,"I-70, EXIT 76 & US-40/US-83",Oakley,KS,525,3.649000,,
7389,GO MART FOOD STORE #58,"I-77, EXIT 1 & SR-7",Marietta,OH,430,3.799000,,
7396,7-ELEVEN #36180,US-20/SR-18,Monroeville,OH,550,3.614000,,
7398,FLYING J #913,"I-80, EXIT 142 & US-65",Altoona,IA,320,3.355667,,
7398,FLYING J TRAVEL PLAZA #913,"I-80, EXIT 142 & US-65",Altoona,IA,320,3.342333,,
7403,FUEL MART #714,"I-75, EXIT 168",North Baltimore,OH,550,3.112333,,
7406,PILOT TRAVEL CENTER #594,"I-29, EXIT 143",Sioux City,IA,527,3.605667,,
7406,PILOT #594,"I-29, EXIT 143",Sioux City,IA,527,3.699000,,
7407,TA IOWA 80 TRAVEL PLAZA,"I-80, EXIT 284",Walcott,IA,270,3.902333,,
7408,FRIENDSHIP FOOD MART #99,US-224 & SR-61/SR-598,Willard,OH,249,3.632333,41.0316760,-82.6812498
7410,PILOT TRAVEL CENTERS #373,"I-35 & I-80, EXIT 126",Urbandale,IA,320,3.355667,,
7410,PILOT TRAVEL CENTER #373,"I-35 & I-80, EXIT 126",Urbandale,IA,320,3.342333,,
7412,PETRO STOPPING CENTER #374,"I-69, EXIT 245 & SR-28",Gaston,IN,457,3.535667,,
7416,GOOD TO GO #40,"I-65, EXIT 215 & SR-114",Rensselaer,IN,290,3.200667,,
7417,SKY CITGO,US-30 & SR-23,Grovertown,IN,365,3.499000,41.3718447,-86.5072656
7418,JJS TRAVEL PLAZA,US-31 & US-24,Peru,IN,370,3.444000,,
7421,MIDLAND #1901,"I-70, EXIT 137 AT MILE 137",Cambridge City,IN,375,3.432333,,
7425,Petro Brazil,"I-70,  EXIT 23",Brazil,IN,375,3.989000,,
7429,TA CLAYTON,"I-70, EXIT 59 & SR-39",Clayton,IN,375,3.939000,,
7435,PETRO STOPPING CENTER #375,"I-65, EXIT 201 & US-231/US-24",Remington,IN,365,3.699000,,
7436,TA WHITESTOWN,"I-65/US-52, EXIT 130",Whitestown,IN,375,3.570667,,
7437,PETRO STOPPING CENTER #379,"I-74,  EXIT 143",Greensburg,IN,375,3.999000,,
7457,TA EFFINGHAM TRAVEL CENTER,"I-57 & I-70, EXIT 160",Effingham,IL,574,3.349000,,
7457,TA EFFINGHAM TRAVEL CENTER,"I-57 & I-70, EXIT 160",Effingham,IL,574,3.399000,,
7457,TA EFFINGHAM TRAVEL CENTER,"I-57 & I-70, EXIT 160",Effingham,IL,574,3.439000,,
7457,TA EFFINGHAM TRAVEL CENTER,"I-57 & I-70, EXIT 160",Effingham,IL,574,3.549000,,
7459,TA Morris Travel Center,"I-80, EXIT 112 & SR-47",Morris,IL,290,3.849000,,
7466,PILOT #595,"I-57, EXIT 54B & SR-13",Marion,IL,540,3.759000,,
7466,PILOT TRAVEL CENTER #595,"I-57, EXIT 54B & SR-13",Marion,IL,540,3.759000,,
7469,PILOT TRAVEL CENTERS #313,"I-70/I-55, EXIT 4 & SR-203",East Saint Louis,IL,540,3.439000,,
7469,PILOT TRAVEL CENTER #313,"I-70/I-55, EXIT 4 & SR-203",East Saint Louis,IL,540,3.699000,,
7469,PILOT TRAVEL CENTER #313,"I-70/I-55, EXIT 4 & SR-203",East Saint Louis,IL,540,3.579000,,
7469,PILOT TRAVEL CENTER #313,"I-70/I-55, EXIT 4 & SR-203",East Saint Louis,IL,540,3.379000,,
7471,ROAD RANGER #185,"I-55, EXIT 145 & US-136",Mc Lean,IL,280,3.349000,,
7471,ROAD RANGER #185,"I-55, EXIT 145 & US-136",Mc Lean,IL,280,3.449000,,
7482,TA BOISE TRAVEL CENTER,"I-84, EXIT 54",Boise,ID,785,3.770667,,
7492,Mobil dba One9 #1365,"I-85, EXIT 70",Cusseta,AL,720,2.999000,,
7492,One9 #1365,"I-85, EXIT 70",Cusseta,AL,720,2.999000,,
7495,RACETRAC #2574,"I-75, EXIT 237, SR-331 & US-41",Forest Park,GA,18,3.109000,,
7504,TEXACO,"I-75, EXIT 306 & SR-140",Adairsville,GA,193,3.105667,,
7506,CHAPMANS TRUCK STOP,"I-85 & SR-219, EXIT 13",Lagrange,GA,50,3.915667,,
7523,EXPRESS STOP FOOD STORE #4644,"I-75, EXIT 181",Pinconning,MI,260,3.639000,,
7533,TA WILDWOOD TRAVEL CENTER,"I-75, EXIT 329 & SR-44",Wildwood,FL,225,3.214000,,
7534,TA BALDWIN TRAVEL CENTER,"I-10, EXIT 343 & US-301",Jacksonville,FL,75,3.899000,30.2991617,-81.9829270
7535,GIANT #198,"I-4/SR-400, EXIT 7 & US-301/SR-41",Tampa,FL,225,3.257333,,
7543,TA NEW HAVEN TRAVEL CENTER,"I-95, EXIT 56",Branford,CT,100,5.069000,,
7545,CITGO,"I-95, EXIT 40",Milford,CT,100,3.399000,,
7546,SHELL DBA PILOT DEALER #882,"I-95, EXIT 93 & SR-216",North Stonington,CT,73,4.299000,,
7546,PILOT TRAVEL CENTERS #882,"I-95, EXIT 93 & SR-216",North Stonington,CT,73,4.299000,,
7551,PWI #525,"I-70, EXIT 295",Watkins,CO,800,3.139000,,
7552,TA DENVER WEST TRAVEL CENTER,"I-70, EXIT 266",Wheat Ridge,CO,800,3.415667,,
7553,BRUSH TRAVEL PLAZA,"I-76, EXIT 90B & SR-71",Brush,CO,800,3.699000,,
7574,108 FOOD AND FUEL,"I-40, EXIT 108 & US-66/US-281 BUS",Calumet,OK,483,3.135667,,
7611,LOVES TRAVEL STOP #167,"I-44, EXIT 83",Chickasha,OK,483,3.165667,,
7615,HOPI TRAVEL PLAZA CONOCO DBA ONE9 #1270,"I-40, EXIT 292",Holbrook,AZ,930,3.139000,,
7615,HOPI TRAVEL PLAZA,"I-40, EXIT 292",Holbrook,AZ,930,3.219000,,
7617,TUCSON TRUCK TERMINAL,"I-10, EXIT 268",Tucson,AZ,980,3.222333,,
7622,COPAN TRUCK STOP,US-75,Copan,OK,307,3.119000,,
7624,WILLCOX TRUCK PLAZA,"I-10, EXIT 340",Willcox,AZ,980,3.340667,,
7625,LOVES TRAVEL STOP #248,"I-40, EXIT 71",Clinton,OK,483,3.172333,,
7627,DAVIS TRADING POST,"I-35, EXIT 55",Davis,OK,569,2.979000,,
7629,ARNOLDS TRUCK STOP,US-72/SR-20/SR-157 & CR-59,Tuscumbia,AL,615,3.169000,34.6832701,-87.5947204
7635,TA MONTGOMERY TRAVEL CENTER,"I-65, EXIT 168 & US-80/US-82/SR-6/SR-8",Montgomery,AL,720,3.252333,32.3609383,-86.3801462
7636,PILOT TRAVEL CENTER #76,"I-20 & I-59, EXIT 76",Tuscaloosa,AL,615,2.999000,,
7636,PILOT TRAVEL CENTERS #76,"I-20 & I-59, EXIT 76",Tuscaloosa,AL,615,3.099000,,
7655,LOVES TRAVEL STOP #253,I-40 EXIT 7 & SR 30,Erick,OK,483,3.205667,,
7705,FLYING J TRAVEL PLAZA #610,"I-40, EXIT 53",Kingman,AZ,910,3.882333,,
7708,PILOT TRAVEL CENTER #352,"I-75, EXIT 139",Fort Myers,FL,225,3.799000,,
7708,PILOT TRAVEL CENTERS #352,"I-75, EXIT 139",Fort Myers,FL,225,3.799000,,
7715,LONDON AUTO TRUCK CENTER,"I-75, EXIT 41 & SR-80",London,KY,405,3.399000,,
7718,MR FUEL #717,"I-44, EXIT 251",Villa Ridge,MO,540,3.015667,,
7719,FLYING J TRAVEL PLAZA #674,"I-70, EXIT 188",Warrenton,MO,540,3.115667,,
7721,TRAIL STAR TRUCK STOP,"ST 16, EXIT 213",Glendive,MT,807,3.459000,,
7722,SAPP BROS TRAVEL CENTER,"I-80, EXIT 353 & US-81",York,NE,330,3.324000,,
7724,FUEL MART #767,US-6 & US-23,Bradner,OH,550,3.407333,41.3412850,-83.4172921
7725,BELL STORES #48,US-30 & SR-94,Dalton,OH,249,3.385667,,
7733,FLYING J TRAVEL PLAZA #723,"I-40, EXIT 76",Amarillo,TX,585,3.265667,,
7746,PILOT TRAVEL CENTER #888,"I-27, EXIT 74",Tulia,TX,585,3.340667,,
7753,LOVES TRAVEL STOP #166,SR-351,Muskogee,OK,560,3.337333,,
7767,FLYING J TRAVEL PLAZA #759,"I-25, EXIT 7",Cheyenne,WY,795,3.709000,,
7768,BIG D #30,"I-25/US-87, EXIT 9 & I-80, EXIT 359C & I-80 BUS/US-30",Cheyenne,WY,795,3.204000,,
7792,FLYING J TRAVEL PLAZA #630,"I-75/SR-401, EXIT 201 & SR-36",Jackson,GA,67,3.384000,,
7798,CIRCLE K #2745100,"I-95, EXIT 7",Woodbine,GA,75,3.232333,,
7825,PILOT TRAVEL CENTERS #356,"I-65, EXIT 121",Shepherdsville,KY,415,3.609000,,
7838,PILOT #581,"US-52/SR-55, & 117TH ST, MM300",Inver Grove Heights,MN,515,3.579000,,
7871,STRIPES 7FLEET #42454,"US-60, US-70 & US-84",Texico,NM,700,3.829000,,
7873,One9 #387,"I-80, EXIT 280 & SR- 278",Carlin,NV,835,3.439000,,
7886,PETRO STOPPING CENTER #357,"I-70, EXIT 156B & US-40",New Paris,OH,317,3.487333,,
7930,I 24 TRUCK PLAZA,"I-24, EXIT 114 & US-41",Manchester,TN,460,3.099000,,
7946,PILOT TRAVEL CENTERS #289,"I-90/I-39, EXIT 158 & I-43/SR-81, EXIT 1",Beloit,WI,520,3.799000,42.5344349,-88.9566077
7959,SPF #45,"I-25/US-87, EXIT 7 & US-212",Cheyenne,WY,795,3.225667,,
8840,LOVES TRAVEL STOP #211,"I-35, EXIT 120",Oklahoma City,OK,483,3.255667,,
8895,PAULS VALLEY TRAVEL CENTER,"I-35, EXIT 72  & SR-19",Pauls Valley,OK,569,2.999000,34.7625394,-97.1960298
8927,LOVES TRAVEL STOP #219,"I-40, EXIT 200",Seminole,OK,560,3.362333,,
8936,CIRCLE K #107,US-220 & CR-902,Ridgeway,VA,65,3.399000,,
8948,PARK N PUMP CIRCLE C,"I-15, EXIT 222",Nephi,UT,835,3.449000,,
8961,FLYING J TRAVEL PLAZA #736,"I-20, EXIT 42 & US-285",Pecos,TX,710,3.465667,,
8977,LOVES TRAVEL STOP #168,"I-44, EXIT 20",Walters,OK,253,3.194000,,
8987,LOVES TRAVEL STOP #255,"I-40, EXIT 287 & SR-100",Webbers Falls,OK,645,3.789000,,
9160,PILOT TRAVEL CENTERS #912,"I-80, EXIT 300 & SR-40D",Wood River,NE,330,3.282333,,
9161,TREXLER PLAZA TRUCK STOP,I-78/US-22,Allentown,PA,160,3.632333,,
9206,CIRCLE K #4707005,US-2 & SR-4,Farmington,ME,170,3.899000,,
9216,309 TRUCK STOP,SR-309,Coopersburg,PA,90,3.759000,,
9241,7-ELEVEN #40286,"I-76,  EXIT 23/312",Elverson,PA,160,3.889000,,
9280,ONVO TRAVEL PLAZA - LAKEWOOD,"I-84, EXIT 20 & SR-507",Greentown,PA,200,3.545667,,
9289,ONVO EXPRESS,"I-81, EXIT 217 & SR-547",Harford,PA,200,3.609000,,
9340,LANCASTER TRAVEL PLAZA,US-30,Ronks,PA,208,3.899000,,
9354,BFS FOODS TRUCK PLAZA,"I-79, EXIT 1",Mount Morris,PA,165,4.499000,,
9365,FLYING J TRAVEL PLAZA #713,"I-95, EXIT 181",Latta,SC,63,3.349000,,
9381,SCOTT FUEL TRAVEL PLAZA,"I-81, EXIT 199",Dalton,PA,200,3.599000,,
9382,PILOT TRAVEL CENTERS #286,"I-70, EXIT 10 & SR-127",Eaton,OH,317,3.462333,,
9383,PILOT TRAVEL CENTERS #285,"I-70, EXIT 126 & SR-37",Hebron,OH,315,3.445667,,
9386,PETRO STOPPING CENTER #325,"I-75,  EXIT 167",North Baltimore,OH,550,3.270667,,
9403,PILOT TRAVEL CENTERS #280,"I-78, EXIT 7 & SR-173",Bloomsbury,NJ,105,3.809000,,
9415,7-ELEVEN #40287,"I-76, EXIT 24A/326",Wayne,PA,160,3.889000,,
9423,PETRO STOPPING CENTER #318,"I-70, EXIT 148",Kingdom City,MO,540,3.057333,,
9449,CORNER PANTRY #127,"I-26, EXIT 115 & US-321",West Columbia,SC,135,3.412333,33.8941809,-81.0618197
9451,TA BETO JUNCTION TRAVEL CENTER,"I-35, EXIT 155 & US-75",Lebo,KS,336,3.230667,,
9467,TA PORTER TRAVEL CENTERS,"I-94, EXIT 22B & US-20",Chesterton,IN,365,3.849000,,
9468,TA LAKE STATION,"I-80 & I-94, EXIT 15B",Lake Station,IN,365,3.849000,,
9469,TA EXPRESS COWPENS #477,"I-85, EXIT 83 & SR-110",Cowpens,SC,210,3.399000,,
9485,PILOT TRAVEL CENTER #4559,"I-20, EXIT 26",Villa Rica,GA,18,3.389000,,
9485,PILOT #4559,"I-20, EXIT 26",Villa Rica,GA,18,3.449000,,
9513,CIRCLE K #2705350,"I-20, EXIT 5 & US-25",North Augusta,SC,135,3.159000,,
9525,SCOTCHMAN #3891,"I-77, EXIT 65 & SR-9",Richburg,SC,46,3.109000,,
9528,GO MART FOOD STORE #43,"I-64, EXIT 39 & SR-34",Teays,WV,44,3.499000,,
9542,SPINX #266,"I-26, EXIT 104",Columbia,SC,135,3.132333,,
9550,Mauston Interstate BP,"I-90/I-94, EXIT 69 & SR-82",Mauston,WI,420,3.227333,,
9553,LYNDON STATION BP,I-90 & 94 EXIT 79,Lyndon Station,WI,420,3.177000,,
9554,BIG D OIL #2,US-85 & US-34,Belle Fourche,SD,506,3.227333,,
9614,DITTYS,"I-90, EXIT 284 & SR-45",Kimball,SD,455,3.089000,,
9618,FLYING J #477,US-75,Anna,TX,630,3.239000,,
9638,PILOT TRAVEL CENTERS #62,"I-95, EXIT 170 & SR-327",Florence,SC,46,3.349000,34.1977413,-79.6838678
9668,COFFEE CUP FUEL STOP #4,"I-90, EXIT 310 & SR-281",Plankinton,SD,455,3.027333,,
9675,FLYING J TRAVEL PLAZA #722,"I-75 & I-40, EXIT 369",Knoxville,TN,405,3.439000,,
9699,SPEEDWAY #9400,US-30/US-62 & SR-297,Canton,OH,249,3.369000,,
9703,PILOT TRAVEL CENTERS #2,"I-90, EXIT 223 & SR-45",Austinburg,OH,305,3.859000,,
9712,TA GREENSBORO TRAVEL CENTER,"I-40 & I-85, EXIT 138 & SR-61",Whitsett,NC,65,3.997333,,
9713,TA Express Vermillion #275,"I-29, EXIT 26 & SR-50",Burbank,SD,572,3.099000,,
9717,COFFEE CUP FUEL STOP #8,"I-90, EXIT 212 & SR-83",Vivian,SD,455,3.097333,,
9724,One9 #1339,"I-81,  EXIT 34",Parish,NY,190,3.799000,,
9746,TA MILL CITY TRAVEL CENTER,"I-80, EXIT 151",Imlay,NV,966,3.794000,,
9747,GOOD TO GO TRAVEL CENTER,"I-80, EXIT 353 & US-81",York,NE,350,3.317333,,
9763,DELUXE TRUCK STOP,SR-759,Saint Joseph,MO,400,3.149000,,
9783,KANGAROO CROSSING #1101,"I-55, EXIT 144",Pickens,MS,705,3.099000,,
9803,TA KNOXVILLE WEST TRAVEL CENTER,"I-40 & I-75, EXIT 369",Knoxville,TN,405,3.425667,35.9915207,-83.9687946
9808,TA ANN ARBOR TRAVEL CENTER,"I-94, EXIT 167",Dexter,MI,325,3.699000,,
9808,TA ANN ARBOR TRAVEL CENTER,"I-94, EXIT 167",Dexter,MI,325,3.499000,,
9808,TA ANN ARBOR TRAVEL CENTER,"I-94, EXIT 167",Dexter,MI,325,3.649000,,
9808,TA ANN ARBOR TRAVEL CENTER,"I-94, EXIT 167",Dexter,MI,325,3.629000,,
9812,LEES FOOD MART #1398,"I-40, EXIT 398",Knoxville,TN,405,3.299000,,
9818,CIRCLE K #4707002,"I-95, EXIT 157",Newport,ME,170,3.899000,,
9821,PILOT TRAVEL CENTERS #52,"I-24, EXIT 64",La Vergne,TN,460,3.472333,,
9842,Petes #03,US-59 & US-54,Moran,KS,336,3.265667,37.9215833,-95.1700110
9843,MAPLE HILL TRUCK STOP,"I-70, EXIT 341",Maple Hill,KS,553,3.052333,,
9851,KWIK STOP #86,US-151/US-52/US-61,Dubuque,IA,335,3.489000,,
9855,PILOT TRAVEL CENTER #37,"I-65, EXIT 95",Whiteland,IN,375,3.959000,,
9855,PILOT TRAVEL CENTERS #37,"I-65, EXIT 95",Whiteland,IN,375,3.959000,,
9860,PARADISE AUTO TRUCK PLAZA,US-31,Rochester,IN,370,3.405667,,
9862,PILOT TRAVEL CENTER #271,"I-80, EXIT 6",Gary,IN,365,3.829000,,
9862,PILOT TRAVEL CENTERS #271,"I-80, EXIT 6",Gary,IN,365,3.799000,,
9887,7-ELEVEN #40354,"I-95, EXIT 173",Palm Bay,FL,140,3.215667,,
9941,FLYING J TRAVEL PLAZA #609,"I-10, EXIT 208-A",Eloy,AZ,930,3.452333,,
9945,CIRCLE K #2706690,"I-85/US-29, EXIT 62 & US-280/US-431/SR-38/SR-1",Opelika,AL,50,2.999000,,
9959,FLYING J #876,"I-95, EXIT 104",Ruther Glen,VA,180,3.619000,,
9962,STRIPES #40673,"I-45, EXIT 179",Mcallen,TX,639,3.289000,,
9971,TA DANSVILLE TRAVEL CENTER,"I-390 & COMMERCE, EXIT 5",Dansville,NY,190,4.499000,,
9973,BOLLA MARKET,"I-287, EXIT 66",Mahwah,NJ,115,3.532333,,
9990,JIMS  BEST STOP,US-45 & US-64,Selmer,TN,435,3.174000,,
9995,LOVES TRAVEL STOP #411,"I-35 & I-80, EXIT 125 & US-6",Clive,IA,320,3.340667,41.7135885,-92.8388988
9997,Circle K #2723687,"I-20, EXIT 11 & US-27/SR-1",Bremen,GA,193,3.087333,,
10006,FLINT HILLS FUEL MART,US-50 & US-77,Florence,KS,336,3.499000,,
10007,CIRCLE K #2705346,SR-307,Savannah,GA,195,3.032333,,
10014,Sudden Service #6604,"I-40, EXIT 212",Nashville,TN,460,3.399000,,
10015,Loves Travel Stop #429,"I-65 & I-24, EXIT 87",Nashville,TN,460,3.462333,,
10020,Maplefields,"US-4, EXIT 2 & SR-22A",Fair Haven,VT,39,3.599000,,
10024,MILLERS TRAVEL CENTER,US-6 & US-50,Wellington,UT,835,3.659000,,
10028,GOOD TO GO #10,US-35,Winamac,IN,290,3.914000,,
10030,LOVES TRAVEL STOP #715,I-77 EXIT 58 & SR-666 & US-52,Bastian,VA,185,3.597333,,
10033,SHELL,"I-95, EXIT 133 & US-17 BUS",Fredericksburg,VA,180,3.255667,,
10047,TOWN PUMP FOOD STORE #8929,"I-15, EXIT 339",Conrad,MT,815,3.599000,,
10053,BECKS #27,"I-39/US-51, EXIT 72 & US-34",Mendota,IL,270,3.269000,,
10057,Flying J Travel Plaza #649,"I-465, EXIT 4",Indianapolis,IN,375,3.899000,,
10057,Flying J TravelPlaza #649,"I-465, EXIT 4",Indianapolis,IN,375,3.899000,,
10058,CITGO,US-431/SR-1 & SR-27,Abbeville,AL,10,3.399000,,
10065,ROAD MART,US-71/US-59,Ashdown,AR,723,3.299000,,
10077,FLYING J TRAVEL PLAZA #607,"I-55, EXIT 4 & I-40, EXIT 280",West Memphis,AR,435,3.150667,35.1541130,-90.1435200
10085,EL CENTRO TRAVEL CENTER,"I-8, EXIT 115 & SR-86",El Centro,CA,900,4.499000,,
10101,PILOT TRAVEL CENTERS #65,"I-20, EXIT 194",Augusta,GA,135,3.859000,,
10101,PILOT TRAVEL CENTER #65,"I-20, EXIT 194",Augusta,GA,135,3.859000,,
10104,GEO H GREEN OIL,"I-85/SR-403, EXIT 41 & US-27 ALT",Newnan,GA,18,3.199000,,
10109,GIT N GO CONVENIENCE STORE #34,"US-30, EXIT 185 & SR-14",Marshalltown,IA,320,3.119000,,
10110,JACKSON'S FOODS DBA ONE9 #1427,"I-84, EXIT 36",Nampa,ID,785,3.370667,,
10116,Petro Stopping Center #359,"I-39/US-51, EXIT 99 & SR-38",Rochelle,IL,520,3.759000,,
10122,LOVES TRAVEL STOP #417,"I-80 & I-94, EXIT 9A",Gary,IN,365,3.809000,,
10126,PILOT TRAVEL CENTERS #152,"I-65, EXIT 16 & MEMPHIS RD",Memphis,IN,415,3.959000,,
10126,PILOT TRAVEL CENTER #152,"I-65, EXIT 16 & MEMPHIS RD",Memphis,IN,415,3.959000,,
10128,PETES #20,US-54/SR-7 & US-69,Fort Scott,KS,307,3.199000,,
10135,YESWAY #1116,"I-35, EXIT 60",Mcpherson,KS,434,3.259000,,
10142,PILOT TRAVEL CENTERS #438,"I-65, EXIT 6 & SR-100",Franklin,KY,415,3.169000,36.7189330,-86.5423546
10144,PILOT TRAVEL CENTERS #358,"I-24 & US-305, EXIT 3",Paducah,KY,490,3.699000,,
10146,PILOT TRAVEL CENTERS #437,"I-75, EXIT 11 & SR-92",Williamsburg,KY,410,3.609000,,
10150,PILOT TRAVEL CENTERS #300,"I-12, EXIT 40",Hammond,LA,725,3.232333,,
10154,I 49 TRUCK STOP,"I-49, EXIT 23 & US-167",Opelousas,LA,600,3.199000,,
10157,J AND  H OIL,"US-131, EXIT 72",Byron Center,MI,344,3.599000,,
10157,J AND  H OIL,"US-131, EXIT 72",Byron Center,MI,344,3.499000,,
10161,SPEEDWAY #8740,"I-69, EXIT 87",Dewitt,MI,342,3.759000,,
10161,SPEEDWAY #8740,"I-69, EXIT 87",Dewitt,MI,342,3.599000,,
10168,Express Stop,"I-94, EXIT 145",Jackson,MI,385,3.589000,,
10172,EXPRESS STOP FOOD STORE #4647,"I-75, EXIT 151 & SR- 81",Saginaw,MI,260,3.399000,,
10181,QUIKTRIP #611,I-55 EXIT 178,Herculaneum,MO,540,2.990667,,
10184,CIRCLE K #2721544,"I-55, EXIT 243 & US-278/SR-6",Batesville,MS,435,3.309000,,
10192,INTERSTATE STATION #8,"I-55, EXIT 78",Natchez,MS,760,3.399000,,
20000,BIG BOYS TRUCK STOP,"I-95, EXIT 105",Kenly,NC,205,3.299000,,
20003,PILOT #7976,"I-77, EXIT 42",Troutman,NC,46,3.659000,,
20006,CENEX C STORE,US-52,Kenmare,ND,452,3.467333,,
20009,BIG SPRINGS TRUCK AND TRAVEL,"I-80, EXIT 107",Big Springs,NE,475,3.074000,,
20011,CUBBYS #111,US-81,Norfolk,NE,470,3.209000,,
20012,FLYING J TRAVEL PLAZA #686,"I-80, EXIT 432",Gretna,NE,319,3.282333,,
20014,SIMONS EXIT 16,"I-89, EXIT 16",Enfield,NH,39,3.499000,,
20019,SUNOCO,"I-295, EXIT 2C & SR-140",Penns Grove,NJ,150,3.459000,,
20024,LOVES TRAVEL STOP #259,"I-10 & AIRPORT RD, EXIT 132",Las Cruces,NM,640,3.214000,35.6522503,-105.1814845
20027,LOVES TRAVEL STOP #262,"I-40, EXIT 333",Tucumcari,NM,585,3.889000,,
20028,MORTONS TRUCK STOP,"I-15, EXIT 46",North Las Vegas,NV,910,3.399000,,
20031,FLYING J TRAVEL PLAZA #770,"I-80, EXIT 176",Winnemucca,NV,966,3.777333,,
20033,LOVES TRAVEL STOP #772,"I-86 & SR-17, EXIT 37",Bath,NY,190,4.489000,,
20036,SMOKIN JOES,I-90 EXIT 24,Sanborn,NY,38,3.699000,,
20042,FLYING J TRAVEL PLAZA #700,I-80 & I-90 EXIT 71,Perrysburg,OH,550,3.759000,,
20043,FRIENDSHIP FOOD MART #70,SR-2 & SR-53,Port Clinton,OH,550,3.939000,,
20045,PILOT TRAVEL CENTERS #281,"I-80, EXIT 226",Girard,OH,573,3.452333,,
20049,LOVES TRAVEL STOP #263,"I-44, EXIT 45 & SR-49",Lawton,OK,569,3.217333,,
20050,LOVES TRAVEL STOP #260,"I-35, EXIT 106 & SR-9 W",Norman,OK,483,3.254000,,
20054,Jacksons Food Stores,"I-84, EXIT 261",La Grande,OR,925,3.687000,,
20062,PILOT TRAVEL CENTERS #298,"I-80, EXIT 256 & SR-93",Drums,PA,200,3.975667,,
20066,KWIK FILL #228,"I-90, EXIT 45 & US-20",North East,PA,240,4.089000,,
20070,ONVO TRAVEL PLAZA - PROMISED LAND,"I-84, EXIT 26 & SR-390",Tafton,PA,200,3.545667,,
20072,PILOT TRAVEL CENTERS #310,"I-85, EXIT 63 & SR-290",Duncan,SC,210,3.432333,,
20079,PETRO KINGSTON SPRINGS #349,"I-40, EXIT 188",Kingston Springs,TN,460,3.232333,,
20082,GOLDEN EXPRESS TRUCK STOP,US-287/US-81 & CR-1595,Alvord,TX,637,3.049000,,
20083,FLYING J TRAVEL PLAZA #724,"I-10, EXIT 0",Anthony,TX,640,3.459000,,
20086,LOVES TRAVEL STOP #609,"I-35, EXIT 471 & US-77",Denton,TX,630,3.247333,,
20105,CEFCO #1050,"I-30, EXIT 146 & US-37",Mount Vernon,TX,723,2.942333,,
20108,TEX-BEST #501,"I-37, EXIT 125",Elmendorf,TX,740,2.949000,,
20109,PILOT TRAVEL CENTERS #306,"I-10, EXIT 582",San Antonio,TX,740,3.214000,,
20114,CROSSROADS,"I-10, EXIT 829 & SR-124",Winnie,TX,610,4.249000,29.8180279,-94.3838535
20118,KWIK TRIP #648,"I-94, EXIT 116 & SR-54",Black River Falls,WI,395,3.237333,,
20119,FREMONT CITGO,US-10 & SR-110,Fremont,WI,444,3.399000,,
20121,GO MART FOOD STORE #50,"I-77/I-64, EXIT 44 & SR-3",Beckley,WV,44,3.599000,,
20129,FLYING J #848- ROAD KING TRUCK,"HIGHWAY 2, EXIT 251",Calgary,AB,50,4.397224,,
20129,FLYING J #848- ROAD KING TRUCK,"HIGHWAY 2, EXIT 251",Calgary,AB,50,4.399490,,
20129,FLYING J #848- ROAD KING TRUCK,"HIGHWAY 2, EXIT 251",Calgary,AB,50,4.406950,,
20129,FLYING J #848- ROAD KING TRUCK,"HIGHWAY 2, EXIT 251",Calgary,AB,50,4.396254,,
20129,FLYING J #848- ROAD KING TRUCK,"HIGHWAY 2, EXIT 251",Calgary,AB,50,4.406300,,
20129,FLYING J #848- ROAD KING TRUCK,"HIGHWAY 2, EXIT 251",Calgary,AB,50,4.398195,,
44228,I-69 TRUCKSTOP TRAVEL CENTER,"I-69, EXIT 184 & SR-19",Memphis,MI,342,3.599000,,
44228,I-69 TRUCKSTOP TRAVEL CENTER,"I-69, EXIT 184 & SR-19",Memphis,MI,342,3.499000,,
44228,I-69 TRUCKSTOP TRAVEL CENTER,"I-69, EXIT 184 & SR-19",Memphis,MI,342,3.549000,,
52040,REBEL TRUCK STOP,"I-5, EXIT 27",Kalama,WA,935,4.499000,,
52048,PILOT TRAVEL CENTERS #302,"I-10, EXIT 13 & CR-30",Theodore,AL,715,3.199000,,
52048,PILOT TRAVEL CENTER #302,"I-10, EXIT 13 & CR-30",Theodore,AL,715,3.159000,,
52052,EXPRESSWAY MOBIL,US-63 & US-167,El Dorado,AR,635,3.599000,,
52065,76 DBA ONE9 #1415,"I-75, EXIT 49",Lake Panasoffkee,FL,225,3.172333,,
52067,PETRO STOPPING CENTER #322,"I-285, EXIT 12",Atlanta,GA,18,3.445667,,
52070,FRIENDLY EXPRESS #31,US-1 & US-301,Folkston,GA,75,3.099000,,
52081,MCCLURE OIL #9,US-31 & SR-18,Kokomo,IN,375,3.839000,40.5848443,-86.1275918
52085,RUSSELL 24/7,"I-70, EXIT 184",Russell,KS,357,3.007333,,
52088,CASEYS #4459,"I-64, EXIT 265",Mayfield,KY,490,3.249000,,
52089,SHELL,US-84 & SR-28,Jonesville,LA,719,3.399000,,
52090,SHOP A LOTT #10,"I-49, EXIT 138 & SR-6",Natchitoches,LA,766,3.125667,,
52099,BEACON & BRIDGE #7,"I-75, EXIT 126",Mount Morris,MI,342,3.379000,,
52103,SPRINT MART #27,US-45 & US-72,Corinth,MS,435,3.055667,,
52104,BLUE SKY #734,SR-1,Saltillo,MS,435,3.082333,,
52106,FLYING J TRAVEL PLAZA #923 -TOWN PUMP,"I-90, EXIT 455",Billings,MT,780,3.580667,,
52107,PILOT #7983,"I-85,  EXIT 71",Salisbury,NC,46,3.499000,,
52112,SROKAS SERVICE CENTER,SR-149,Fort Ann,NY,12,3.799000,,
52112,SROKAS SERVICE CENTER,SR-149,Fort Ann,NY,12,3.899000,,
52112,SROKAS SERVICE CENTER,SR-149,Fort Ann,NY,12,3.999000,,
52128,Sudden Service #8087,I-40 EXIT 238,Lebanon,TN,460,3.199000,,
52140,Sinclair,"I-82, EXIT 69",Sunnyside,WA,925,4.599000,,
52142,PILOT TRAVEL CENTERS #296,"I-94 & BAKER RD, EXIT 167",Dexter,MI,325,3.499000,,
52142,PILOT TRAVEL CENTERS #296,"I-94 & BAKER RD, EXIT 167",Dexter,MI,325,3.659000,,
52142,PILOT TRAVEL CENTERS #296,"I-94 & BAKER RD, EXIT 167",Dexter,MI,325,3.579000,,
52142,PILOT TRAVEL CENTERS #296,"I-94 & BAKER RD, EXIT 167",Dexter,MI,325,3.649000,,
52143,One9 #319,"I-75, EXIT 328",Dalton,GA,285,3.015667,,
52145,Pilot Travel Center #318,"I-465/I-74/US-52/US-40/SR-67, EXIT 4 & SR-37",Indianapolis,IN,375,3.899000,39.7755650,-86.1576485
52145,Pilot Travel Centers#318,"I-465/I-74/US-52/US-40/SR-67, EXIT 4 & SR-37",Indianapolis,IN,375,3.899000,39.7755650,-86.1576485
52146,FLYING J TRAVEL PLAZA #758,"I-25, EXIT 185 & SR-258",Casper,WY,790,3.999000,,
52149,PILOT TRAVEL CENTERS #321,"I-75/71, EXIT 175 & SR-338",Walton,KY,300,3.085667,,
52150,PILOT TRAVEL CENTERS #311,"I-90, EXIT 27 & SR-97",Erie,PA,240,4.215667,,
52152,PILOT TRAVEL CENTERS #308,"I-80 , EXIT 310",Laramie,WY,795,3.609000,,
52153,PILOT TRAVEL CENTER #1412,"I-94 & RUSSELL RD, EXIT 1",Wadsworth,IL,444,3.769000,,
52153,PILOT #1412,"I-94 & RUSSELL RD, EXIT 1",Wadsworth,IL,444,3.829000,,
52153,PILOT #1412,"I-94 & RUSSELL RD, EXIT 1",Wadsworth,IL,444,3.769000,,
52155,TA SOUTHINGTON TRAVEL CENTER,"I-84, EXIT 28 & US-65",Milldale,CT,100,5.199000,,
52163,PILOT TRAVEL CENTER #67,"I-75, EXIT 296",Cartersville,GA,18,3.565667,,
52163,PILOT TRAVEL CENTERS #67,"I-75, EXIT 296",Cartersville,GA,18,3.549000,,
52212,FLYING J TRAVEL PLAZA #763,"I-80, EXIT 209",Rawlins,WY,795,3.749000,,
52221,FLYING J TRAVEL PLAZA #726,"I-20, EXIT 472",Dallas,TX,630,3.182333,,
52222,FLYING J TRAVEL PLAZA #735,"I-10, EXIT 873 & SR-62",Orange,TX,610,3.309000,,
52230,ONE9 #294,"I-15 & I-84, EXIT 344 SR-39",Ogden,UT,835,3.325667,,
52233,SPEEDWAY #2953,"US-80, EXIT 3",Yuma,AZ,900,3.465667,,
52235,PETRO STOPPING CENTER #303,"I-80, EXIT 310",Laramie,WY,795,3.575667,,
52236,CHEVRON,US-60,Globe,AZ,930,4.299000,,
52239,PILOT TRAVEL CENTER #192,"I-75, EXIT 60",Tifton,GA,10,3.619000,,
52239,PILOT TRAVEL CENTERS #192,"I-75, EXIT 60",Tifton,GA,10,3.599000,,
52241,Rocket,"I-25/US-85/US-87, EXIT 161 & SR-105",Monument,CO,803,3.195000,,
52250,PILOT TRAVEL CENTERS #222,I-84 EXIT 1,Sturbridge,MA,215,4.159000,,
52255,GREATER CHICAGO I 55,"I-55, EXIT 267 & SR-53",Bolingbrook,IL,290,3.609000,,
52255,GREATER CHICAGO I 55,"I-55, EXIT 267 & SR-53",Bolingbrook,IL,290,3.319000,,
52262,CIRCLE K #2721577,US-84 & SR-21,Monroeville,AL,715,3.434000,31.4670773,-87.3493936
52278,NEIGHBORS EXPRESS,US-25/SR-121/SR-23/SR-67,Millen,GA,135,3.382333,,
52297,IGA EXPRESS SHELL #874,"I-65, EXIT 20",Bowling Green,KY,460,2.999000,,
52299,415 TRUCK STOP,"I-10, EXIT 151 & SR-415",Port Allen,LA,600,3.089000,,
52302,LONGHORN TRUCK AND CAR PLAZA,"I-10, EXIT 4",Vinton,LA,690,3.274000,,
52304,Fast Stop,"I-10, EXIT 182 & SR-22",Sorrento,LA,600,3.699000,,
52307,CASEYS #3002,SR-60 & SR-30/SR-4,Saint James,MN,425,3.219000,,
52313,CIRCLE K #2723445,"I-20, EXIT 5A & US-61/SR-27",Vicksburg,MS,760,2.959000,32.3434698,-90.8288027
52322,BOLLA MARKET,"I-95, EXIT 13",Elizabeth,NJ,115,3.099000,,
52323,POWER,"I-78, EXIT 58 & SR-9/SR-1",Newark,NJ,115,4.299000,,
52325,MIRABITO #69,"I-88, EXIT 15 & SR-23",Oneonta,NY,12,3.999000,42.4531111,-75.0634612
52326,MR FUEL #715,"I-70, EXIT 203",Foristell,MO,540,2.925667,,
52334,KWIK TRIP #775,"I-90, EXIT 69 & SR-82",Mauston,WI,420,3.287333,,
52335,SHELL,"I-295, EXIT 3",Disputanta,VA,180,3.029000,,
52340,KWIK FILL #249,US-22,Duncansville,PA,14,4.072333,,
52344,STAMART 1224,"I-94, EXIT 166",Bismarck,ND,273,3.615667,,
52346,QUARLES #4436,"I-695, EXIT 41 & SR-151",Dundalk,MD,22,3.699000,,
52348,SHELL,"I-75, EXIT47 & SR-85",Detroit,MI,325,3.699000,,
52361,PAYLESS FUEL TRAVEL CENTER,"I-20, EXIT 470",Dallas,TX,630,2.985667,,
52363,SPEEDWAY #2376,US-131 & SR-46,Cedar Springs,MI,456,3.899000,,
52364,PILOT TRAVEL CENTERS #335,"I-20 & SR-137, EXIT 138",Rayville,LA,760,3.212333,,
52365,MOORES SUPER STORE,US-43/US-278/SR-171,Hamilton,AL,615,3.799000,,
52366,ALMA TRAVEL MART,"I-40, EXIT 13 & US-71",Alma,AR,645,3.332333,35.4833217,-94.2263965
52367,DOSWELL TRUCK STOP,"I-95, EXIT 98 & SR-30",Doswell,VA,180,2.899000,,
52383,FLYING J TRAVEL PLAZA #601,"I-20/I-59, EXIT 104",Mc Calla,AL,615,3.170667,,
52384,PILOT TRAVEL CENTERS #337,"I-95, EXIT 164 & US-52",Florence,SC,46,3.349000,,
52385,Flying J Travel Plaza #696,"I-71, EXIT 131",Sunbury,OH,315,3.719000,,
52387,MARATHON,"I-55, EXIT 265 & SR-4",Senatobia,MS,435,3.199000,,
52388,FLYING J TRAVEL PLAZA #711,"I-85, EXIT 102",Blacksburg,SC,46,3.429000,,
52393,CASEYS #3004,SR-15 & CR-52,Truman,MN,425,3.299000,,
52400,PILOT TRAVEL CENTERS #324,"I-94/US-41, EXIT 329",Franksville,WI,444,3.889000,,
52401,LOVES TRAVEL STOP #267,"I-40, EXIT 107 & SR-95",Morrilton,AR,695,3.360667,,
52402,FLYING J TRAVEL PLAZA #665,"I-20, EXIT 3 & SR-79",Greenwood,LA,745,3.145667,,
52403,FLYING J TRAVEL PLAZA #676,"I-10, EXIT 31",Gulfport,MS,733,3.145667,,
52404,PETRO WELLS,"I-80, EXIT 352",Wells,NV,835,3.732333,,
52405,FLYING J TRAVEL PLAZA #636,"I-80, EXIT 292",Davenport,IA,270,3.872333,,
52411,SAPP BROS TRAVEL CENTER,"I-215, EXIT 21",Salt Lake City,UT,835,3.399000,,
52413,PILOT TRAVEL CENTERS #360,"I-75 & SR-613, EXIT 164",Findlay,OH,411,3.315667,,
52414,Mobil dba ONE9 #1341,"I-5, EXIT 208",Arlington,WA,977,3.799000,,
52421,SHEETZ #194,"I-80, EXIT 97",Falls Creek,PA,14,3.307333,,
52422,KWIK TRIP #674,"I-94, EXIT 45 & US-12/SR-29",Menomonie,WI,295,3.499000,,
52423,PILOT TRAVEL CENTER #908- TOWN PUMP,"I-15 & I-90, EXIT 122",Butte,MT,816,3.565667,,
52426,J MART #322,"I-65, EXIT 322",Falkville,AL,615,3.199000,,
52427,PILOT TRAVEL CENTERS #340,"I-80, EXIT 46",Fernley,NV,966,3.915667,,
52428,PILOT TRAVEL CENTERS #338,"I-26, EXIT 115 & US-321",West Columbia,SC,135,3.499000,33.8941809,-81.0618197
52430,CHEVRON FOOD MART,"I-75, EXIT 350 & SR-2",Ringgold,GA,285,2.859000,,
52431,WOODBINE TRAVEL CENTER,"I-95, EXIT 14",Woodbine,GA,75,3.032333,,
52435,CM WINNERS CHOICE,"I-10 & SR-108, EXIT 23",Sulphur,LA,690,3.299000,,
52438,NEW MADRID,"I-55, EXIT 52/SR-P",New Madrid,MO,275,3.269000,,
52439,CIRCLE K #2723395,US-11,Hattiesburg,MS,620,3.199000,,
52441,PILOT #6990,"I-95, EXIT 106",Kenly,NC,205,3.709000,,
52450,PILOT #1290,"I-35, EXIT 410 & US-77",Red Oak,TX,630,3.299000,,
52452,PLAINVIEW TRAVEL PLAZA,"US-41, EXIT 113 & SR-26",Oshkosh,WI,444,3.199000,43.8951498,-88.6298694
52454,PILOT TRAVEL CENTERS #6,"I-70, EXIT 178 & SR-209",Cambridge,OH,315,3.509000,,
52455,LOVES TRAVEL STOP #266,"I-35, EXIT 32",Ardmore,OK,253,3.649000,,
52456,PILOT TRAVEL CENTERS #317,"I-44, EXIT 4 (ST 435)",Joplin,MO,277,3.412333,,
52458,PILOT TRAVEL CENTERS #332,"I-40, EXIT 161 & SR-391",North Little Rock,AR,695,3.239000,34.7469002,-92.1272660
52458,PILOT TRAVEL CENTER #332,"I-40, EXIT 161 & SR-391",North Little Rock,AR,695,3.237000,34.7469002,-92.1272660
52461,FLORENCE VALERO,US-130,Burlington,NJ,160,3.135667,,
52463,PILOT TRAVEL CENTERS #341,"I-15, EXIT 48",North Las Vegas,NV,910,3.695667,,
52464,7-ELEVEN #40118,ST 220 & I-180,Muncy,PA,138,4.359000,,
52465,FLYING J TRAVEL PLAZA #605,"I-40, EXIT 84",Russellville,AR,695,3.369000,,
52466,FLYING J TRAVEL PLAZA #784,"I-95, EXIT 100 & SR-272",North East,MD,22,4.199000,,
52467,FLYING J TRAVEL PLAZA #712,"I-20, EXIT 70",Columbia,SC,135,3.432333,,
52468,FLYING J TRAVEL PLAZA #703,"I-40, EXIT 140",Oklahoma City,OK,483,3.309000,,
52469,LOVES TRAVEL STOPS #269,US-287/US-82/SR-79 & US-281,Wichita Falls,TX,770,3.149000,,
52469,LOVES TRAVEL STOP #269,US-287/US-82/SR-79 & US-281,Wichita Falls,TX,770,3.123000,,
52470,QUIKTRIP #562,"I-80, EXIT 136",Des Moines,IA,320,3.047333,,
52471,FLYING J TRAVEL PLAZA #695,"I-75, EXIT 135",Beaverdam,OH,411,3.330667,,
52472,FLYING J TRAVEL PLAZA #708,"I-81, EXIT 52",Carlisle,PA,70,4.109000,,
52473,FLYING J TRAVEL PLAZA #743,"I-15, EXIT 222",Nephi,UT,835,3.715667,,
52474,PILOT TRAVEL CENTERS #17,"I-94, EXIT 104",Battle Creek,MI,406,3.959000,,
52474,PILOT TRAVEL CENTERS #17,"I-94, EXIT 104",Battle Creek,MI,406,3.999000,,
52474,PILOT TRAVEL CENTERS #17,"I-94, EXIT 104",Battle Creek,MI,406,3.979000,,
52477,PETRO FARGO #361,"I-94, EXIT 348",Fargo,ND,341,3.499000,,
52478,LOVES TRAVEL STOP #418,"I-64, EXIT 172",Grayson,KY,255,3.755667,,
52479,PETRO CARNESVILLE #377,"I-85, EXIT 160",Carnesville,GA,16,3.154000,,
52480,LOVES TRAVEL STOP #268,US6-9 & US-75,Atoka,OK,253,3.489000,,
52482,KING TRAVEL PLAZA,"I-95, EXIT 6",Kingsland,GA,75,3.109000,,
52483,FLYING J TRAVEL PLAZA #659,"I-70, EXIT 253",Salina,KS,523,3.772333,,
52484,KWIK STAR #303,"I-80, EXIT 201 & US-21",Brooklyn,IA,380,3.129000,,
52493,10 ACRE TRUCKSTOP,"HWY-401, EXIT 53B & HWY 1",Belleville,ON,420,3.457509,,
52493,10 ACRE TRUCKSTOP,"HWY-401, EXIT 53B & HWY 1",Belleville,ON,420,3.421783,,
52493,10 ACRE TRUCKSTOP,"HWY-401, EXIT 53B & HWY 1",Belleville,ON,420,3.394690,,
52493,10 ACRE TRUCKSTOP,"HWY-401, EXIT 53B & HWY 1",Belleville,ON,420,3.368577,,
52493,10 ACRE TRUCKSTOP,"HWY-401, EXIT 53B & HWY 1",Belleville,ON,420,3.451148,,
52493,10 ACRE TRUCKSTOP,"HWY-401, EXIT 53B & HWY 1",Belleville,ON,420,3.485928,,
52510,Valero,SR-9,Maysville,KY,312,3.599000,,
52511,JOES JUNCTION #9,"I-65, RAYMOND EXIT",Indianapolis,IN,375,3.459000,,
52512,LOVES TRAVEL STOPS #270,"I-20, EXIT 349",Ranger,TX,575,3.189000,,
52512,LOVES TRAVEL STOP #270,"I-20, EXIT 349",Ranger,TX,575,3.213000,,
52513,FLYING J TRAVEL PLAZA #678,"I-20 & I-55, EXIT 47",Pearl,MS,760,3.149000,,
52514,FLYING J TRAVEL PLAZA #671,"I-55, EXIT 58",Matthews,MO,275,3.239000,,
52516,FLYING J TRAVEL PLAZA #612,"I-40, EXIT 255",Winslow,AZ,930,3.624000,,
52517,STRIPES 7FLEET #42562,US-84 & US-385,Littlefield,TX,700,3.199000,,
52520,DANDY MINI MART #19,"ROUTE 17, EXIT 59-A",Sayre,PA,190,3.992333,,
52527,PETRO STOPPING CENTER #323,"I-75, EXIT 368",Reddick,FL,225,3.352333,,
52528,QUIKTRIP #150,"I-70, EXIT 28",Oak Grove,MO,400,2.959000,,
52529,BIG SKY TRUCK STOP,"I-15, EXIT 56 N",Dillon,MT,786,3.689000,,
52531,FLYING J FUEL STOP #768,"I-435, EXIT 57",Kansas City,MO,400,3.382333,,
52534,LEES FOOD MART #1122,"I-75, EXIT 122 & SR-61",Clinton,TN,405,2.969000,,
52535,PWI #115,"I-45, EXIT 178",Buffalo,TX,765,2.899000,,
52537,TA Express Osseo #431,"I-94, EXIT 88",Osseo,WI,448,3.469000,,
52539,PILOT TRAVEL CENTERS #331,"I-285 , EXIT 51",Atlanta,GA,18,3.599000,,
52539,PILOT TRAVEL CENTER #331,"I-285 , EXIT 51",Atlanta,GA,18,3.599000,,
52541,PANTRY TRUCKSTOP,US-2/US-41,Rapid River,MI,360,3.499000,,
52541,PANTRY TRUCKSTOP,US-2/US-41,Rapid River,MI,360,3.319000,,
52541,PANTRY TRUCKSTOP,US-2/US-41,Rapid River,MI,360,3.399000,,
52542,FLYING J TRAVEL PLAZA #624,"I-75, EXIT 285 & SR-52",San Antonio,FL,225,3.599000,,
52546,CIRCLE K #2723910,US-84 & US-27,Bainbridge,GA,20,3.599000,,
52548,Henderson Fuel Mart,"I-80, EXIT 342",Henderson,NE,350,2.899000,,
52549,SPEEDWAY #3328,"I-77, EXIT 159 A",Cleveland,OH,305,3.799000,,
52550,PILOT TRAVEL CENTERS #404,"I-24, EXIT 81 SE",Murfreesboro,TN,460,3.472333,,
52551,PILOT TRAVEL CENTERS #374,"I-10, EXIT 142 & SR-71",Marianna,FL,20,3.599000,,
52551,PILOT TRAVEL CENTER #374,"I-10, EXIT 142 & SR-71",Marianna,FL,20,3.599000,,
52552,FLYING J TRAVEL PLAZA #672,"I-49/US-71, EXIT167 & CR-J",Peculiar,MO,400,3.422333,,
52553,FLYING J TRAVEL PLAZA #689,"I-40, EXIT 153",Albuquerque,NM,580,3.549000,,
52557,SPRINT MART #40,US-72 & SR-247,Tuscumbia,AL,615,3.189000,34.5762121,-87.9574787
52558,LOVES TRAVEL STOP #271,"I-40, EXIT 37 & US-219",Ozark,AR,695,3.392333,,
52562,MOBIL,"I-87, EXIT 36",Plattsburgh,NY,39,3.799000,,
52563,FLYING J TRAVEL PLAZA #631,"I-75, EXIT 2",Lake Park,GA,20,3.322333,,
52564,FLYING J TRAVEL PLAZA #669,"I-44, EXIT 11A & US-71/SR-249 & SR-FF",Joplin,MO,277,3.412333,,
52565,PILOT TRAVEL CENTERS #377,"I-35, EXIT 13",Laredo,TX,693,3.599000,,
52566,YUMM,"I-35, EXIT 8",Laredo,TX,598,2.875667,,
52575,PILOT TRAVEL CENTERS #775,"I-15, EXIT 4",Saint George,UT,910,3.675667,,
52577,PILOT TRAVEL CENTER #329,"I-29 & I-80, EXIT 1B",Council Bluffs,IA,319,3.659000,,
52577,PILOT TRAVEL CENTERS #329,"I-29 & I-80, EXIT 1B",Council Bluffs,IA,319,3.659000,,
52580,LOVES TRAVEL STOP #405,"I-95, EXIT 29",Brunswick,GA,75,3.321000,,
52580,LOVES TRAVEL STOPS #405,"I-95, EXIT 29",Brunswick,GA,75,3.389000,,
52581,TA WILLCOX TRAVEL CENTER,"I-10, EXIT 340",Willcox,AZ,980,3.282333,,
52582,JRs Oasis,SR-50,Yankton,SD,572,3.149000,,
52585,SUPERPUMPER #22,"I-94, EXIT 42",Belfield,ND,807,3.529000,,
52587,PILOT TRAVEL CENTERS #380,"I-81, EXIT 25 & I-90, EXIT 36",Liverpool,NY,220,4.159000,,
52588,STRIPES #42564,US-87,Lubbock,TX,700,3.199000,,
52590,FLYING J TRAVEL PLAZA #661,"I-65, EXIT 2 & US-31W",Franklin,KY,415,3.169000,,
52591,FLYING J TRAVEL PLAZA #749,"I-95, EXIT 104",Ruther Glen,VA,180,3.619000,,
52594,PILOT TRAVEL CENTERS #348,"I-70, EXIT 32B",Bentleyville,PA,165,4.109000,,
52595,7-ELEVEN #40281,"I-476,  EXIT 35/95",Jim Thorpe,PA,90,3.589000,,
52597,7-ELEVEN #40278,"I-81, EXIT 44 & I-76",Plainfield,PA,70,3.967333,,
52598,7-ELEVEN #40283,"I-76, EXIT 19/247",Middletown,PA,70,3.970667,,
52599,7-ELEVEN #40285,"I-76, EXIT 21/286",Bowmansville,PA,208,3.970667,,
52601,LOVES TRAVEL STOP #236,"I-40, EXIT 161 & SR-391",North Little Rock,AR,695,3.220667,34.7469002,-92.1272660
52602,7-ELEVEN #40277,"I-76, EXIT 16/226",Newburg,PA,70,4.299000,,
52603,CASEYS #3364,US-281 & SR-200,Carrington,ND,341,3.439000,,
52605,PILOT TRAVEL CENTER #39,"I-57, EXIT 335",Monee,IL,290,3.559000,,
52605,PILOT TRAVEL CENTERS #39,"I-57, EXIT 335",Monee,IL,290,3.459000,,
52605,PILOT TRAVEL CENTERS #39,"I-57, EXIT 335",Monee,IL,290,3.399000,,
52605,PILOT TRAVEL CENTER #39,"I-57, EXIT 335",Monee,IL,290,3.399000,,
52605,PILOT TRAVEL CENTER #39,"I-57, EXIT 335",Monee,IL,290,3.439000,,
52607,PILOT TRAVEL CENTERS #409,"I-40, EXIT 172",Dickson,TN,460,3.192333,,
52608,PILOT #7971,"I-40, EXIT 133",Conover,NC,46,3.699000,,
52610,TA HARBORCREEK TRAVEL CENTER,"I-90, EXIT 35",Erie,PA,240,4.199000,,
52611,STRIPES #40530,SR-239,Del Rio,TX,740,3.229000,,
52612,STRIPES 7FLEET #42568,US-60 & CR-G,Hereford,TX,700,3.350667,,
52615,PILOT TRAVEL CENTERS #4,"I-90, EXIT 151",Avon,OH,305,3.879000,,
52616,PILOT TRAVEL CENTER #28,I-69 EXIT 234,Daleville,IN,457,3.649000,,
52616,PILOT TRAVEL CENTERS #28,I-69 EXIT 234,Daleville,IN,457,3.519000,,
52618,PILOT TRAVEL CENTERS #63,"I-85, EXIT 35",Piedmont,SC,30,3.222333,,
52620,GOODLAND 24/7 STORE,"I-70, EXIT 19",Goodland,KS,525,3.087333,,
52621,CORNER MARKET #111,"I-70, EXIT 27",Goodland,KS,525,3.059000,,
52622,STRIPES 7FLEET #42567,I-20,Stanton,TX,700,3.015667,,
52623,TA WILLINGTON TRAVEL CENTER,"I-84, EXIT 71",Willington,CT,100,5.199000,,
52624,PILOT TRAVEL CENTERS #390,"I-84, EXIT 188 & US-395",Stanfield,OR,982,3.469000,,
52625,FLYING J TRAVEL PLAZA #673,"I-44, EXIT 226 & SR-85",Sullivan,MO,540,3.324000,,
52626,FLYING J TRAVEL PLAZA #627,"I-95/SR-405, EXIT 29 & US-82/US-17/SR-25/SR-520",Brunswick,GA,75,3.395667,31.2297405,-81.4564615
52628,One9 Pride #1215,"I-10, EXIT 45",Salome,AZ,930,3.379000,,
52628,Pride Travel Center dba One9 #1215,"I-10, EXIT 45",Salome,AZ,930,3.359000,,
52629,LOVES TRAVEL STOPS #413,"I-90, EXIT 106 & US-97",Ellensburg,WA,977,3.889000,,
52629,LOVES TRAVEL STOP #413,"I-90, EXIT 106 & US-97",Ellensburg,WA,977,3.829000,,
52629,LOVES TRAVEL STOP #413,"I-90, EXIT 106 & US-97",Ellensburg,WA,977,3.949000,,
52629,LOVES TRAVEL STOP #413,"I-90, EXIT 106 & US-97",Ellensburg,WA,977,3.889000,,
52630,PILOT TRAVEL CENTERS #386,"I-5, EXIT 263",Salem,OR,935,3.859000,,
52632,LOVES TRAVEL STOP #451,"I-65, EXIT 95 & CR-500",Whiteland,IN,375,3.949000,,
52633,PILOT TRAVEL CENTERS #57,"I-40 & I-85, EXIT 152",Mebane,NC,65,3.959000,,
52634,PETRO STOPPING CENTER #362,"I-80, EXIT 353",York,NE,330,3.299000,,
52635,E EXPRESS at MLK,"I-40 & I-35, EXIT 127",Oklahoma City,OK,483,2.889000,,
52636,LOVES TRAVEL STOP #414,"I-64, EXIT 25B & US-41",Haubstadt,IN,340,3.949000,,
52638,STRIPES 7FLEET #42555,"I-20, EXIT 80 & SR-18",Monahans,TX,710,2.929000,,
52640,SPEEDWAY #8316,US-30 & US-41,Dyer,IN,290,3.649000,41.4907932,-87.4710483
52641,PILOT TRAVEL CENTERS #71,"I-95, EXIT 109",Port Wentworth,GA,195,3.372333,,
52641,PILOT TRAVEL CENTER #71,"I-95, EXIT 109",Port Wentworth,GA,195,3.419000,,
52642,One9 #61,"I-26, EXIT 52 & SR-56",Clinton,SC,30,3.099000,,
52643,Minit Mart #3,HIGHWAY 277 & FM 1589,Eagle Pass,TX,693,3.199000,,
52644,ONE9 #058,"I-95, EXIT 180 & SR-48",Pleasant Hill,NC,205,3.399000,,
52646,FLYING J TRAVEL PLAZA #619,"I-70, EXIT 285",Aurora,CO,800,3.392333,,
52647,FLYING J TRAVEL PLAZA #699,"I-70, EXIT 122",Millersport,OH,315,3.445667,,
52648,Stripes #42566,US-67 & SR-158,Ballinger,TX,612,3.055667,,
52649,FLYING J TRAVEL PLAZA #623,"I-10, EXIT 192 & US-90",Midway,FL,20,3.799000,,
52651,TA NEW BRAUNFELS TRAVEL CENTER,"I-35, EXIT 193",New Braunfels,TX,740,3.449000,,
52652,PILOT TRAVEL CENTERS #47,"I-275, EXIT 129",Georgetown,KY,410,3.205667,,
52656,TRAVELING TIGER CENTER,"I-10, EXIT 87",Sierra Blanca,TX,640,3.155667,,
52658,LOVES TRAVEL STOP #274,"I-40, EXIT 221 & SR-27",Okemah,OK,560,3.355667,,
52659,LOVES TRAVEL STOP #276,"I-10, EXIT 20",Lordsburg,NM,640,3.457333,,
52661,LOVES TRAVEL STOP #281,"I-35 WEST, EXIT 40",Fort Worth,TX,630,3.187333,,
52663,EXXON,"I-20/I-59, EXIT 17 & SR-28",Livingston,AL,705,2.979000,32.5990428,-88.1829217
52664,PETRO STOPPING CENTER #378,I-81 EXIT 178B,Pittston,PA,200,4.165667,,
52667,EXPRESS LANE TRAVEL CENTER,"I-20, EXIT 100 & US-80",Lawrence,MS,705,3.299000,,
52669,COLUMBIA TRUCK STOP,US-46,Columbia,NJ,115,3.079000,,
52674,FLYING J TRAVEL PLAZA #738,"I-20/FM707, EXIT 277",Tye,TX,575,3.124000,,
52675,PILOT TRAVEL CENTER #907- TOWN PUMP,"I-94, EXIT 138",Miles City,MT,780,3.499000,,
52676,PILOT TRAVEL CENTERS #336,"I-80, EXIT 97 & US-219",Du Bois,PA,14,4.034000,,
52678,STRIPES 7FLEET #42433,US-277,Bronte,TX,739,3.474000,,
52679,LOVES TRAVEL STOP #404,"I-295, EXIT 56 & I-95, EXIT 7",Bordentown,NJ,150,3.979000,,
52680,PILOT TRAVEL CENTER #91,"I-95, EXIT 329",Saint Johns,FL,75,3.424000,,
52680,PILOT TRAVEL CENTERS #91,"I-95, EXIT 329",Saint Johns,FL,75,3.499000,,
52683,PILOT TRAVEL CENTER #145,"I-40/US-71/US-62, EXIT 72 AND US-412",Springdale,AR,416,3.463000,36.0675294,-90.5807369
52683,PILOT TRAVEL CENTERS #145,"I-40/US-71/US-62, EXIT 72 AND US-412",Springdale,AR,416,3.459000,36.0675294,-90.5807369
52684,KWIK STAR #348,US-30/US-67,Clinton,IA,270,3.624000,,
52685,LOVES TRAVEL STOP #275,"I-40/US-63, EXIT 233 & SR-261",Palestine,AR,435,3.315667,34.9719327,-90.9064974
52686,LOVES TRAVEL STOP #278,"I-40, EXIT 277",Joseph City,AZ,930,3.607333,,
52687,LOVES TRAVEL STOP #286,"I-10, EXIT 17",Quartzsite,AZ,930,3.949000,,
52690,LOVES TRAVEL STOP #415,"I-95 & OKEECHOBEE RD, EXIT 129",Fort Pierce,FL,95,3.505667,,
52691,PILOT TRAVEL CENTERS #312,"I-20/SR-402, EXIT 5 & SR-100",Tallapoosa,GA,18,3.449000,,
52691,PILOT TRAVEL CENTER #312,"I-20/SR-402, EXIT 5 & SR-100",Tallapoosa,GA,18,3.389000,,
52692,PILOT TRAVEL CENTER #249,"I-70/I-55, EXIT 18 & SR-162",Troy,IL,540,3.699000,,
52692,PILOT TRAVEL CENTERS #249,"I-70/I-55, EXIT 18 & SR-162",Troy,IL,540,3.439000,,
52692,PILOT TRAVEL CENTERS #249,"I-70/I-55, EXIT 18 & SR-162",Troy,IL,540,3.439000,,
52692,PILOT TRAVEL CENTERS #249,"I-70/I-55, EXIT 18 & SR-162",Troy,IL,540,3.439000,,
52692,PILOT TRAVEL CENTER #249,"I-70/I-55, EXIT 18 & SR-162",Troy,IL,540,3.379000,,
52692,PILOT TRAVEL CENTER #249,"I-70/I-55, EXIT 18 & SR-162",Troy,IL,540,3.579000,,
52697,FLYING J TRAVEL PLAZA #747,"I-15, EXIT 261",Springville,UT,835,3.765667,,
60084,SUNSTOP #625,US-84,Ashford,AL,20,3.599000,,
60106,SUNSTOP #619,US-84,Daleville,AL,720,3.399000,,
60114,SUNSTOP #606,US-84/SR-167,Enterprise,AL,20,3.699000,,
60136,HOBO PANTRY #18,US-431,Headland,AL,20,3.599000,,
60145,OCS QUICK STOP,US-43/SR-13,Mount Vernon,AL,715,3.699000,,
60147,HOP-IN FOOD STORES,US-82 & SR-22,Maplesville,AL,720,3.399000,32.6653204,-86.9308920
60191,PILOT #1180,"I-10, EXIT 94",Tonopah,AZ,930,3.899000,,
60191,PILOT TRAVEL CENTER #1180,"I-10, EXIT 94",Tonopah,AZ,930,3.899000,,
60206,TA EXPRESS #649,"I-25, EXIT 52",Walsenburg,CO,796,4.259000,,
60208,BERKSHIRE PETROLEUM,"I-91, EXIT 9",North Haven,CT,100,3.549000,,
60220,ZELLWOOD TRUCK STOP,US-441,Zellwood,FL,140,3.499000,,
60224,SUNSTOP #419,US-19,Camilla,GA,20,3.499000,,
60226,CIRCLE K #2723903,US-82 & SR-520,Dawson,GA,20,3.499000,,
60229,96 TRAVEL PLAZA,"I-16, EXIT 24",Jeffersonville,GA,85,3.399000,,
60230,CIRCLE K #2745152,US-19,Pelham,GA,20,3.499000,,
60242,KWIK STAR #711,US-18/US-52,Monona,IA,565,3.624000,,
60243,PETRO MART,"I-29, EXIT 112",Onawa,IA,527,3.157333,,
60245,STINKER #74,"I-84, EXIT 137",Bliss,ID,785,3.634000,,
60248,METRO,"I-95, EXIT 12",Avenel,NJ,115,3.299000,,
60250,ELIZABETH TRUCK STOP,"I-95, EXIT 13A & SR-81",Elizabethport,NJ,115,3.399000,,
60255,HUCKS FOOD & FUEL #186,US-51/CR-1450 & US-136,Heyworth,IL,368,3.479000,,
60255,HUCKS FOOD & FUEL #186,US-51/CR-1450 & US-136,Heyworth,IL,368,3.549000,,
60256,BOLLA MARKET,"I-84, EXIT 1",Montague,NJ,115,3.519000,,
60270,CHUCKLES #27,SR-57,Washington,IN,340,3.339000,,
60273,24-7,"I-70, EXIT 53 & SR-25",Colby,KS,525,3.055667,,
60280,JUMP START #9,"I-35, EXIT 4",South Haven,KS,570,3.069000,,
60282,CRVS #7,SR-96 & SR-27,Tribune,KS,525,3.399000,,
60294,LITTLE CAPITOL EXXON,"I-10, EXIT 115",Breaux Bridge,LA,600,3.899000,,
60295,EXIT 80 TRAVEL PLAZA,"I-10, EXIT 80",Crowley,LA,730,3.109000,,
60298,BEAU CHENE TRUCK STOP,"I-49, EXIT 11",Grand Coteau,LA,730,3.399000,,
60313,WHITE MARSH TRUCK STOP,US-40,White Marsh,MD,22,3.369000,,
60316,CIRCLE K #4707001,"I-95, EXIT 264 & SR-158",Sherman,ME,170,3.932333,,
60324,FUEL MART OF AMERICA,"I-75, EXIT 59",Detroit,MI,325,3.499000,,
60326,SUNRISE CONVENIENCE STORE #29,"I-69, EXIT 184",Memphis,MI,325,3.559000,,
60326,SUNRISE CONVENIENCE STORE #29,"I-69, EXIT 184",Memphis,MI,325,3.499000,,
60328,SPEEDWAY #8748,"I-69, EXIT 6",Flint,MI,342,3.339000,,
60329,CHARLIES COUNTRY CORNER,"I-75, EXIT 271",Grayling,MI,287,3.899000,,
60329,CHARLIES COUNTRY CORNER,"I-75, EXIT 271",Grayling,MI,287,3.799000,,
60333,LAKESHORE BP,US-2,Manistique,MI,287,3.499000,,
60341,SNAPPY FOOD MART,ST 60,Tekonsha,MI,431,3.589000,,
60342,True North #254,US-31 & SR-37,Traverse City,MI,456,3.789000,,
60342,True North #254,US-31 & SR-37,Traverse City,MI,456,3.729000,,
60344,DORR TRUCK STOP,"US-131, EXIT 68",Wayland,MI,344,3.499000,,
60347,KWIK TRIP #875,"I-90, EXIT 157, BRIDGE ST ENTRANCE",Albert Lea,MN,515,3.324000,,
60358,PETRO SERVE USA #54,US-10,Glyndon,MN,341,3.449000,,
60372,FLYING W CONVENIENCE STORE,SR-96,Carthage,MO,277,3.199000,,
60373,FLYING J #571,"I-57, EXIT 12 & US-60",Charleston,MO,490,3.559000,,
60374,PILOT TRAVEL CENTERS #385,US-54 & SR-13,Collins,MO,416,3.495667,,
60379,FAST LANE #50,US-54/SR-19,Laddonia,MO,540,3.157333,,
60380,AMOCO,US-63/US-136,Lancaster,MO,320,3.249000,,
60382,WINDSTARS #5101,"I-435, EXIT 57",Kansas City,MO,400,3.099000,,
60383,CASEYS #4399,"I-70, EXIT 175",New Florence,MO,392,2.949000,,
60392,Kangaroo Crossing #1107,"I-20, EXIT 68 & SR-43",Pelahatchie,MS,705,3.199000,,
60398,TOWN PUMP FOOD STORE #610,"I-90, EXIT 333",Livingston,MT,786,3.644000,,
60400,CAN AM C STORE,SR-16,Plentywood,MT,807,3.499000,,
60416,MINUTEMAN FOOD MART #20,US-74 & US-76,Whiteville,NC,245,3.460667,,
60420,PUMP & PANTRY #35,US-183,Alma,NE,330,3.459000,,
60426,BONS BONS MOBIL,US-3,Merrimack,NH,125,3.699000,,
60434,ENRITE,US-9,Linden,NJ,79,3.342333,,
60442,Circle K #4706716,SR-71 & SR-47,Yorkville,IL,290,3.799000,41.6194122,-88.4478585
60442,Circle K #4706716,SR-71 & SR-47,Yorkville,IL,290,3.499000,41.6194122,-88.4478585
60442,Circle K #4706716,SR-71 & SR-47,Yorkville,IL,290,3.599000,41.6194122,-88.4478585
60460,HAHN OIL,US-36,Coshocton,OH,315,3.299000,,
60461,TRUE NORTH #704,"I-75, EXIT 56A",Dayton,OH,317,3.799000,,
60463,Anna Truck Stop,"I-75, EXIT 99",Anna,OH,411,3.015667,,
60465,MOTOMART #4129,ST 309,Marion,OH,411,3.342333,,
60471,FUEL MART #701,"I-480/I-271, EXIT 23 & SR-8",Bedford,OH,305,3.529000,,
60473,BELL STORES #50,ST 3,Wooster,OH,249,3.599000,,
60476,PETES #11,US-75,Dewey,OK,560,3.154000,,
60508,FEGLEY VALERO,SR-309,Tamaqua,PA,90,3.599000,,
60513,CIRCLE K #2723873,US-17,Georgetown,SC,42,2.899000,,
60515,FLASH MARKET #302,SR-9 & SR-151,Pageland,SC,46,3.385667,,
60516,ENMARKET #892,"I-95, EXIT 150",Harleyville,SC,195,3.399000,,
60519,CORNER PANTRY #25,US-14,Huron,SD,571,3.079000,,
60538,TEXACO #380031,ST 21W,Bryan,TX,765,3.399000,,
60539,SHELL,US-96 & SR-62/FM-1004,Buna,TX,610,3.102333,30.5923986,-93.9167258
60540,CIRCLE K #2706340,"I-20, EXIT 533",Canton,TX,630,2.775667,,
60551,CIRCLE K #2744522,"I-30, EXIT 201  I-30 & SR-8",New Boston,TX,766,2.942333,33.4598420,-94.4154790
60554,CEFCO #2070,"I-27, EXIT 49",Plainview,TX,700,2.832333,34.1867864,-101.7490451
60565,CEFCO #2006,"I-40, EXIT 163",Shamrock,TX,585,3.099000,,
60579,SPEEDWAY #4633,US-220/US-221/US-460,Roanoke,VA,185,3.399000,,
60587,BJS AUTO TRUCK PLAZA,SR-28,Rock Island,WA,970,4.099000,,
60587,BJS AUTO TRUCK PLAZA,SR-28,Rock Island,WA,970,3.999000,,
60589,RIVER COUNTRY PLAZA,"SR-29, EXIT 91",Cadott,WI,295,3.397333,,
60590,DARLINGTON MINI MART,SR-23 & SR-81,Darlington,WI,420,3.399000,,
60601,HOLIDAY STATIONSTORE #2746229,US-53/US-2,Superior,WI,545,3.339000,,
60635,EXXON ON THE RUN,US-62/US-412 & SR-126,Gassville,AR,535,3.695000,36.2874759,-92.4815791
60650,SHELL DBA ONE9 #1244,"I-8, EXIT 115",Gila Bend,AZ,930,3.259000,,
60650,ONE9 #1244,"I-8, EXIT 115",Gila Bend,AZ,930,3.359000,,
60700,PWI #502,"I-70/US-40, EXIT 259",Golden,CO,800,3.199000,,
60707,REATA TRAVEL STOP,"I-76, EXIT 125",Sterling,CO,800,3.399000,,
60708,CRVS STORE #6,US-385,Wray,CO,800,3.449000,,
60762,BP,US-1 & US-341,Baxley,GA,195,3.599000,,
60768,GAS N GO FOOD STORE,"I-75, EXIT 290/US-41",Cartersville,GA,48,2.942333,,
60773,NEIGHBORS EXPRESS,US-341/SR-27 & US-129 ALT/SR-340,Hawkinsville,GA,20,3.399000,32.2820333,-83.4544776
60779,Marathon,US-129,Eatonton,GA,85,3.399000,,
60781,JP PERRY,"I-75, EXIT 138",Perry,GA,85,3.082333,,
60783,CIRCLE K #2723324,US-441/US-23/SR-15 & SR-17A/SR-385,Clarkesville,GA,16,3.439000,,
60787,MARATHON,"I-20, EXIT 11",Lithia Springs,GA,48,2.872333,,
60788,SPRINT FOODS #722,US-1/SR-4/SR-17 & SR-24,Louisville,GA,85,4.099000,32.5216557,-81.5328372
60791,MARATHON #9,"I-475, EXIT 1",Macon,GA,85,3.039000,,
60795,CIRCLE K #2745080,US-319/US-129/SR-90/SR-11,Ocilla,GA,10,3.625667,31.6340395,-83.2479398
60797,EVANS FOOD MART,SR-20,Rome,GA,193,3.699000,,
60804,JET FOOD STORE #4,US-1 & SR-78,Wadley,GA,135,3.415667,32.8676607,-82.3952439
60807,BATAVIA GARDENS AND GAS,"US-34, EXIT 203",Batavia,IA,320,3.379000,,
60817,KWIK STAR #712,US-218 & SR-27,Janesville,IA,565,3.599000,,
60822,CASEYS #3639,US-18/US-52,Postville,IA,420,3.599000,,
60829,BARRY TRAVEL PLAZA,"I-72, EXIT 20",Barry,IL,540,3.599000,,
60833,SPEEDWAY #5400,CR-11 & CR-23,Bloomingdale,IL,290,3.759000,,
60834,SPEEDWAY #7422,SR-43,Burbank,IL,293,3.619000,,
60839,FREEDOM OIL #18,"I-74, EXIT 82",Edwards,IL,270,3.499000,,
60839,FREEDOM OIL #18,"I-74, EXIT 82",Edwards,IL,270,3.399000,,
60839,FREEDOM OIL #18,"I-74, EXIT 82",Edwards,IL,270,3.899000,,
60846,EXPRESS LANE #50,"I-88, EXIT 10",Hillsdale,IL,270,3.699000,,
60846,EXPRESS LANE #50,"I-88, EXIT 10",Hillsdale,IL,270,3.999000,,
60846,EXPRESS LANE #50,"I-88, EXIT 10",Hillsdale,IL,270,3.799000,,
60851,SPEEDWAY #7382,I-355 & SR-64,Lombard,IL,293,3.249000,,
60851,SPEEDWAY #7382,I-355 & SR-64,Lombard,IL,293,3.349000,,
60851,SPEEDWAY #7382,I-355 & SR-64,Lombard,IL,293,3.299000,,
60857,RED ROOSTER TERMINAL,US-50/SR-250 & SR-130,Olney,IL,510,3.189000,,
60857,RED ROOSTER TERMINAL,US-50/SR-250 & SR-130,Olney,IL,510,3.249000,,
60857,RED ROOSTER TERMINAL,US-50/SR-250 & SR-130,Olney,IL,510,3.399000,,
60857,RED ROOSTER TERMINAL,US-50/SR-250 & SR-130,Olney,IL,510,3.189000,,
60857,RED ROOSTER TERMINAL,US-50/SR-250 & SR-130,Olney,IL,510,3.349000,,
60857,RED ROOSTER TERMINAL,US-50/SR-250 & SR-130,Olney,IL,510,3.399000,,
60865,Truckquest,"I-55, EXIT 286",Cicero,IL,290,3.599000,,
60865,Truckquest,"I-55, EXIT 286",Cicero,IL,290,3.649000,,
60871,WENONA BP,"I-39/US-51, EXIT 35 & SR-17",Wenona,IL,280,3.499000,41.0576465,-89.0202608
60881,GAS AND STUFF,"I-64, EXIT 118",Georgetown,IN,415,3.799000,,
60882,SPEEDWAY #6666,US-33,Goshen,IN,465,3.815667,,
60887,STERNBERG CITGO TRUCK STOP,"I-64, EXIT 57",Jasper,IN,340,3.759000,,
60890,JACK FLASH,I-57 EXIT 135,Farina,IL,510,3.099000,,
60890,JACK FLASH,I-57 EXIT 135,Farina,IL,510,3.199000,,
60900,7-ELEVEN #40504,"I-80/I=90, MM 56 EB",Rolling Prairie,IN,465,3.999000,,
60902,SPEEDWAY #6674,"I-80/I-90, EXIT 72 & SR-31",South Bend,IN,465,3.690667,,
60913,J Mart #1,"HWY 50 E, HWY 83 N",Garden City,KS,525,3.529000,,
60926,CENEX,US-36 & US-83,Oberlin,KS,525,3.159000,,
60958,NORTH WEST TRUCK STOP,US-90 & SR-3211,Franklin,LA,600,3.399000,,
60979,TOBACCO PLUS #5,"I-10, EXIT 4 & US-90",Vinton,LA,690,2.999000,,
60988,GULF OIL LP #5020,"I-90, MM291",Blandford,MA,215,3.914000,,
60989,Blandford Service Plaza Westbound,"I-90, EXIT MM29",Blandford,MA,215,3.919000,,
60993,GULF #5165,"I-90, EXIT 12",Framingham,MA,34,4.065667,,
60997,GULF OIL #5035,I-90 MM 66.7,Ludlow,MA,215,3.914000,,
60998,GULF OIL #5030,"I-90, EXIT 7",Ludlow,MA,215,3.909000,,
61004,Applegreen,SR-15,Sturbridge,MA,215,3.999000,,
61006,GULF OIL LP #5155,"I-90, EXIT 11",Westborough,MA,215,3.909000,,
61019,MARDELA GOOSE CREEK FOOD STORE,US-50,Mardela Springs,MD,194,3.979000,,
61021,WESTOVER GOOSE CREEK,US-13 & SR-673,Westover,MD,194,3.259000,,
61028,MARATHON,"US-10, EXIT 137",Bay City,MI,260,3.259000,,
61028,MARATHON,"US-10, EXIT 137",Bay City,MI,260,3.199000,,
61030,HAGGERTY JOY MOBIL,I-275,Canton,MI,325,3.699000,,
61032,MARATHON,US-10/US-127,Clare,MI,260,3.289000,,
61032,MARATHON,US-10/US-127,Clare,MI,260,3.299000,,
61034,MOTOR CITY TRUCK STOP,"I-75, EXIT 43",Detroit,MI,325,3.499000,,
61037,HEARTLAND MOBIL,US-23,Fenton,MI,342,3.849000,,
61038,SPEEDWAY #8753,"I-475, EXIT 4",Burton,MI,342,3.399000,,
61038,SPEEDWAY #8753,"I-475, EXIT 4",Burton,MI,342,3.289000,,
61038,SPEEDWAY #8753,"I-475, EXIT 4",Burton,MI,342,3.089000,,
61038,SPEEDWAY #8753,"I-475, EXIT 4",Burton,MI,342,3.259000,,
61042,CITGO,"US-131, EXIT 44",Kalamazoo,MI,465,3.499000,,
61057,CIRCLE K #2746537,US-2 & US-41,Rapid River,MI,360,3.499000,,
61057,CIRCLE K #2746537,US-2 & US-41,Rapid River,MI,360,3.319000,,
61057,CIRCLE K #2746537,US-2 & US-41,Rapid River,MI,360,3.399000,,
61057,CIRCLE K #2746537,US-2 & US-41,Rapid River,MI,360,3.449000,,
61063,PS Food Mart,I-69 EXIT 25,Tekonsha,MI,431,3.589000,,
61063,PS Food Mart,I-69 EXIT 25,Tekonsha,MI,431,3.519000,,
61076,Holiday StationStore #2746408,"I-35, EXIT 129",Forest Lake,MN,448,3.399000,,
61080,CO-OP SERVICE,US-10 & CR-67,New York Mills,MN,250,3.499000,46.5175178,-95.3769027
61090,Northdale Oil,US-59 & SR-1,Thief River Falls,MN,355,3.239000,,
61093,CIRCLE K #2746501,"I-90, EXIT 45 & SR-60",Worthington,MN,432,3.142333,,
61099,LOVES TRAVEL STOP #488,"I-55, EXIT 157 & SR-32",Bloomsdale,MO,540,3.382333,37.6070152,-93.3449780
61102,FAST LANE #54,US-63,Columbia,MO,310,3.207333,,
61106,TEMP STOP #102,US-54 & SR-52,Eldon,MO,392,3.199000,,
61110,HB OF RANDOLPH,"I-435, EXIT 55B & SR-210",Kansas City,MO,400,3.149000,,
61111,Caseys #4540,"I-35, EXIT 40 & SR-116",Lathrop,MO,400,3.075667,,
61115,BREAK TIME #3071,US-24 & US-63,Moberly,MO,310,3.469000,39.4414443,-92.4325851
61118,MIDWEST PETROLEUM #21,"I-55, EXIT 129",Perryville,MO,275,2.990667,,
61145,TEXACO,US-49 & US-98,Hattiesburg,MS,620,3.199000,,
61146,STUCKEYS EXPRESS #619,"I-59, EXIT 113 & SR-528",Heidelberg,MS,620,3.499000,,
61149,CEFCO #501,US-45,Lauderdale,MS,705,2.899000,,
61168,Blue Sky #717,US-72 & SR-15,Walnut,MS,435,3.099000,,
61171,CHEVRON CURB STORE,US-49 & SR-26,Wiggins,MS,620,3.499000,30.8579062,-89.3375227
61176,TOWN PUMP FOOD STORE #8947,US-2,Chinook,MT,815,3.629000,,
61182,TOWN PUMP FOOD STORE #3000,US-87,Lewistown,MT,815,3.599000,,
61193,SPEEDWAY #8502,"I-75, EXIT 161 & CR-99",Findlay,OH,411,3.299000,,
61195,MINUTEMAN FOOD MART #06,SR-24,Clinton,NC,245,3.649000,,
61205,SPEEDWAY #6961,"I-40, EXIT 303",Garner,NC,177,2.920667,,
61210,SHEETZ #548,US-29,Greensboro,NC,65,2.859000,,
61254,7-ELEVEN #36075,"I-77, EXIT 65 & SR-901",Union Grove,NC,46,2.859000,,
61266,CENEX CONVENIENCE STORE,US-2 & SR-19,Devils Lake,ND,355,3.249000,,
61269,FLYING J #489,"I-29, EXIT 138",Grand Forks,ND,341,3.615667,,
61271,MARATHON,"I-94, EXIT 292",Valley City,ND,341,3.499000,,
61291,FLEMING OIL FOOD MART,ST 9,West Chesterfield,NH,12,3.899000,,
61292,ENRITE,"I-95, EXIT 14A",Jersey City,NJ,115,3.349000,,
61301,SUNOCO- WALT WHITMAN PLAZA #7007,"NJTP,MILE POST 30",Cherry Hill,NJ,150,3.899000,,
61304,A Plus MOLLY PITCHER PLAZA #7011,MILE POST 71.7 NJ TURNPIKE SO,Cranbury,NJ,115,3.909000,,
61305,BP,US-130,Cranbury,NJ,150,3.145667,,
61308,CARLSTADT VALERO,SR-120,Carlstadt,NJ,115,3.199000,,
61312,BLUE STAR,US-202 & SR-31,Flemington,NJ,115,3.399000,40.5343515,-74.8575042
61326,SUNOCO JAMES F COOPER PLAZA- #7008,MILEPOST 39 NJ TURNPIKE N,Mount Laurel,NJ,150,3.959000,39.9850989,-74.8828383
61328,KW RASTALL OIL,US-130,North Brunswick,NJ,115,3.199000,,
61333,46 GAS AND TRUCK STOP,US-46,Palisades Park,NJ,115,3.235667,,
61337,SUNOCO- JOHN FENWICK PLAZA #7006,"NJTP, MM 5",Penns Grove,NJ,150,3.909000,,
61339,FUEL ONE,"I-78, EXIT 3 & US-22",Phillipsburg,NJ,79,3.359000,,
61346,SUNOCO- ALEXANDER HAMILTON PLAZA #7016,NEW JERSEY TURNPIKE SOUTH MILEPOST 111.6,Secaucus,NJ,115,3.899000,,
61357,KENT KWIK #501,US-70 & US-54,Alamogordo,NM,593,2.982333,,
61364,HUNTINGTON BROADWAY CONOCO,US-64 BUS,Farmington,NM,614,3.799000,,
61409,104 STORE,SR-370/SR-104,Red Creek,NY,220,3.799000,,
61410,KWIK FILL #58,ST 15,Rochester,NY,190,3.969000,,
61410,KWIK FILL #58,ST 15,Rochester,NY,190,3.999000,,
61421,7-ELEVEN #40294,"I-80 WB, EXIT 139",Amherst,OH,249,3.532333,,
61430,7-ELEVEN #40303,"I-90, EXIT 7",Clyde,OH,550,3.662333,,
61431,7-ELEVEN #40304,"I-90, EXIT 7",Clyde,OH,550,3.662333,,
61439,7-ELEVEN #40302,"I-75, EXIT 157",Genoa,OH,550,3.662333,,
61449,7-ELEVEN #40297,"I-80, EXIT 13A",Mantua,OH,249,3.532333,,
61450,7-ELEVEN #40298,I-80,Mantua,OH,249,3.532333,,
61453,CITGO,"I-475, EXIT 6",Maumee,OH,550,3.499000,,
61458,7-ELEVEN #40299,OHIO TNPK MM 237 & SR-26,New Springfield,OH,165,3.532333,,
61459,7-ELEVEN #40300,"I-76, EXIT 157",New Springfield,OH,165,3.532333,,
61461,S&G,"I-280, EXIT 7",Oregon,OH,550,3.599000,,
61477,CHOCTAW NATION GRANT #633,US-271,Grant,OK,253,2.999000,,
61483,CM SILVER DOLLAR,"I-220, EXIT 7",Shreveport,LA,745,3.299000,,
61492,SPRINGER TRAVEL PLAZA,I-35 EXIT 40,Springer,OK,253,2.915667,,
61508,7-ELEVEN #40275,"I-70 & I-76 NB, MM 147",Bedford,PA,14,4.199000,,
61509,7-ELEVEN #40275,"I-70/I-76 SB, MM 147",Bedford,PA,14,4.199000,,
61511,MIDWAY FUEL AND TRUCK WASH,"I-78/US-22, EXIT 16",Bethel,PA,208,3.364000,,
61515,Carlisle Fuel Stop,"I-81, EXIT 52",Carlisle,PA,70,3.359000,,
61540,S&P Oil,US-13,Levittown,PA,160,3.815667,,
61559,7-ELEVEN #40273,34 MILE WEST OF EXIT 11/146,Somerset,PA,168,4.207333,,
61560,7-ELEVEN #40272,"I-70 & 76, EXIT 10",Somerset,PA,168,4.207333,,
61567,7-ELEVEN #35774,"I-76, EXIT 5/48",Verona,PA,165,4.207333,,
61569,KWIK FILL #295,US-6 BUS,Warren,PA,240,4.699000,,
61570,7-ELEVEN #40276,"I-76, EXIT 12/161 & SR-655",Waterfall,PA,14,4.199000,,
61571,7-ELEVEN #40280,MILE MARKER 55 NE EXT PENN TPKE,Allentown,PA,90,3.589000,,
61594,SPINX #138 (DISCOUNT AVAILABLE),"I-85, EXIT 44",Greenville,SC,30,3.042333,,
61595,CORNER MART 3338,"I-85, EXIT 44",Greenville,SC,30,2.907000,,
61596,HOT SPOT #2009,US-25/US-178 & SR-225,Greenwood,SC,30,2.939000,34.1904145,-82.1853794
61597,SPINX #121,"I-85, EXIT 56",Greer,SC,30,3.165667,,
61598,Shell,SR-41,Hemingway,SC,245,3.199000,,
61599,HOT SPOT #2013,"I-26, EXIT 10",Inman,SC,210,3.149000,,
61605,HOT SPOT #2028,US-76/US-301,Marion,SC,63,2.999000,,
61616,PILOT #4578,"I-77, EXIT 48 & SC-200",Winnsboro,SC,135,3.409000,,
61621,CUBBYS #401,"I-90 , EXIT 332 & SR-37",Mitchell,SD,530,3.149000,,
61625,PRARIE STOP,US-212 & SR-20,Watertown,SD,566,3.279000,,
61633,ECO TRAVEL PLAZA,"I-40, EXIT 320 & SR-298",Crossville,TN,405,3.025667,,
61642,PILOT TRAVEL CENTERS #252,"I-35, EXIT 26",Kearney,MO,400,3.699000,,
61646,SHELL,"I-40, EXIT 35 & SR-59",Mason,TN,435,3.549000,35.3806864,-89.5706750
61651,LEES FOOD MART #123,"I-81, EXIT 23 AT MILE 23",Bulls Gap,TN,405,3.259000,,
61654,MAJOR MARKETS #276,US-51/SR-3,Ripley,TN,435,3.799000,35.7551762,-89.5502453
61656,PHILLIPS 66,US-51,Union City,TN,460,3.382333,,
61660,MARATHON,"I-40, EXIT 108",Wildersville,TN,435,3.099000,,
61684,WOODYS FOOD MART,"I-45 & SR-7, EXIT 164",Centerville,TX,670,2.845667,,
61730,STRIPES 7FLEET #42430,"I-20, EXIT 131",Midland,TX,612,3.569000,,
61747,TEX-BEST #504,"I-35, EXIT 141",Von Ormy,TX,740,3.157333,,
61751,ALLSUPS CONVENIENCE STORE #2264,SR-214,Seminole,TX,710,3.094000,,
61761,ALLSUPS CONVENIENCE STORE #2304,"I-40, EXIT 36 & US-385",Vega,TX,585,2.999000,,
61763,ALLSUPS CONVENIENCE STORE #2283,"I-20, EXIT 73",Wickett,TX,710,2.899000,,
61787,DUCK THRU FOOD STORE #5,US-258,Franklin,VA,180,3.499000,,
61796,EXXON,US-220,Martinsville,VA,185,3.375000,,
61799,CIRCLE K #2723712,"I-77, EXIT 52 & US-52/SR-42",Bland,VA,185,3.375667,,
61804,CARTERS ONE STOP,"I-95 & SR-301, EXIT 31 & SR-40",Stony Creek,VA,180,2.959000,,
61806,LANKFORD TRUCK PLAZA,US-13 & CR-646,Townsend,VA,130,3.399000,,
61819,CHEVRON,"I-5, EXIT 36",Longview,WA,935,4.499000,,
61830,APPLETON TRAVEL PLAZA,SR-96,Appleton,WI,444,3.405667,,
61832,BARRON FARMERS UNION,"US-8, EXIT 53",Barron,WI,545,3.639000,,
61835,BRISTOL BP,"I-94, EXIT 345 & US-45",Bristol,WI,444,3.719000,,
61843,KWIK TRIP #332,SR-33,Horicon,WI,444,3.215667,,
61849,KWIK TRIP #306,"I-94, EXIT 259 & SR-89",Lake Mills,WI,420,3.432333,,
61862,KWIK TRIP #781,SR-21,Redgranite,WI,582,3.352333,,
61867,KWIK TRIP #318,SR-27 & SR-16/SR-71,Sparta,WI,515,3.342333,44.0611120,-90.8619591
61877,CASEYS #3715,SR-59,Whitewater,WI,420,3.299000,,
61879,KWIK TRIP #347,SR-13,Wisconsin Rapids,WI,395,3.312333,,
61880,KWIK TRIP #310,SR-13/SR-73,Wisconsin Rapids,WI,395,3.262333,,
61908,CRANBROOK HUSKY,HWY 3/95,Cranbrook,BC,50,4.507622,,
61908,CRANBROOK HUSKY,HWY 3/95,Cranbrook,BC,50,4.510940,,
61908,CRANBROOK HUSKY,HWY 3/95,Cranbrook,BC,50,4.508617,,
61968,FLYING J TRAVEL PLAZA #701,"I-35, EXIT 33",Ardmore,OK,253,3.659000,,
61978,PETRO-CANADA,HWY 247,Etobicoke,ON,720,3.591477,,
61978,PETRO-CANADA,HWY 247,Etobicoke,ON,720,3.561779,,
61978,PETRO-CANADA,HWY 247,Etobicoke,ON,720,3.616677,,
61978,PETRO-CANADA,HWY 247,Etobicoke,ON,720,3.624943,,
61978,PETRO-CANADA,HWY 247,Etobicoke,ON,720,3.618274,,
61978,PETRO-CANADA,HWY 247,Etobicoke,ON,720,3.625477,,
61983,PETRO-CANADA,HWY 35,Orono,ON,720,3.591477,,
61996,PETRO-CANADA,"HWY-402, EXIT 9 & CR-22",Sarnia,ON,620,3.340714,,
61996,PETRO-CANADA,"HWY-402, EXIT 9 & CR-22",Sarnia,ON,620,3.310415,,
61996,PETRO-CANADA,"HWY-402, EXIT 9 & CR-22",Sarnia,ON,620,3.318470,,
61996,PETRO-CANADA,"HWY-402, EXIT 9 & CR-22",Sarnia,ON,620,3.317981,,
61996,PETRO-CANADA,"HWY-402, EXIT 9 & CR-22",Sarnia,ON,620,3.311146,,
61996,PETRO-CANADA,"HWY-402, EXIT 9 & CR-22",Sarnia,ON,620,3.311877,,
61998,PETRO-CANADA,HWY 417,Gloucester,ON,400,3.728045,,
61998,PETRO-CANADA,HWY 417,Gloucester,ON,400,3.785400,,
61998,PETRO-CANADA,HWY 417,Gloucester,ON,400,3.820845,,
61998,PETRO-CANADA,HWY 417,Gloucester,ON,400,3.728868,,
61998,PETRO-CANADA,HWY 417,Gloucester,ON,400,3.758652,,
61998,PETRO-CANADA,HWY 417,Gloucester,ON,400,3.820282,,
62008,LOVES TRAVEL STOP #366,"I-81, EXIT 90",Jonestown,PA,70,3.857333,,
62016,PETRO-CANADA,"HWY-400, EXIT 29 & HWY-407, EXIT 67",Concord,ON,720,3.423294,,
62016,PETRO-CANADA,"HWY-400, EXIT 29 & HWY-407, EXIT 67",Concord,ON,720,3.366842,,
62016,PETRO-CANADA,"HWY-400, EXIT 29 & HWY-407, EXIT 67",Concord,ON,720,3.457509,,
62016,PETRO-CANADA,"HWY-400, EXIT 29 & HWY-407, EXIT 67",Concord,ON,720,3.430109,,
62016,PETRO-CANADA,"HWY-400, EXIT 29 & HWY-407, EXIT 67",Concord,ON,720,3.421783,,
62016,PETRO-CANADA,"HWY-400, EXIT 29 & HWY-407, EXIT 67",Concord,ON,720,3.396439,,
62075,FLYING J TRAVEL PLAZA #657,US-283/US-50/US-56 & US-400,Dodge City,KS,570,3.799000,,
62097,FLASH MARKET #17046,US-65/SR-9,Clinton,AR,695,3.239000,35.6058157,-92.4577831
62211,STUBS GAS AND OIL,"I-76, EXIT 66",Wiggins,CO,800,3.559000,,
62238,Circle K #2726278,SR-207,Hastings,FL,75,3.569000,,
62283,Circle K #2745099,US-23 & US-341/SR-27,Hazlehurst,GA,195,3.529000,,
62316,BP,US-20,Delaware,IA,335,3.299000,,
62355,MINIT MART #600630,"I-39, EXIT 14",El Paso,IL,368,3.679000,,
62355,MINIT MART #600630,"I-39, EXIT 14",El Paso,IL,368,3.599000,,
62370,7-ELEVEN #34712,I-90 Exit 24,Belvidere,IL,290,3.739000,,
62399,Rebel Plus #882,"I-80, EXIT 101",Bristol,IN,465,3.575667,,
62462,HAWESWAY TRUCKSTOP,US-60,Owensboro,KY,487,3.599000,,
62467,SUPER QUIK #9,"I-64, EXIT 181",Ashland,KY,255,3.669000,,
62480,CM GALLIANO,US-167,Cut Off,LA,725,3.499000,,
62487,Fred's Food Mart,US-61,Saint Francisville,LA,600,3.799000,,
62500,CASH MAGIC VINTON,"I-10, EXIT 4 & SR-109",Vinton,LA,690,3.284000,,
62547,MARATHON,SR-32W,Gaylord,MI,287,3.799000,,
62550,Sunoco,"I-275, EXIT 11",New Boston,MI,325,3.399000,,
62550,Sunoco,"I-275, EXIT 11",New Boston,MI,325,3.439000,,
62559,EXPRESS FOOD DEPOT,"I-94, EXIT 266",Smiths Creek,MI,325,3.629000,,
62559,EXPRESS FOOD DEPOT,"I-94, EXIT 266",Smiths Creek,MI,325,3.659000,,
62559,EXPRESS FOOD DEPOT,"I-94, EXIT 266",Smiths Creek,MI,325,3.719000,,
62560,ONE9 #23,"I-96, EXIT 67",Ionia,MI,406,3.499000,,
62560,ONE9 #23,"I-96, EXIT 67",Ionia,MI,406,3.439000,,
62701,PILOT TRAVEL CENTERS #408,"I-68, EXIT 22",Grantsville,MD,14,4.259000,,
62710,TOWN PUMP FOOD STORE #922,"I-90, EXIT 370 &SR-10",Big Timber,MT,780,3.479000,,
62753,PETRO SERVE USA,US-10,West Fargo,ND,341,3.029000,,
62768,PUMP & PANTRY #34,US-20 & SR-27,Gordon,NE,475,3.449000,,
62774,MR MIKES MINI MART,SR-9,Northwood,NH,34,3.599000,,
62790,7-ELEVEN #40084,US-46/US-1/US-9,Palisades Park,NJ,115,3.099000,40.8501926,-73.9865749
62800,A ONE TRUCK STOP,US-9,South Amboy,NJ,79,3.499000,,
62817,LOVES TRAVEL STOP #364,I-75 EXIT 33,Charleston,TN,285,3.589000,,
62824,FLYING J TRAVEL PLAZA #1005,"I-80, EXIT 48",Fernley,NV,966,3.915667,,
62841,SPEEDWAY #9912,"I-81, EXIT 10",Mc Graw,NY,32,4.309000,,
62844,CIRCLE K #4707612,"I-81, EXIT 14",Tully,NY,220,3.799000,,
62844,CIRCLE K #4707612,"I-81, EXIT 14",Tully,NY,220,4.299000,,
62850,GANSEVOORT MINI MART,"I-87, EXIT 17",Gansevoort,NY,12,3.759000,,
62850,GANSEVOORT MINI MART,"I-87, EXIT 17",Gansevoort,NY,12,3.779000,,
62887,SPEEDWAY #9367,"I-275, EXIT 42",Cincinnati,OH,300,3.125667,,
62911,DAVIS TRAVEL CENTER #108,"I-85, EXIT 39",Warfield,VA,180,3.099000,,
62918,CIRCLE K #4705567,ST 91,Twinsburg,OH,305,3.632333,,
62991,ONVO TRAVEL PLAZA,"I-84, EXIT 17",Lake Ariel,PA,200,3.585667,,
62996,MARTIN GENERAL STORE,US-22,Alexandria,PA,14,3.539000,,
63013,TA WEST GREENWICH,"I-95, EXIT 5B",West Greenwich,RI,175,3.765667,,
63018,CIRCLE K #2723354,"I-526, EXIT 18A & US-78",Charleston,SC,42,3.299000,,
63126,PWI #120,"I-10, EXIT 593",Schertz,TX,740,2.925667,,
63193,Shell,US-29,Warrenton,VA,60,3.257333,,
63211,OMAK MART,US-97 & SR-215,Omak,WA,970,4.149000,,
63246,Petro Stopping Center #368,"I-94, EXIT 333",Sturtevant,WI,444,3.889000,,
63313,MARION TRAVEL CENTER,I-55 EXIT 14,Marion,AR,435,3.199000,,
63330,CIRCLE K #2723678,SR-53,Rome,GA,18,3.062333,,
63336,ROAD RANGER #118,"I-72 & I-55, EXIT 100-A",Springfield,IL,318,3.299000,,
63336,ROAD RANGER #118,"I-72 & I-55, EXIT 100-A",Springfield,IL,318,3.409000,,
63349,FLYING J TRAVEL PLAZA #662,"I-24, EXIT 86",Oak Grove,KY,415,3.152333,,
63351,76 FUEL CENTER,"I-75, EXIT 76",Berea,KY,410,2.999000,,
63353,LOVES TRAVEL STOP #367,"I-74, EXIT 149",Le Roy,IL,280,3.589000,,
63353,LOVES TRAVEL STOP #367,"I-74, EXIT 149",Le Roy,IL,280,3.549000,,
63353,LOVES TRAVEL STOP #367,"I-74, EXIT 149",Le Roy,IL,280,3.489000,,
63353,LOVES TRAVEL STOP #367,"I-74, EXIT 149",Le Roy,IL,280,3.389000,,
63376,Circle K #2746246,US-169 & SR-41,Shakopee,MN,448,3.599000,,
63379,Petro Stopping Center #460,"I-70, EXIT 28",Oak Grove,MO,400,3.212333,,
63388,CIRCLE K #2723471,"I-95, EXIT 121",Wilson,NC,205,3.199000,,
63391,FLYING J TRAVEL PLAZA #687,"I-80, EXIT 179",North Platte,NE,475,3.449000,,
63409,FLYING J TRAVEL PLAZA #693,"I-90, EXIT 48A; PEMBROKE, NY",Corfu,NY,38,3.889000,,
63428,FLYING J TRAVEL PLAZA #702,"I-40, EXIT 264B",Checotah,OK,560,3.699000,,
63442,Flying J Travel Plaza #720,"I-40, EXIT 182",Fairview,TN,460,3.185667,,
63455,FLYING J TRAVEL PLAZA #752,"I-81, EXIT 323",Clear Brook,VA,60,3.659000,,
63456,SHELL,"I-85, EXIT 61",Petersburg,VA,180,3.200667,,
63495,DECAUTER SHELL TRUCK STOP,"I-35, EXIT 369",Decatur,TX,637,2.915667,,
63498,PILOT #6955,I-40/I-85 EXIT 150,Haw River,NC,65,3.959000,,
63500,SPEEDWAY #8723,"I-75, EXIT 144B",Bridgeport,MI,342,3.379000,,
63500,SPEEDWAY #8723,"I-75, EXIT 144B",Bridgeport,MI,342,3.249000,,
63500,SPEEDWAY #8723,"I-75, EXIT 144B",Bridgeport,MI,342,3.259000,,
63500,SPEEDWAY #8723,"I-75, EXIT 144B",Bridgeport,MI,342,3.469000,,
63501,LOVES TRAVEL STOP #407,I-81 EXIT 52B OR I-76 EXIT 226,Carlisle,PA,70,4.099000,,
63502,FLYING J TRAVEL PLAZA #704,I-35 & 122ND ST,Edmond,OK,483,3.305667,35.5946518,-97.4327231
63506,KWIK TRIP #342,"I-39, EXIT 159",Stevens Point,WI,395,3.559000,,
63509,PILOT #4557,"I-85, EXIT 166",Carnesville,GA,16,3.172333,,
63509,PILOT TRAVEL CENTER #4557,"I-85, EXIT 166",Carnesville,GA,16,3.239000,,
63510,PILOT #4584,"I-95, EXIT 181",Latta,SC,63,3.349000,,
63511,PILOT #4576,"I-95, EXIT 82",Saint George,SC,42,3.519000,,
63512,SPEEDWAY #7929,"I-40, EXIT 208",Colfax,NC,65,2.854000,,
63516,SHEETZ #701,"I-81, EXIT 273",Mount Jackson,VA,60,2.874000,,
63517,TA LINCOLN TRAVEL CENTER,"I-20, EXIT 168 & SR-77",Lincoln,AL,615,3.084000,33.6788169,-86.0778421
63519,PILOT TRAVEL CENTERS #243,"I-64, EXIT 45 & SR-25",Nitro,WV,44,3.625667,,
63522,Pilot Travel Centers #411,"I-40, EXIT 238 & US-231",Lebanon,TN,460,3.245667,,
63523,PILOT TRAVEL CENTER #441,"I-65, EXIT 334",Decatur,AL,615,3.859000,,
63523,PILOT TRAVEL CENTERS #441,"I-65, EXIT 334",Decatur,AL,615,3.859000,,
63524,PILOT TRAVEL CENTER #416,"I-75/SR-401, EXIT 101",Cordele,GA,10,3.285667,,
63524,PILOT TRAVEL CENTERS #416,"I-75/SR-401, EXIT 101",Cordele,GA,10,3.332333,,
63530,BIG EASY TRAVEL PLAZA,"I-10, EXIT 239-B",New Orleans,LA,725,3.799000,,
63532,FUELSMART,SR-165,Muskogee,OK,560,3.252333,,
63533,FLYING J TRAVEL PLAZA #638,"I-84, EXIT 29",Caldwell,ID,785,3.787333,,
63538,SUAMICO CITGO,"US-41/US-141, EXIT 176 & CR-B",Suamico,WI,360,3.269000,,
63540,GAS N GO,"I-75, EXIT 149",Byron,GA,85,3.172333,,
63545,LOVES TRAVEL STOP #397,"I-85, EXIT 104",Blacksburg,SC,210,3.419000,,
63546,CITGO QUIK MART,SR/15 & SR-68,Tennille,GA,85,3.465667,32.9320917,-82.8073043
63563,PILOT TRAVEL CENTERS #209,"I-10, EXIT 140",Van Horn,TX,640,3.659000,,
63564,PILOT TRAVEL CENTERS #213,"I-70, EXIT 94 (WILSON ROAD)",Columbus,OH,315,3.509000,,
63565,LOVES TRAVEL STOP #296,"I-8, EXIT 115 & SR-85",Gila Bend,AZ,930,3.889000,,
63566,PORT ALLEN TRUCKSTOP,"I-10, EXIT 151 & SR-415",Port Allen,LA,600,3.259000,,
63568,FLYING J TRAVEL PLAZA #658,"I-35, EXIT 127",Emporia,KS,336,3.252333,,
63569,Flying J Dealer #893,"I-80, EXIT 40 (US-59)",Avoca,IA,319,3.659000,,
63569,PILOT TRAVEL CENTERS #893,"I-80, EXIT 40 (US-59)",Avoca,IA,319,3.659000,,
63570,PILOT TRAVEL CENTERS #287,"I-71, EXIT 204 & SR-83",Burbank,OH,305,3.699000,,
63571,Palace Truckstop,"I-10, EXIT 246 & I-510, EXIT 2C",New Orleans,LA,725,3.299000,,
63572,PILOT TRAVEL CENTER #211,"I-40, EXIT 9 & SR-95",Lake Havasu City,AZ,910,3.849000,,
63572,PILOT TRAVEL CENTERS #211,"I-40, EXIT 9 & SR-95",Lake Havasu City,AZ,910,3.999000,,
63574,PILOT TRAVEL CENTERS #232,"I-84, EXIT 376A",Ontario,OR,982,3.699000,,
63575,OKEMAH TRAVEL CENTER,"I-40, EXIT 221 (ST 27)",Okemah,OK,483,2.879000,,
63577,PILOT TRAVEL CENTERS #236,"I-80, EXIT 122",Minooka,IL,290,3.799000,,
63577,PILOT TRAVEL CENTER #236,"I-80, EXIT 122",Minooka,IL,290,3.799000,,
63579,301 PLAZA,US-301 & SR-299,Middletown,DE,243,3.239000,,
63580,FLYING J TRAVEL PLAZA #637,"I-380, EXIT 68",Evansdale,IA,565,3.779000,,
63581,CASEYS #4453,"I-75, EXIT 120",Lexington,KY,410,3.224000,,
63582,T BONE TRUCK STOP,US-30,Columbus,NE,313,3.099000,,
63583,CUBBYS #110,"I-80, EXIT 353",Columbus,NE,313,3.179000,,
63584,PILOT TRAVEL CENTERS #417,"I-20, EXIT 19",Temple,GA,18,3.449000,,
63584,PILOT TRAVEL CENTER #417,"I-20, EXIT 19",Temple,GA,18,3.389000,,
63586,LOVES TRAVEL STOP #295,US-412 & US-69,Chouteau,OK,560,3.290667,,
63587,24/7 TRAVEL PLAZA,"I-135, EXIT 92",Salina,KS,523,2.974000,,
63588,KWIK TRIP #686,"I-94, EXIT 333/US-41 & SR-20",Sturtevant,WI,444,3.769000,,
63594,PILOT TRAVEL CENTERS #49,"I-24, EXIT 89",Oak Grove,KY,415,3.152333,,
63595,SPEEDWAY #5236,"I-75, EXIT 122",Lima,OH,411,3.255667,,
63596,PILOT TRAVEL CENTERS #442,"I-55, EXIT 19",Hayti,MO,275,3.255667,,
63597,PILOT TRAVEL CENTERS #163,"I-10, EXIT 24",Lordsburg,NM,640,3.439000,,
63598,PILOT TRAVEL CENTERS #164,"I-90/I-94, EXIT 69 & SR-82",Mauston,WI,420,3.299000,,
63599,PWI #978,"I-215, EXIT 21",Salt Lake City,UT,835,3.359000,,
63600,PILOT TRAVEL CENTERS #77,"I-55 /I-20, EXIT 45",Jackson,MS,760,3.149000,,
63601,PILOT TRAVEL CENTERS #206,"I-20, EXIT 406",Weatherford,TX,630,3.209000,,
63602,LOVES TRAVEL STOP #285,I-40 EXIT 277,Santa Rosa,NM,580,3.474000,,
63603,LOVES TRAVEL STOP #290,US-59/US-69/S LOOP 287 & FM-841,Lufkin,TX,610,3.649000,31.2989435,-94.6581951
63603,LOVES TRAVEL STOPS #290,US-59/US-69/S LOOP 287 & FM-841,Lufkin,TX,610,3.649000,31.2989435,-94.6581951
63604,7-ELEVEN #40363,US-17/SR-15 & SR-100,Palatka,FL,75,3.364000,,
63605,FLYING J TRAVEL PLAZA #663,"I-64, EXIT 43 & SR-395",Waddy,KY,415,3.759000,38.1780102,-85.0674680
63606,FLYING J TRAVEL PLAZA #652,"I-65/US-52, EXIT 139 & SR-39",Lebanon,IN,375,3.640667,,
63607,ROAD RANGER #209,"I-90/94,  EXIT 48",Oakdale,WI,420,3.234000,,
63608,ROAD RANGER #206,US-20,Winnebago,IL,520,3.219000,,
63608,ROAD RANGER #206,US-20,Winnebago,IL,520,3.289000,,
63608,ROAD RANGER #206,US-20,Winnebago,IL,520,3.299000,,
63609,ROAD RANGER #203,US-20 & SR-2,Rockford,IL,520,3.219000,,
63609,ROAD RANGER #203,US-20 & SR-2,Rockford,IL,520,3.289000,,
63609,ROAD RANGER #203,US-20 & SR-2,Rockford,IL,520,3.299000,,
63612,FLYING J TRAVEL PLAZA #622,"I-95/SR-9, EXIT 131 & SR-68 & SR-713",Fort Pierce,FL,95,3.499000,,
63613,FLYING J TRAVEL PLAZA #690,"I-10/US-70, EXIT 24",Lordsburg,NM,640,3.439000,,
63614,PILOT TRAVEL CENTERS #446,"I-69, EXIT 234",Daleville,IN,457,3.514000,,
63614,PILOT TRAVEL CENTER #446,"I-69, EXIT 234",Daleville,IN,457,3.649000,,
63615,One9 #1413,"I-81, EXIT 101",Dublin,VA,185,3.242333,,
63616,SPEEDWAY #8876,"US-23, EXIT 50",Whitmore Lake,MI,342,3.499000,,
63616,SPEEDWAY #8876,"US-23, EXIT 50",Whitmore Lake,MI,342,3.749000,,
63619,PILOT TRAVEL CENTERS #428,"I-20, EXIT 112",West Monroe,LA,760,3.205667,,
63620,LOVES TRAVEL STOP #420,"I-20, EXIT 47",Flowood,MS,620,3.149000,,
63621,FUEL CITY FRIENDLYS,"I-35E, EXIT 435",Dallas,TX,630,2.965667,,
63623,PILOT TRAVEL CENTER #90,"I-95/SR-9, EXIT 129 & SR-91, EXIT 152 & SR-70",Fort Pierce,FL,95,3.519000,,
63623,PILOT TRAVEL CENTERS #90,"I-95/SR-9, EXIT 129 & SR-91, EXIT 152 & SR-70",Fort Pierce,FL,95,3.459000,,
63624,FROG CITY TRAVEL PLAZA,"I-10, EXIT 87",Rayne,LA,690,3.365667,,
63625,FLYING J TRAVEL PLAZA #688,"I-295, DEEP WATER STREET",Penns Grove,NJ,243,3.989000,,
63627,PILOT TRAVEL CENTERS #174,I-78 & SR-15,New Albany,MS,435,3.859000,,
63628,PILOT TRAVEL CENTERS #75,"I-65, EXIT 19 & US-43/SR-13",Satsuma,AL,715,3.199000,,
63628,PILOT TRAVEL CENTER #75,"I-65, EXIT 19 & US-43/SR-13",Satsuma,AL,715,3.195000,,
63629,SPEEDWAY #4523,"I-94, EXIT 88",Osseo,WI,448,3.545667,,
63630,TA DENVER EAST TRAVEL CENTER,"I-70 & I-270, EXIT 278",Commerce City,CO,800,3.375667,,
63635,SAPP BROS TRAVEL CENTER,"I-70, EXIT 295",Junction City,KS,523,3.709000,,
63636,PILOT TRAVEL CENTER #279,"I-19, EXIT 12 & SR-289",Rio Rico,AZ,980,3.614000,,
63636,PILOT TRAVEL CENTERS #279,"I-19, EXIT 12 & SR-289",Rio Rico,AZ,980,3.659000,,
63637,PILOT TRAVEL CENTERS #454,"I-70, EXIT 79",London,OH,315,3.509000,,
63639,PILOT TRAVEL CENTERS #444,"I-70, EXIT 23",Brazil,IN,375,3.939000,,
63639,PILOT TRAVEL CENTER #444,"I-70, EXIT 23",Brazil,IN,375,3.939000,,
63640,SUPER EXPRESS STOP,"I-64, EXIT 113",Mount Sterling,KY,410,3.859000,,
63641,FLYING J TRAVEL PLAZA #625,"I-4/SR-400, EXIT 10 & SR-579",Seffner,FL,225,3.442333,,
63642,COLTS QUICK DRAW,"I-40, EXIT 125 & US-65/SR-25",Greenbrier,AR,695,3.307333,35.2758561,-92.3814989
63648,CIRCLE K #2723333,"I-75, EXIT 216",Mcdonough,GA,67,3.209000,,
63649,ONE TRIP,US-84,Homerville,GA,10,3.442333,,
63651,CIRCLE K #2723346,US-29/S8,Athens,GA,16,3.399000,,
63652,CASEYS #3292,"I-380, EXIT 43 & US-20",Independence,IA,380,3.599000,,
63653,FLYING J TRAVEL PLAZA #760,US-30 & SR-232,Cokeville,WY,835,3.899000,,
63661,FLYING J TRAVEL PLAZA #677,"US-78, EXIT 6",Olive Branch,MS,435,3.285667,,
63662,PILOT TRAVEL CENTERS #267,"I-75, EXIT 146",Byron,GA,85,3.365667,,
63662,PILOT TRAVEL CENTER #267,"I-75, EXIT 146",Byron,GA,85,3.385667,,
63667,CIRCLE K #2723875,SR-41/SR-45,Jamestown,SC,42,2.974000,,
63668,PILOT #4579,"I-26, EXIT 139",Saint Matthews,SC,135,3.509000,,
63669,One9 #1248,"I-45, EXIT 271",Wilmer,TX,630,2.755667,,
63671,WESTERN TRAVEL TERMINAL,US-26 & US-85,Torrington,WY,795,3.399000,,
63676,CORNER EXPRESS,ST 55,Wellston,MI,456,3.499000,,
63680,ALLTOWN MARKETS-FLYING J #896,I-93 EXIT 11 & SR 3A,Bow,NH,39,4.099000,,
63685,RIVER HEIGHTS GROCERY,US-64/SR-69/SR-15,Crump,TN,435,3.099000,,
63690,LOVES TRAVEL STOP #277,"I-30, EXIT 46",Prescott,AR,635,3.475667,,
63691,JIMMIES AUTO TRUCK PLAZA,"I-10, EXIT 262",Lee,FL,20,3.847333,,
63694,PILOT TRAVEL CENTERS #261,"I-55, EXIT 186",Winona,MS,576,3.499000,,
63695,FLYING J TRAVEL PLAZA #634,"I-20/SR-402, EXIT 19 & SR-113",Temple,GA,18,3.419000,,
63697,MILLER MART #40,"I-64, EXIT 255B",Newport News,VA,130,3.305667,,
63699,DEWITT TRAVEL MART,"US-30, EXIT 313",De Witt,IA,270,3.599000,,
63700,WIXOM FUEL STOP,"I-96, EXIT 159",Wixom,MI,325,3.999000,,
63701,FLYING J TRAVEL PLAZA #742,"I-80, EXIT 98/99",Tooele,UT,835,3.759000,,
63702,QUICK FUEL #2501,"I-264, EXIT 14",Louisville,KY,415,3.082333,,
63703,QUICK FUEL #2303,"I-71, EXIT 104/FRANK RD EXIT",Columbus,OH,315,3.565667,,
63704,QUICK FUEL #2301,"I-275, EXIT 44",Cincinnati,OH,300,3.239000,,
63706,QUICK FUEL #1003,"I-41/US-45, EXIT 45 & CR-EE",Milwaukee,WI,444,3.425667,,
63715,FLYING J TRAVEL PLAZA #772,"I-215, EXIT 28",North Salt Lake,UT,835,3.732333,,
63716,EXPRESS LANE #34,"I-39, EXIT 115",Rockford,IL,520,3.549000,,
63716,EXPRESS LANE #34,"I-39, EXIT 115",Rockford,IL,520,3.749000,,
63718,ROAD RANGER #210,"I-39/US-51, EXIT 99 & SR-38",Rochelle,IL,520,3.699000,,
63720,FLYING J TRAVEL PLAZA #611,"I-10, EXIT 137",Phoenix,AZ,930,3.589000,,
63721,ROAD RUNNER TRAVEL CENTER,I-69E/US-77 & CR-892,Robstown,TX,625,3.349000,27.6760303,-97.7475930
63722,LOVES TRAVEL STOP #240,"I-10, EXIT 151 & SR-415",Port Allen,LA,600,3.232333,,
63724,LOVES TRAVEL STOP #244,"I-40, EXIT 87 & US-70/US-412",Jackson,TN,435,3.497333,35.7910032,-88.6437343
63725,TA CARTERSVILLE TRAVEL CENTER,"I-75, EXIT 296",Cartersville,GA,18,3.599000,,
63726,FLYING J TRAVEL PLAZA #706,"I-44 & I-244, EXIT 236",Tulsa,OK,560,3.365667,,
63727,LOVES TRAVEL STOP #403,"I-81, EXIT 3",Binghamton,NY,32,3.719000,,
63727,LOVES TRAVEL STOP #403,"I-81, EXIT 3",Binghamton,NY,32,3.749000,,
63727,LOVES TRAVEL STOP #403,"I-81, EXIT 3",Binghamton,NY,32,3.689000,,
63727,LOVES TRAVEL STOP #403,"I-81, EXIT 3",Binghamton,NY,32,3.679000,,
63728,PILOT TRAVEL CENTERS #43,"I-80, EXIT 284",Walcott,IA,270,3.885667,,
63728,PILOT TRAVEL CENTER #43,"I-80, EXIT 284",Walcott,IA,270,3.859000,,
63729,PILOT TRAVEL CENTERS #147,"I-80, EXIT 410",West Wendover,NV,835,3.709000,,
63730,PILOT TRAVEL CENTERS #309,"I-77, EXIT 25",Caldwell,OH,430,3.652333,,
63731,LOVES TRAVEL STOP #243,"I-10, EXIT 43 & SR-383",Iowa,LA,690,3.587333,,
63732,LOVES TRAVEL STOP #265,"I-10, EXIT 200",Eloy,AZ,930,3.434000,,
63734,CIRCLE K #2723472,US-70 & SR-58,Kinston,NC,63,3.319000,,
63736,PLATEAU TRUCK AND AUTO CENTER,"I-10, EXIT 159",Van Horn,TX,640,3.099000,,
63737,I 10 DUSON TRUCK STOP,"I-10, AUSTRIA ROAD",Duson,LA,730,3.410667,,
63738,U STOP 33,US-77,Beatrice,NE,413,3.399000,,
63740,CIRCLE K #2723478,US-29,Blairs,VA,185,3.439000,,
63741,SHELL,"I-295, EXIT 15",Chester,VA,180,3.202333,,
63743,PILOT TRAVEL CENTERS #370,"I-81, EXIT 175",Pittston,PA,200,4.175667,,
63744,PILOT TRAVEL CENTERS #439,"I-24, EXIT 86",Oak Grove,KY,415,3.152333,,
63745,PILOT TRAVEL CENTER #447,"I-64, EXIT 25",Haubstadt,IN,340,3.959000,,
63745,PILOT TRAVEL CENTERS #447,"I-64, EXIT 25",Haubstadt,IN,340,3.959000,,
63746,PILOT TRAVEL CENTERS #453,"I-85, EXIT 90",Gaffney,SC,210,3.429000,,
63747,PILOT TRAVEL CENTERS #440,"I-71, EXIT 28",Pendleton,KY,415,3.759000,,
63751,PETRO STOPPING CENTER #328,"I-20 & I-55, EXIT 45",Jackson,MS,620,3.109000,,
63752,MR FUEL #732,"I-80, EXIT 226",Girard,OH,573,3.239000,,
63753,PILOT TRAVEL CENTER #4558,"I-75, EXIT 318",Calhoun,GA,285,3.285667,,
63753,PILOT #4558,"I-75, EXIT 318",Calhoun,GA,285,3.305667,,
63754,U SAVE TRAVEL PLAZA,US-19 & SR-129,Mount Nebo,WV,44,3.599000,,
63755,PILOT TRAVEL CENTERS #196,"I-40, EXIT 325 & US-64",Roland,OK,645,3.739000,35.4052050,-94.5003287
63756,PILOT TRAVEL CENTERS #144,"I-20, EXIT 200",Augusta,GA,135,3.859000,,
63756,PILOT TRAVEL CENTER #144,"I-20, EXIT 200",Augusta,GA,135,3.859000,,
63759,BUFFALO RANCH,US/69/US-60 & US-59,Afton,OK,560,3.099000,,
63760,CASH MAGIC CITGO HOUMA,I-57,Houma,LA,725,3.565667,,
63761,7Fleet #46589,"I-94/US-52, EXIT 205 & SR-241",Saint Michael,MN,448,3.309000,,
63762,MINIT MART #600643,"I-57, EXIT 322",Manteno,IL,290,3.299000,,
63762,MINIT MART #600643,"I-57, EXIT 322",Manteno,IL,290,3.399000,,
63762,MINIT MART #600643,"I-57, EXIT 322",Manteno,IL,290,3.249000,,
63763,Flying J Travel Plaza #644,"I-80, EXIT 77 & SR-351",La Salle,IL,290,3.599000,,
63763,Flying J Travel Plaza #644,"I-80, EXIT 77 & SR-351",La Salle,IL,290,3.399000,,
63763,Flying J Travel Plaza #644,"I-80, EXIT 77 & SR-351",La Salle,IL,290,3.459000,,
63763,Flying J Travel Plaza #644,"I-80, EXIT 77 & SR-351",La Salle,IL,290,3.299000,,
63764,LOVES TRAVEL STOP #288,"I-45, EXIT 198 & US-84",Fairfield,TX,765,3.429000,31.7150812,-96.1224431
63766,PILOT TRAVEL CENTERS #26,"US-23, EXIT 5 & US-223",Ottawa Lake,MI,325,3.599000,,
63766,PILOT TRAVEL CENTERS #26,"US-23, EXIT 5 & US-223",Ottawa Lake,MI,325,3.659000,,
63766,PILOT TRAVEL CENTERS #26,"US-23, EXIT 5 & US-223",Ottawa Lake,MI,325,3.579000,,
63766,PILOT TRAVEL CENTERS #26,"US-23, EXIT 5 & US-223",Ottawa Lake,MI,325,3.649000,,
63767,HOP-IN FOOD STORES,I-27 & FM-1729,New Deal,TX,700,2.925667,,
63768,PILOT TRAVEL CENTERS #443,"I-70, EXIT 49",Higginsville,MO,400,3.235667,,
63770,FLYING J TRAVEL PLAZA #694,"I-90, EXIT 223",Austinburg,OH,305,3.859000,,
63771,FLYING J FUEL STOP #572,"I-35, EXIT 144",Williams,IA,433,3.699000,,
63771,FLYING J TRAVEL PLAZA #572,"I-35, EXIT 144",Williams,IA,433,3.699000,,
63773,QUIKTRIP #179,ST 152,Liberty,MO,400,2.999000,,
63774,PILOT TRAVEL CENTERS #150,"I-70, EXIT 24 &SR-63",Hagerstown,MD,22,3.959000,,
63775,FLYING J #646,"I-90/39, EXIT 1 & US-51 & SR-75",South Beloit,IL,290,3.799000,,
63775,FLYING J TRAVEL PLAZA #646,"I-90/39, EXIT 1 & US-51 & SR-75",South Beloit,IL,290,3.799000,,
63776,KWIK TRIP #334,US-169/SR-60,Mankato,MN,425,3.549000,,
63777,KWIK TRIP #403,"I-35, EXIT 45",Owatonna,MN,425,3.499000,,
63778,KWIK TRIP #662,SR-55/SR-149,Saint Paul,MN,451,3.629000,,
63781,Pilot Travel Centers #8,US-23 & PITTSBURG RD,Circleville,OH,315,3.799000,,
63782,FUEL EXPRESSO #11,"I-35, EXIT 155",Lebo,KS,400,3.172333,,
63787,LOVES TRAVEL STOP #402,"I-10, EXIT 44",Biloxi,MS,715,3.449000,,
63789,PILOT TRAVEL CENTER #448,"I-65, EXIT 240",Hebron,IN,365,3.599000,,
63789,PILOT TRAVEL CENTERS #448,"I-65, EXIT 240",Hebron,IN,365,3.354000,,
63790,PILOT TRAVEL CENTERS #412,"I-81, EXIT 4",White Pine,TN,405,3.699000,,
63791,PILOT TRAVEL CENTERS #432,"I-35, EXIT 328",Waco,TX,765,3.220667,,
63792,PILOT TRAVEL CENTER #424,"I-75, EXIT 358",Ocala,FL,140,3.412333,,
63792,PILOT TRAVEL CENTERS #424,"I-75, EXIT 358",Ocala,FL,140,3.359000,,
63793,HUTCH'S #113,US-183 & US-270/SR-15,Woodward,OK,483,2.999000,,
63794,PILOT TRAVEL CENTERS #157,"I-30, EXIT 122",Sulphur Springs,TX,723,3.309000,,
63795,LOVES COUNTRY STORE #022,US-412,Clayton,NM,585,3.414000,,
63796,PETRO STOPPING CENTER #329,"I-40/I-85, EXIT 157",Mebane,NC,65,3.999000,,
63798,PETRO GLADE SPRING #372,"I-81, EXIT 29",Glade Spring,VA,405,3.587333,,
63799,LOVES TRAVEL STOP #204,US-69 BUS & US-69,Eufaula,OK,560,3.689000,,
63800,PILOT TRAVEL CENTER #255,"I-95, EXIT 40",Milford,CT,73,4.299000,,
63800,PILOT TRAVEL CENTERS #255,"I-95, EXIT 40",Milford,CT,73,4.299000,,
63801,PILOT #1126,"I-435, EXIT 55 & SR-210",Kansas City,MO,400,3.382333,,
63802,CARTERS TRAVEL CENTER,"I-40, EXIT 201N",Flagstaff,AZ,930,3.689000,,
63803,KOUNTRY XPRESS,"I-40, EXIT 20",Mulberry,AR,645,3.272333,,
63805,TEX-BEST #519,US-281 & US-281 BUS & CR-1930,Alice,TX,625,2.899000,27.9195703,-98.0896109
63812,PETRO STOPPING CENTER #330,"I-65, EXIT 86",Glendale,KY,415,3.599000,,
63813,TA SAN ANTONIO TRAVELCENTER,"I-10 & FOSTER RD, EXIT 583",San Antonio,TX,740,3.207333,,
63828,CIRCLE K #2723654,US-431,Boaz,AL,587,3.519000,,
63829,CALERA CHEVRON,SR-25,Calera,AL,615,3.199000,,
63836,Double Bees #109,"I-40, EXIT 183",Carlisle,AR,695,3.139000,,
63841,MAGNOLIA TRAVEL CENTER,US-82 & US-371,Magnolia,AR,635,3.599000,33.2688781,-93.2566812
63846,71 EXPRESS,US-71,Mansfield,AR,645,3.332333,,
63848,CIRCLE K #2706345,"I-30, EXIT 2",Texarkana,AR,723,3.479000,,
63850,PILOT TRAVEL CENTER #180,"I-40, EXIT 185",Bellemont,AZ,930,3.609000,,
63850,PILOT TRAVEL CENTERS #180,"I-40, EXIT 185",Bellemont,AZ,930,3.639000,,
63854,E-Z MART #4437,US-71,Boles,AR,645,3.299000,,
63855,LOVES TRAVEL STOP #460,"I-10, EXIT 302",Benson,AZ,980,3.279000,,
63856,PILOT #1175,"I-17, EXIT 262 & SR-69",Mayer,AZ,930,3.699000,,
63856,PILOT TRAVEL CENTER #1175,"I-17, EXIT 262 & SR-69",Mayer,AZ,930,3.691500,,
63870,CIRCLE K #2744074,"I-270/US-36, EXIT 4",Commerce City,CO,800,3.455667,,
63871,Alta Convenience Store #6317,"I-70, EXIT 19",Fruita,CO,810,3.399000,,
63876,Mobil,"FL TURNPIKE,  EXIT 244",Kissimmee,FL,225,3.449000,,
63887,QUIKTRIP #757,"I-79/SR-401, EXIT 306 & SR-140",Adairsville,GA,193,2.887333,,
63893,QUICK FUEL #2204,"I-285, EXIT 58/SR-407 & I-75, EXIT 237/SR-401",Atlanta,GA,18,3.275667,,
63894,CIRCLE K #2723653,"I-75, EXIT 124",Cartersville,GA,193,3.224000,,
63895,KWIK SERV #17,"I-75, EXIT 136",Chatsworth,GA,193,3.499000,,
63904,SUNOCO,"I-95, EXIT 19",Savannah,GA,195,3.632333,,
63907,QUIKTRIP #737,"I-85, EXIT 137",Jefferson,GA,16,3.119000,,
63909,GAS2GO,"I-95, EXIT 6",Kingsland,GA,75,3.109000,,
63910,OGMULGEE CHEVRON #419,"I-16, EXIT 6",Macon,GA,85,3.399000,,
63912,PILOT TRAVEL CENTER #4562,"I-95, EXIT 1",Kingsland,GA,75,3.572333,,
63912,PILOT #4562,"I-95, EXIT 1",Kingsland,GA,75,3.559000,,
63914,CIRCLE M #12,US-23/SR-365 & SR-52,Lula,GA,18,3.539000,,
63915,HIGHWAY 80 CHEVRON,"I-185, EXIT 7",Midland,GA,50,3.399000,,
63922,THOMASVILLE TRAVEL CENTER,US-84 & SR-3,Thomasville,GA,20,3.180667,,
63925,PILOT #4561,"I-75, EXIT 11",Valdosta,GA,20,3.359000,,
63925,PILOT TRAVEL CENTER #4561,"I-75, EXIT 11",Valdosta,GA,20,3.285667,,
63931,LOVES TRAVEL STOP #371,"I-95, EXIT 190",Dillon,SC,46,3.330667,,
63937,CUBBYS #305,"I-29, EXIT 10 & SR-2",Percival,IA,319,3.694000,,
63938,CUBBYS #301,US-34 & SR-48,Red Oak,IA,319,3.399000,,
63942,Discount Zone,"I-10, EXIT CLEARVIEW",New Orleans,LA,725,3.279000,,
63946,MINIT MART #600644,"I-80, EXIT 134",Joliet,IL,399,3.599000,,
63955,ROAD RANGER #266,"I-72, EXIT 82 & CR-10",New Berlin,IL,280,3.539000,,
63955,ROAD RANGER #266,"I-72, EXIT 82 & CR-10",New Berlin,IL,280,3.439000,,
63955,ROAD RANGER #266,"I-72, EXIT 82 & CR-10",New Berlin,IL,280,3.479000,,
63957,SUNMART FOOD STORE,SR-37,Bloomington,IN,375,3.499000,,
63959,SPEEDWAY #1429,SR-59 & SR-56,Warrenville,IL,293,3.499000,,
63959,SPEEDWAY #1429,SR-59 & SR-56,Warrenville,IL,293,3.599000,,
63960,BUTLER ONE STOP,"I-69, EXIT 329",Butler,IN,370,3.519000,,
63962,7-ELEVEN #40505,"I-80, EXIT 90",Elkhart,IN,465,4.115667,,
63964,LOVES TRAVEL STOPS #242,"I-35 & FISHER RD, EXIT 144",Von Ormy,TX,740,3.249000,29.3096380,-98.6157687
63964,LOVES TRAVEL STOP #242,"I-35 & FISHER RD, EXIT 144",Von Ormy,TX,740,3.167000,29.3096380,-98.6157687
63965,GOOD TO GO #11,"I-65, EXIT 158",Frankfort,IN,375,3.549000,,
63966,PHILS ONE STOP,"I-69, EXIT 309B",Fort Wayne,IN,370,3.675667,,
63972,7-ELEVEN #40506,"I-80/I-90, MM 125 WB",Howe,IN,465,3.899000,,
63977,CAREFREE FOOD MART,"I-64, EXIT 92",Leavenworth,IN,415,3.499000,,
63978,Gallops,"I-80, EXIT 107",Middlebury,IN,370,3.549000,,
63979,Jaks Oil,US-90,Broussard,LA,730,3.049000,,
63988,Petes #47,US-400/SR-47,Fredonia,KS,307,3.299000,,
63990,TREX MART #4,"I-229/US-59, EXIT 4B & US-36",Wathena,KS,400,2.999000,,
63992,SANDRAS QUICK STOP,US-169 & US-59,Garnett,KS,485,3.319000,,
63994,U STOP #38,I-70 EXIT 298,Junction City,KS,553,3.355667,,
63997,LEON GROCERY,US-400,Leon,KS,336,3.399000,,
64001,PETES #53,US-400 & SR-99 & CR-939,Severy,KS,336,3.249000,37.6657523,-96.2343949
64002,SPEEDWAY #9567,"I-65, EXIT 105",Lebanon Junction,KY,415,3.165667,,
64003,HUCKS Food & Fuel #305,SR-9001 & WKY PKWY SERVICE AREA,Beaver Dam,KY,460,3.599000,,
64003,HUCKS Food & Fuel #305 dba Pilot Dealer #1288,SR-9001 & WKY PKWY SERVICE AREA,Beaver Dam,KY,460,3.629000,,
64016,SHELL,US-231 & SR-1468,Morgantown,KY,487,3.799000,37.2032572,-86.7077793
64020,LEEBOS # 9,"I-49, EXIT 90",Alexandria,LA,730,3.215667,,
64021,CM AMITE,SR-16,Amite,LA,600,3.399000,,
64028,DELCAMBRE FUEL DEPOT,SR-14 & SR-89,Delcambre,LA,730,2.999000,,
64029,SUNSHINE SUPER STOP TRUCKS,"I-10, EXIT 182",Convent,LA,600,3.399000,,
64030,STATE OIL,SR-23,Belle Chasse,LA,725,3.432333,,
64034,BOONES CHEVRON,SR-317,Franklin,LA,623,3.899000,,
64036,CM PROSPECT STATION,SR-3087 & SR-660,Houma,LA,725,3.599000,,
64040,PILOT #1051,"I-10, EXIT 43 & SR-383",Iowa,LA,690,3.599000,,
64042,LA PLACE TRAVEL CENTER,"I-10, EXIT 209 & I-55, EXIT 1",La Place,LA,725,3.259000,,
64043,COUNTRY AUTO TRUCK STOP,"I-49, EXIT 177 & SR-509",Mansfield,LA,766,3.259000,32.1363908,-93.5194877
64044,DISCOUNT ZONE,"I-510, EXIT 240",New Orleans,LA,725,3.149000,,
64045,SILVERS TRAVEL PLAZA - Port Allen,US-190/SR-1,Port Allen,LA,730,3.332333,,
64047,LUCKY LOUIES TRUCK STOP,US-190,Port Allen,LA,600,3.065667,,
64048,Pilot #1439,"I-10, Exit 151",Port Allen,LA,600,3.215667,,
64049,Cash Magic CITGO LAROSE,SR-308,Larose,LA,725,3.399000,,
64050,WESTWOOD TRUCK PLAZA,US-90 BUS,Marrero,LA,725,3.279000,,
64058,DELTA TOWN TRUCK STOP,"I-10, EXIT 4",Vinton,LA,690,2.799000,,
64059,CM SPRINGHILL,"I-20, EXIT 44",Springhill,LA,745,3.399000,,
64060,CM VIVIAN,SR-1 & SR-2,Vivian,LA,745,3.265667,,
64062,XTRA MART #10098,SR-146A,Uxbridge,MA,175,3.649000,,
64063,Mobil,US-20 & SR-56,North Oxford,MA,175,3.582333,,
64069,301 BP,US-301/SR-5,Brandywine,MD,22,3.259000,,
64072,EZ MART #110,US-127 & US-127 BUS/SR-46,Alma,MI,260,3.649000,,
64082,SPEEDWAY #8797,SR-13,Lennon,MI,342,3.379000,,
64083,BIG DADDYS TRUCKSTOP,US-223 & US-23,Ottawa Lake,MI,325,3.499000,,
64084,RPF OIL #92 PARMA TRAVEL CENTER,"I-94, EXIT 128",Parma,MI,431,3.499000,,
64085,MADCO TRUCK PLAZA,"I-94, EXIT 200",Romulus,MI,325,3.399000,,
64085,MADCO TRUCK PLAZA,"I-94, EXIT 200",Romulus,MI,325,3.539000,,
64085,MADCO TRUCK PLAZA,"I-94, EXIT 200",Romulus,MI,325,3.499000,,
64087,SAHARA PETRO,"I-696, EXIT 22",Warren,MI,325,3.699000,,
64087,SAHARA PETRO,"I-696, EXIT 22",Warren,MI,325,3.799000,,
64091,Circle K 2746398,US-10 & SR-27,Little Falls,MN,448,3.399000,46.1181789,-93.4322590
64092,ONE9 #4555,"I-20/I-59, EXIT 77",Cottondale,AL,615,2.932333,,
64097,KWIK TRIP #937,US-12,Willmar,MN,451,3.340667,,
64098,BLUE LINE TRAVEL CENTER,"I-90, EXIT 45",Worthington,MN,432,3.165667,,
64101,D DIAMOND TRAVEL PLAZA,"I-44, EXIT 82",Fair Grove,MO,535,3.132333,,
64106,RAPID ROBERTS #122,SR-43,Joplin,MO,277,2.899000,,
64112,RAPID ROBERTS #123,"I-44, EXIT 80",Springfield,MO,535,2.899000,,
64116,GRAND LEDGE,"I-96, EXIT 86",Grand Ledge,MI,344,3.789000,,
64120,HOLIDAY STATIONSTORE #2746185,US-2,Wakefield,MI,545,3.219000,,
64120,HOLIDAY STATIONSTORE #2746185,US-2,Wakefield,MI,545,3.139000,,
64120,HOLIDAY STATIONSTORE #2746185,US-2,Wakefield,MI,545,3.479000,,
64122,FLYING J TRAVEL PLAZA #691,"I-40, EXIT 333",Tucumcari,NM,585,3.899000,,
64124,Shell,"I-94 & I-75, EXIT 171",Saint Cloud,MN,448,3.362333,,
64126,CASEYS #3471,US-2 & CR-87,Cohasset,MN,333,3.449000,,
64132,45 TRUCKSTOP,US-45,Corinth,MS,435,3.089000,,
64139,4 MILE TRUCKSTOP,US-98 & HOLT RD,Lucedale,MS,715,3.399000,30.9231348,-88.5089850
64153,SPEEDWAY #6972,US-70,Durham,NC,177,3.799000,,
64155,SPEEDWAY #8228,"I-85, EXIT 191 & SR-56",Creedmoor,NC,205,3.999000,,
64156,SPEEDWAY #6985,"I-40, EXIT 312 & SR-42",Garner,NC,177,3.499000,,
64163,FILL GOOD BP #15,US-74,Monroe,NC,46,3.399000,,
64167,NORTH LONDONDERRY SUNOCO,"I-93, EXIT 5",Londonderry,NH,125,3.939000,,
64170,LUCKY 7,"I-95, EXIT 61",Wade,NC,205,2.999000,,
64171,CIRCLE K #2723130,"I-40, EXIT 364",Warsaw,NC,245,2.875667,,
64172,CUBBYS #108,"I-80, EXIT 420 & SR-63",Greenwood,NE,319,3.399000,,
64173,SAPP BROS TRAVEL CENTER,"I-80, EXIT 405",Lincoln,NE,413,3.365667,,
64181,SUNOCO- JOYCE KILMER PLAZA #7012,"NJTP,EXIT 8A",East Brunswick,NJ,115,3.899000,,
64182,SUNOCO- VINCE LOMBARDI SERVICE AREA #7017,"NJ TURNPIKE, EXIT 18",Ridgefield,NJ,115,3.899000,,
64183,SUNOCO- THOMAS EDISON PLAZA #7013,"NJTP, EXIT 11",Woodbridge,NJ,79,3.899000,,
64187,SPEEDWAY #9117,"I-25, EXIT 339",Las Vegas,NM,580,3.185667,,
64189,CIRCLE K #2708931,"I-10, EXIT 155",Tucumcari,NM,585,3.259000,,
64195,DANDY MINI MART #14,"I-86, EXIT 62",Nichols,NY,32,3.439000,,
64201,POCO SHOP #2,"I-95, EXIT 31",Saint Pauls,NC,205,3.799000,,
64206,SUNOCO WOODROW WILSON PLAZA #7010,"NJTP, EXIT 7",Trenton,NJ,150,3.899000,,
64210,FUEL 1,"I-287, EXIT 4",South Plainfield,NJ,79,4.799000,,
64211,PILOT #490/WESTERN PETROLEUM,US-180,Carlsbad,NM,593,3.729000,,
64215,STRIPES 7FLEET #42588,US-380 & SR-206,Tatum,NM,700,3.662333,33.1477086,-103.3176198
64216,DANDY MINI MART #31,SR-13 & SR-224,Cayuta,NY,190,4.399000,42.2937185,-76.7152776
64218,PILOT TRAVEL CENTERS #494,"I-88, EXIT 25",Schenectady,NY,12,3.999000,,
64221,BELL STORES #49,"I-76E, EXIT 25B",Akron,OH,249,3.499000,,
64223,7-ELEVEN #40295,"I-80, EXIT 170",Broadview Heights,OH,249,3.527333,,
64224,7-ELEVEN #40296,SR-176,Broadview Heights,OH,249,3.532333,,
64227,GO MART FOOD STORE #116,US-50 & SR-7,Coolville,OH,430,3.357333,39.1842922,-81.8408719
64229,SPEEDWAY #9385,"I-70, EXIT 129",Hebron,OH,315,3.369000,,
64230,Certified Oil #400423,I-70 EXIT 126,Hebron,OH,315,3.395667,,
64231,7-ELEVEN #40293,"OHIO TURNPIKE EB MILEPOST 139/I-80, EXIT 139",Amherst,OH,249,3.532333,,
64233,74 FUEL STOP,"I-74, EXIT 3",Harrison,OH,300,3.859000,,
64235,PENNZMART FUEL EXPRESS,ST 100,Tiffin,OH,411,3.431500,,
64236,KFC TRAVELMART,SR-199,Upper Sandusky,OH,411,3.249000,,
64243,Caseys #4519,US-62,Altus,OK,483,3.005667,,
64244,CHOCTAW NATION DURANT WEST #632,US-69/US-75,Calera,OK,253,3.089000,,
64256,CHEROKEE TRAVEL PLAZA,"I-40, EXIT 325",Roland,OK,645,3.799000,,
64261,Phillips 66,US-75/SR-56,Okmulgee,OK,560,2.989000,,
64264,CASEYS #4594,US-81 & US-70,Waurika,OK,253,3.077333,34.1583601,-97.9821078
64265,ASAP GENERAL STORE #101,"I-40, EXIT 84 & US-54",Weatherford,OK,483,3.132333,,
64270,PENN JERSEY DIESEL & TRAILER,"I-95, EXIT 37",Bensalem,PA,160,4.199000,,
64274,RUTTERS #53,"I-83, EXIT 32 & SR-382",Etters,PA,70,3.999000,,
64275,7-ELEVEN #40279,I-276 & US-202 (KING OF PRUSSIA SERVICE PLAZA WB),King Of Prussia,PA,160,3.884000,,
64282,ONVO TRAVEL PLAZA - HICKORY RUN,"I-80, EXIT 274",White Haven,PA,200,3.585667,,
64285,PILOT #4566,"I-85, EXIT 106",Blacksburg,SC,46,3.429000,,
64287,CIRCLE K #2703099,"I-20, EXIT 33",Batesburg,SC,135,3.085667,,
64288,PILOT #4581,"I-20, EXIT 116",Bishopville,SC,135,3.432333,,
64294,HOT SPOT #6004,"I-26, EXIT 28",Enoree,SC,210,3.099000,,
64298,CORNER MART #354,"I-26, EXIT 72",Newberry,SC,30,3.299000,,
64299,CIRCLE K #2720881,US-17 & SR-165,Ravenel,SC,42,3.439000,,
64300,CIRCLE K #2723416,"I-26, EXIT 28",Roebuck,SC,210,3.082333,,
64301,HILLVIEW TRUCK STOP,"I-20, EXIT 39",Leesville,SC,135,3.059000,,
64307,CIRCLE K #2723876,US-17 & SR-64,Round O,SC,42,3.372333,,
64309,CIRCLE K #2723272,"I-26, EXIT 119",West Columbia,SC,135,3.545667,,
64310,Palmetto Roads #308,"I-95, EXIT 77",Saint George,SC,42,3.009000,,
64313,CUBBYS #403,"I-29, EXIT 79",Sioux Falls,SD,530,3.065667,,
64314,JAKES CORNER,US-81 & SR-34,Winfred,SD,530,3.049000,44.0080124,-97.3883297
64336,LOVES TRAVEL STOPS #345,I-90/I-94 EXIT 48,Tomah,WI,450,3.289000,,
64336,LOVES TRAVEL STOP #345,I-90/I-94 EXIT 48,Tomah,WI,450,3.309000,,
64337,GRAVES TRUCK STOP,"I-20, EXIT 59",Carthage,TX,618,2.999000,,
64343,Allsup's Marketplace #2411,US-67,Hawley,TX,575,2.889000,,
64347,PILOT TRAVEL CENTERS #256,"US-58 & US-29, SE QUAD",Danville,VA,65,4.009000,,
64350,STRIPES #40811,"I-37, EXIT 55",George West,TX,625,3.015667,,
64352,CHEVRON #383461,"I-10, EXIT 259",Fort Stockton,TX,710,3.029000,,
64355,CEFCO #34,US-281 & SR-38,Hamilton,TX,765,3.029000,31.7060652,-98.1225835
64360,CIRCLE K #2706983,"I-37, EXIT 36 & SR-359",Mathis,TX,625,3.019000,,
64374,CEFCO #2001,US-287 & FM-369,Iowa Park,TX,770,2.864000,33.9483926,-98.6031050
64382,KOSSE COUNTRY STORE,SR-7 & SR-14,Kosse,TX,765,3.115667,,
64390,TXB #71 DBA KWIK CHEK FOOD STORES,"I-20, EXIT 136",Midland,TX,710,3.079000,,
64393,TEX-BEST #505,"I-35, EXIT 183",New Braunfels,TX,740,2.805667,,
64399,LOVES TRAVEL STOPS #247,US-287 & SR-256,Memphis,TX,585,3.789000,,
64399,LOVES TRAVEL STOP #247,US-287 & SR-256,Memphis,TX,585,3.789000,,
64406,Main Street Market,SR-84 & FM-73,Prairie Hill,TX,765,2.899000,,
64407,CIRCLE K #2741527,US-281,Premont,TX,625,2.999000,,
64408,QUIKTRIP #4058,"I-37, EXIT 125 & SR-1604",San Antonio,TX,740,2.965667,29.5168717,-98.4105459
64409,LONE STAR TRAVEL CENTER,"I-35, EXIT 147",San Antonio,TX,740,3.059000,,
64420,Valero,US-59 & AT ST-87,Timpson,TX,766,3.059000,,
64421,TXB #17 DBA KWIK CHEK FOOD STORES,SR-121,Trenton,TX,630,3.299000,,
64422,Chevron,"I-10, EXIT 858",Vidor,TX,610,2.749000,30.1323150,-94.0155109
64423,PILOT #568,"I-35, EXIT 140",Von Ormy,TX,740,3.210667,,
64430,GOLDEN SPIKE TRAVEL PLAZA,"I-15, EXIT 382",Tremonton,UT,835,3.599000,,
64431,RJS  FUEL STOP,"I-15, EXIT 40",Tremonton,UT,835,3.459000,,
64435,SPEEDWAY #4632,US-360/US-58 & SR-1224,Danville,VA,65,4.059000,,
64436,MS 58 PLAZA,"I-95, EXIT 11",Emporia,VA,180,3.182333,,
64438,PILOT TRAVEL CENTER #4622,US-58,South Boston,VA,65,4.009000,,
64441,MILLER MART #55,US-460 & US-58/US-13,Suffolk,VA,130,3.092333,,
64442,PILOT TRUCK STOP #583,"I-5, EXIT 262",Ferndale,WA,850,4.599000,,
64442,PILOT TRUCK STOP #583,"I-5, EXIT 262",Ferndale,WA,850,4.559000,,
64445,KWIK TRIP #413,SR-93 & SR-95,Arcadia,WI,295,3.315667,,
64446,SPEEDWAY #4293,"I-90 & I-43, EXIT 185A",Beloit,WI,448,3.799000,42.5319760,-88.9623517
64447,KWIK TRIP #621,"SR-29/SR-55, EXIT 234 & SR-47/SR-117",Bonduel,WI,582,3.457333,,
64451,ROYAL FARMS #79,ST 13,New Church,VA,194,3.339000,,
64455,SPEEDWAY #4648,SR-254,Waynesboro,VA,180,3.959000,,
64463,KWIK TRIP #202,"I-39/US-51, EXIT 151 & SR-54",Plover,WI,395,3.265667,,
64474,SIGNAL FOOD STORE #108,US-60,Mountain View,MO,535,3.032333,,
64477,PILOT #1063,"I-40, EXIT 81",Marion,NC,210,3.759000,,
64478,PILOT TRAVEL CENTERS #141,"I-80, EXIT 6",Evanston,WY,835,3.699000,,
64479,YESWAY #1148,"US-30, EXIT 186",Marshalltown,IA,320,3.245667,,
64480,TA Garden City,US-83 & US-400,Garden City,KS,525,3.730667,,
64481,LOVES TRAVEL STOP #282,"I-44, EXIT 4 & SR-43",Joplin,MO,277,3.397333,,
64482,LOVES TRAVEL STOP #208,"I-55, EXIT 119 & SR-22",Canton,MS,655,3.489000,,
64484,LOVES TRAVEL STOP #206,"I-10, EXIT 44 & SR-59",Loxley,AL,715,3.339000,,
64485,PILOT TRAVEL CENTERS #433,"I-20, EXIT 470",Dallas,TX,630,3.182333,,
64486,GREENWAY STORE #614,"I-85/SR-403, EXIT 61 & SR-74",Fairburn,GA,18,3.199000,,
64487,PILOT TRAVEL CENTERS #165,"I-57 & I-70, EXIT 162",Effingham,IL,510,3.299000,,
64487,PILOT TRAVEL CENTER #165,"I-57 & I-70, EXIT 162",Effingham,IL,510,3.499000,,
64487,PILOT TRAVEL CENTER #165,"I-57 & I-70, EXIT 162",Effingham,IL,510,3.349000,,
64487,PILOT TRAVEL CENTER #165,"I-57 & I-70, EXIT 162",Effingham,IL,510,3.299000,,
64487,PILOT TRAVEL CENTERS #165,"I-57 & I-70, EXIT 162",Effingham,IL,510,3.499000,,
64488,PILOT TRAVEL CENTERS #274,"I-10, EXIT 109",Breaux Bridge,LA,600,3.142333,,
64490,QUICK FUEL #2201,"I-85, EXIT 36",Atlanta,GA,18,3.352333,,
64491,QUICK FUEL #1803,I-80/I-294 & SR-1,South Holland,IL,290,3.849000,,
64491,QUICK FUEL #1803,I-80/I-294 & SR-1,South Holland,IL,290,3.829000,,
64491,QUICK FUEL #1803,I-80/I-294 & SR-1,South Holland,IL,290,3.889000,,
64492,QUICK FUEL #2103,"I-70, EXIT 89",Indianapolis,IN,375,3.309000,,
64493,QUICK FUEL #2801,"I-435, EXIT 1-A AT MILE 1",Lenexa,KS,400,3.369000,,
64494,QUICK FUEL #1704,I-75 EXIT 42 AT MILE 42,Lincoln Park,MI,325,3.669000,,
64494,QUICK FUEL #1704,I-75 EXIT 42 AT MILE 42,Lincoln Park,MI,325,3.619000,,
64495,QUICK FUEL #1702,"I-96, EXIT 173",Livonia,MI,325,3.799000,,
64496,QUICK FUEL #1703,"I-94, EXIT 199-A",Romulus,MI,325,3.519000,,
64496,QUICK FUEL #1703,"I-94, EXIT 199-A",Romulus,MI,325,3.549000,,
64496,QUICK FUEL #1703,"I-94, EXIT 199-A",Romulus,MI,325,3.569000,,
64498,QUICK FUEL #1705,SR-53,Warren,MI,325,3.849000,,
64498,QUICK FUEL #1705,SR-53,Warren,MI,325,3.749000,,
64498,QUICK FUEL #1705,SR-53,Warren,MI,325,3.789000,,
64499,QUICK FUEL #2401,"I-71, EXIT 234",Bridgeton,MO,540,3.094000,,
64500,QUICK FUEL #2402,"I-435, EXIT 57",Kansas City,MO,400,3.292333,,
64501,QUICK FUEL #2602,"I-85, EXIT 40",Charlotte,NC,46,3.395667,,
64502,QUICK FUEL #2305,"I-270, EXIT 10",Columbus,OH,315,3.630667,,
64503,QUICK FUEL #2304,"I-75, EXIT 210",Toledo,OH,550,3.600667,,
64508,QUICK FUEL #1150,US-51 & SR-30,Madison,WI,420,3.575667,,
64509,QUICK FUEL #1002,"I-94, EXIT 319",Milwaukee,WI,444,3.740667,,
64511,QUICK FUEL #1010,SR-100,Milwaukee,WI,444,3.779000,,
64512,QUICK FUEL #1001,"I-94, EXIT 301",New Berlin,WI,444,3.499000,,
64514,PILOT TRAVEL CENTERS #435,"I-10, EXIT 0",Anthony,TX,640,3.459000,,
64517,KWIK TRIP #696,"I-94, EXIT 19 & US-63",Baldwin,WI,451,3.574000,44.8747958,-92.3747418
64519,BLUE RIDGE TRAVEL PLAZA,"I-81 SOUTHBOUND, EXIT 155",Mountain Top,PA,200,3.649000,,
64520,LOVES TRAVEL STOP #222,"I-70/US-35, EXIT 149B & US/35/SR-38",Richmond,IN,375,3.949000,,
64521,CHOCTAW TRAVEL PLAZA #635,US-259/SR-3,Broken Bow,OK,560,2.999000,,
64523,SKY CITY TRAVEL CENTER,"I-40, EXIT 102 NORTH",Pueblo Of Acoma,NM,580,3.280667,,
64524,FLYING J TRAVEL PLAZA #790,"ST 401, EXIT 579",Napanee,ON,720,4.629546,,
64524,FLYING J TRAVEL PLAZA #790,"ST 401, EXIT 579",Napanee,ON,720,4.622390,,
64524,FLYING J TRAVEL PLAZA #790,"ST 401, EXIT 579",Napanee,ON,720,4.630228,,
64524,FLYING J TRAVEL PLAZA #790,"ST 401, EXIT 579",Napanee,ON,720,4.618990,,
64524,FLYING J TRAVEL PLAZA #790,"ST 401, EXIT 579",Napanee,ON,720,4.620009,,
64524,FLYING J TRAVEL PLAZA #790,"ST 401, EXIT 579",Napanee,ON,720,4.621029,,
64525,PILOT TRAVEL CENTERS #3,"I-80, EXIT 223",Youngstown,OH,573,3.452333,,
64526,PILOT TRAVEL CENTERS #53,"I-40, EXIT 143",Hurricane Mills,TN,460,3.175667,,
64527,PILOT TRAVEL CENTERS #50,"I-71, EXIT 28",Pendleton,KY,415,3.759000,,
64528,Raceway #7007,SR-74 & SR-180,Shelby,NC,46,3.249000,,
64529,PILOT TRAVEL CENTERS #436,"I-40, EXIT 75",Amarillo,TX,585,3.265667,,
64530,PILOT TRAVEL CENTERS #420,"I-20, EXIT 114",Madison,GA,16,3.859000,,
64530,PILOT TRAVEL CENTER #420,"I-20, EXIT 114",Madison,GA,16,3.859000,,
64532,PILOT #4560,"I-75, EXIT 201",Jackson,GA,67,3.375667,,
64532,PILOT TRAVEL CENTER #4560,"I-75, EXIT 201",Jackson,GA,67,3.395667,,
64533,SHELL,US-287/US-81 & CR-718,Haslet,TX,637,2.890667,,
64534,CIRCLE K #4707045,"I-95, EXIT 32",Biddeford,ME,170,3.957333,,
64535,FLYING J TRAVEL PLAZA #628,"I-85, EXIT 160",Carnesville,GA,16,3.205667,,
64536,FLYING J TRAVEL PLAZA #640,"I-84, EXIT 173",Jerome,ID,785,3.902333,,
64537,FLYING J TRAVEL PLAZA #739,"I-35, EXIT 330B",Waco,TX,765,3.220667,,
64538,PILOT TRAVEL CENTER #445,"I-94, EXIT 22 & US-20",Chesterton,IN,365,3.829000,,
64538,PILOT TRAVEL CENTERS #445,"I-94, EXIT 22 & US-20",Chesterton,IN,365,3.799000,,
64545,HOBO PANTRY #24,US-231 & SR-10,Brundidge,AL,720,3.599000,,
64546,GRUB MART #13,"I-59, EXIT 205 & US-411/SR-25/SR-68",Centre,AL,587,3.349000,,
64554,FACKLER TEXACO TRUCK STOP,US-72 & CR-42,Fackler,AL,615,3.199000,34.7756604,-85.8926743
64558,MR FUEL #1203,"I-20, EXIT 129",Meridian,MS,705,2.812333,,
64569,LOVES TRAVEL STOP #624,"I-65, EXIT 8B",Mobile,AL,715,3.205667,,
64571,PETRO STOPPING CENTER #331,"I-15, EXIT 54",Las Vegas,NV,910,3.734000,,
64572,CIRCLE K #2723730,US-43/SR-13/SR-69,Northport,AL,615,3.399000,,
64578,MARATHON,US-431/SR-1,Phenix City,AL,50,3.249000,,
64581,SNEAD SHELL,US-278 & SR-75,Altoona,AL,587,3.109000,34.1197226,-86.3952567
64592,LOVES TRAVEL STOP #368,"I-65, EXIT 208 & CR-28",Clanton,AL,720,3.337333,,
64595,PILOT TRAVEL CENTERS #425,"I-10, EXIT 192",Midway,FL,20,3.799000,,
64595,PILOT TRAVEL CENTER #425,"I-10, EXIT 192",Midway,FL,20,3.799000,,
64599,PONY EXPRESS TRAVEL PLAZA #6,"US-167/US-67, EXIT16 & SR-5",Cabot,AR,695,3.499000,,
64600,Caseys #4552,"I-40, EXIT 57",Clarksville,AR,645,3.244000,,
64610,KINGS RIVER COUNTRY STORE,US-412,Huntsville,AR,735,3.265667,,
64617,SHELL,"I-55, EXIT 48",Osceola,AR,435,2.999000,,
64647,HOOKS,I-16 EXIT 16,East Dublin,GA,85,3.399000,,
64648,QUICK FUEL #2203,"I-20, EXIT 14",Atlanta,GA,18,3.319000,,
64651,QUICK FUEL #2101,I-465,Indianapolis,IN,375,3.869000,,
64654,Fast Stop,"I-10, EXIT 177",Saint Gabriel,LA,600,3.699000,,
64655,ONE9 #7937,"I-85/I-40, EXIT 132",Mc Leansville,NC,65,3.399000,,
64656,QUICK FUEL #2601,SR-27,Charlotte,NC,46,3.512333,,
64660,QUICK FUEL #1005,SR-59 & SR-164,Waukesha,WI,444,3.623000,43.0139890,-88.2003405
64662,QUICK FUEL #1011,"I-94, EXIT 100",Milwaukee,WI,444,3.520667,,
64664,CIRCLE K #4701424,"I-74, EXIT 102",Morton,IL,280,3.699000,,
64664,CIRCLE K #4701424,"I-74, EXIT 102",Morton,IL,280,3.659000,,
64664,CIRCLE K #4701424,"I-74, EXIT 102",Morton,IL,280,3.599000,,
64671,FLYING J TRAVEL PLAZA #756,"I-94, EXIT 116 & CR-A",Black River Falls,WI,450,3.382333,,
64672,FLYING J TRAVEL PLAZA #655,"I-70, EXIT 123 & SR-3",Spiceland,IN,375,3.959000,,
64673,WESTVILLE TRUCKSTOP,US-6/US-421,Westville,IN,365,3.585667,,
64674,ZANCO SHELL,"I-395, EXIT 87",Plainfield,CT,175,4.399000,,
64675,Petro Mart #45,"I-70/US-40, EXIT 148 & US-54",Kingdom City,MO,392,2.939000,,
64676,PILOT TRAVEL CENTERS #460,"I-40, EXIT 140",Oklahoma City,OK,483,3.309000,,
64677,MOUNT VERNON FUEL CENTER,"I-75, EXIT 59 & US-25",Mount Vernon,KY,410,2.999000,37.3525319,-84.3393371
64678,AINSWORTH FOUR CORNERS,US-218/SR-27 & SR-92,Ainsworth,IA,380,3.109000,,
64679,PILOT TRAVEL CENTER #118,I-30 EXIT 121,Benton,AR,695,3.259000,,
64679,PILOT TRAVEL CENTERS #118,I-30 EXIT 121,Benton,AR,695,3.199000,,
64681,PILOT TRAVEL CENTER #458,"I-10, EXIT 208",Eloy,AZ,930,3.439000,,
64681,PILOT TRAVEL CENTERS #458,"I-10, EXIT 208",Eloy,AZ,930,3.479000,,
64682,FLYING J TRAVEL PLAZA #705,"I-40, EXIT 20 & US-283",Sayre,OK,483,3.182333,,
64683,QUIKTRIP #777,"I-20, EXIT 49",Atlanta,GA,18,2.972333,,
64684,MR FUEL #721,"I-465, EXIT 4 & SR 37",Indianapolis,IN,375,3.319000,39.7755650,-86.1576485
64687,PILOT TRAVEL CENTERS #421,"I-75, EXIT 326",Dalton,GA,285,3.305667,,
64687,PILOT TRAVEL CENTER #421,"I-75, EXIT 326",Dalton,GA,285,3.285667,,
64689,FLYING J TRAVEL PLAZA #789,HWY 401,London,ON,200,3.960394,,
64689,FLYING J TRAVEL PLAZA #789,HWY 401,London,ON,200,4.451938,,
64689,FLYING J TRAVEL PLAZA #789,HWY 401,London,ON,200,3.951654,,
64689,FLYING J TRAVEL PLAZA #789,HWY 401,London,ON,200,3.953690,,
64689,FLYING J TRAVEL PLAZA #789,HWY 401,London,ON,200,4.453903,,
64689,FLYING J TRAVEL PLAZA #789,HWY 401,London,ON,200,4.462112,,
64702,FLYING J TRAVEL PLAZA #846,HWY 9 & HWY 36,Hanna,AB,80,4.954187,,
64702,FLYING J TRAVEL PLAZA #846,HWY 9 & HWY 36,Hanna,AB,80,4.955281,,
64702,FLYING J TRAVEL PLAZA #846,HWY 9 & HWY 36,Hanna,AB,80,4.956740,,
64702,FLYING J TRAVEL PLAZA #846,HWY 9 & HWY 36,Hanna,AB,80,4.965145,,
64702,FLYING J TRAVEL PLAZA #846,HWY 9 & HWY 36,Hanna,AB,80,4.964413,,
64702,FLYING J TRAVEL PLAZA #846,HWY 9 & HWY 36,Hanna,AB,80,4.953094,,
64706,CIRCLE K #2721571,"I-65, EXIT 69",Brewton,AL,715,3.399000,,
64712,SUNSTOP #650,US-431 & SR-210,Dothan,AL,20,3.412333,,
64713,GOOD TO GO,"I-65, EXIT 200",Enterprise,AL,20,3.599000,,
64715,CIRCLE K #2709067,US-31/SR-6,Prattville,AL,720,3.499000,,
64718,CUZZS,US-43/SR-13,Thomasville,AL,720,3.532333,,
64719,CIRCLE K #2706697,"I-85, EXIT 77",Valley,AL,720,3.399000,,
64721,FLASH MARKET #17049,"I-40/US-63, EXIT 216 & US-49/SR-17",Brinkley,AR,695,3.179000,,
64723,CASHS #4470,US-65,Dumas,AR,655,3.209000,,
64724,TOBOS TRAVEL CENTER,"I-540, EXIT 58",Fayetteville,AR,735,3.349000,,
64755,PILOT TRAVEL CENTERS #44,"I-70, EXIT 101",Boonville,MO,310,3.519000,,
64764,CORNER MARKET #62,SR-13/SR-789 & SR-64,Meeker,CO,800,3.729000,,
64765,CENEX,"I-76, EXIT 125",Sterling,CO,800,3.415667,,
64773,Sun Gas,US-301,Middletown,DE,243,2.999000,,
64775,SHORE STOP #287,US-13,New Castle,DE,243,3.289000,,
64775,SHORE STOP #287,US-13,New Castle,DE,243,3.309000,,
64777,4 POINTS MARKET,US-441/SR-7 & SR-804,Boynton Beach,FL,95,3.229000,,
64778,SUNSTOP #347,US-27,Branford,FL,75,3.699000,,
64779,SPEEDWAY #6530,US-50,Brooksville,FL,225,3.382333,,
64789,KROME EXXON,SR-997 & SR-994,Miami,FL,95,3.399000,,
64793,CIRCLE K #2721297,US-301,Middleburg,FL,75,3.399000,,
64795,QUICK FUEL #5101,"I-4, EXIT 79",Orlando,FL,140,3.362333,,
64798,RIVIERA TRUCKSTOP,SR-710,West Palm Beach,FL,95,3.779000,,
64803,MARATHON,"I-4, EXIT 3",Tampa,FL,225,3.422333,,
64804,SPEEDLANE,US-301 &SR-574,Tampa,FL,225,3.449000,,
64811,SUNSTOP #819,US-19,Americus,GA,15,3.699000,,
64815,BUENA VISTA GAS N GO,SR-26 & SR-41,Buena Vista,GA,10,3.299000,,
64819,CIRCLE K #4174,"I-285/SR-407, EXIT 53 & US-23/SR-42",Conley,GA,18,3.999000,,
64820,Mr Pips,US-84/SR-38,Donalsonville,GA,20,3.199000,,
64825,EXIT 10 AUTO AND TRUCK STOP,"I-185/SR-411, EXIT 19 & SR-315",Fortson,GA,50,3.399000,32.6261206,-85.0364319
64831,CIRCLE K #2745072,US-341,Lumber City,GA,195,3.529000,,
64833,QWICKSERV,US-319 BUS & SR-133/SR-35/SR-33,Moultrie,GA,20,3.599000,,
64834,SUSIE Q #90,US-319 & SR-33,Moultrie,GA,10,3.799000,31.1767219,-83.7888164
64840,BP,US-278/SR-6 & SR-101,Rockmart,GA,18,3.599000,,
64842,Circle K #2745128,US-301 & US-25,Statesboro,GA,195,3.199000,,
64843,A TO Z TRUCKSTOP,US-301/US-25/SR-73,Statesboro,GA,195,3.599000,,
64850,SHAKE RAG EXPRESS,US-1 & US-78,Wadley,GA,135,3.415667,,
64856,KUM & GO #1056,"I-35, EXIT 56",Bevington,IA,320,3.099000,,
64857,CHARITON FOOD SHOP,US-34,Chariton,IA,320,3.369000,,
64859,QUICK FUEL #2901,"I-35/I-80, EXIT 136",Des Moines,IA,320,3.137333,,
64860,BP TRUCK PLAZA,US-61/US-151,Dubuque,IA,335,3.489000,,
64862,218 FUEL EXPRESS,US-218 & US-18,Floyd,IA,433,3.489000,,
64863,FT MADISON FAST BREAK,US-61,Fort Madison,IA,345,3.399000,,
64868,MEDIAPOLIS FAST BREAK,US-61,Mediapolis,IA,345,3.349000,,
64871,STEWART ROAD FAST BREAK,CR-X61,Muscatine,IA,270,3.299000,,
64873,CUBBYS #2301,"I-29, EXIT 112",Onawa,IA,319,3.149000,,
64874,OSCEOLA TRAVEL PLAZA,"I-25, EXIT 33 & US-34",Osceola,IA,320,3.312333,,
64875,CASEYS #2598,"SR-163, EXIT 42",Pella,IA,320,3.199000,,
64876,PILOT #238,"I-29, EXIT 10",Percival,IA,319,3.799000,,
64876,PILOT TRAVEL CENTER #238,"I-29, EXIT 10",Percival,IA,319,3.799000,,
64877,CASEYS #3900,"US-218, EXIT 80 & SR-22",Riverside,IA,380,3.170667,,
64880,CASEYS #2487,US-71/SR-9,Spirit Lake,IA,440,3.382333,,
64881,SPARKYS ONE STOP #16,US-71 & SR-3,Storm Lake,IA,527,3.232333,42.7487955,-95.1511960
64883,KUM & GO #1046,"I-80, EXIT 46 & CR-M47",Walnut,IA,486,3.109000,,
64884,SAPP BROS TRAVEL CENTER,US-61 & SR-78,Sioux City,IA,527,3.649000,41.0877915,-91.1832728
64886,WEVER JUNCTION,US-61 & CR-X50,Wever,IA,345,3.399000,,
64887,COUNCIL FOOD AND FUEL,US-95,Council,ID,785,3.589000,,
64888,NOMNOM #21,US-95 & SR-13,Grangeville,ID,970,3.907333,,
64892,JACKSONS FOOD STORE #3,US-95,Wilder,ID,785,3.579000,,
64894,CIRCLE K #4701251,"I-55, EXIT 160B & SR-9",Bloomington,IL,280,3.399000,,
64894,CIRCLE K #4701251,"I-55, EXIT 160B & SR-9",Bloomington,IL,280,3.599000,,
64894,CIRCLE K #4701251,"I-55, EXIT 160B & SR-9",Bloomington,IL,280,3.499000,,
64902,DOWNS TRAVEL MART,"I-74, EXIT 142",Downs,IL,368,3.499000,,
64907,FREEDOM OIL #77,"I-74, EXIT 112 & SR-117",Goodfield,IL,368,3.659000,,
64913,Circle K #4701331,US-136 & US-67,Macomb,IL,345,3.499000,,
64914,Martinsville Food and Fuel,"I-70, EXIT 136",Martinsville,IL,510,3.489000,,
64920,KWIK STAR #1530,"I-88/SR-110, EXIT 76 & SR-251",Rochelle,IL,520,3.499000,,
64928,SPEEDWAY #1432,"I-294, EXIT 22",Willow Springs,IL,293,3.859000,,
64929,KARTAR TRUCK STOP,"I-74, EXIT 32 & SR-17",Woodhull,IL,270,3.599000,,
64930,THORNDALE SHELL,"I-290, EXIT 5",Wood Dale,IL,290,3.459000,,
64933,MCCLURE OIL #66,US-33/US-27,Decatur,IN,370,3.699000,40.8034214,-84.9367635
64938,FAMILY EXPRESS #41 (DISCOUNT AVAILABLE),US-52,Lafayette,IN,375,3.432333,,
64939,FAMILY EXPRESS #27 (DISCOUNT AVAILABLE),US-421,Medaryville,IN,365,3.649000,,
64946,MORNING STAR AUTO TRUCK PLAZA,"I-69, EXIT 334 & US-6",Waterloo,IN,370,3.699000,,
64949,PETES #36,US- 54 & US-169,Iola,KS,400,3.205667,,
64950,CASEYS #2957,US-73 & US-36,Hiawatha,KS,400,3.150667,,
64952,AMPRIDE,US-160,Johnson,KS,525,3.399000,,
64961,SAC AND FOX TRUCK STOP,US-75,Powhattan,KS,553,2.984000,,
64963,FLINT HILLS ONE STOP,US-50,Strong City,KS,553,2.919000,,
64964,U PUMP IT,US-83 & US-56,Sublette,KS,525,3.679000,37.4748147,-100.8709291
64969,ALLSTAR FOOD MART,SR-55,Campbellsville,KY,415,3.159000,,
64980,DOUBLE KWIK MARKET #1044,SR-15/SR-7/SR-160,Isom,KY,255,3.749000,37.1850099,-82.9069375
64982,FAS MART #5260,SR-9 & US-68/US-62/SR-10,Maysville,KY,312,3.364000,,
64984,DOUBLE KWIK MARKET #1062,"I-75, EXIT 104",Nicholasville,KY,410,3.499000,,
64990,LAKE COUNTRY OUTDOORS,SR-127,Russell Springs,KY,410,3.199000,,
64994,E Z STOP,SR-555 & SR-9002,Willisburg,KY,410,3.379000,,
64996,AVONDALE TRUCK STOP,SR-90,Westwego,LA,725,3.449000,,
64998,CM BAYOU VISTA,US-90,Morgan City,LA,725,3.399000,,
64999,I 220 TRAVEL PLAZA,"I-270, EXIT 17A & US-80/US-79",Bossier City,LA,766,2.992333,,
65000,SILVERS TRAVEL CENTER,"I-10, EXIT 109",Breaux Bridge,LA,690,3.369000,,
65002,FOOD N FUN #11,US-90 & SR-92-1,Broussard,LA,600,3.302333,,
65005,USA TRAVEL CENTER,"I-20, EXIT 103/US-80",Calhoun,LA,719,3.215667,,
65006,GOLDMINE TRUCKSTOP,US-190,Eunice,LA,730,3.199000,,
65007,GOLDEN GROVE TRUCK PLAZA,SR-641 & SR-3125,Gramercy,LA,725,3.419000,,
65008,BIG WHEELS TRAVEL CENTER,"US-90, EXIT 204 & SR-316",Gray,LA,725,3.499000,,
65011,PLANTATION TRUCK PLAZA,SR-311 & SR-664,Houma,LA,725,3.115667,,
65017,Y NOT STOP MANSURA,SR-1,Mansura,LA,730,3.399000,,
65019,Hwy 31 Truck Stop,SR 31,Saint Martinville,LA,730,3.329000,,
65021,OPELOUSAS 190 TRUCK STOP,US-190,Opelousas,LA,600,2.870667,,
65022,CM RACELAND,SR-1,Raceland,LA,725,3.299000,,
65023,SHOP RITE #85,"I-10, EXIT 87 AT MILE 87",Rayne,LA,600,3.149000,,
65025,ELSIE AUTO AND TRUCK PLAZA,SR-1,Shreveport,LA,766,2.949000,,
65026,TA ST Rose #06480,US-61,Saint Rose,LA,725,3.225667,,
65027,STARKS TRUCK STOP,SR-12,Starks,LA,690,3.599000,,
65030,CASH MAGIC THIBODAUX,SR-1,Thibodaux,LA,725,3.399000,,
65033,PILOT TRAVEL CENTERS #457,"I-75, EXIT 135",Beaverdam,OH,411,3.330667,,
65036,WAVERLY TRUCKSTOP,"I-20, EXIT 157 & SR-577",Delhi,LA,719,2.964000,32.4417485,-91.4100265
65037,CIRCLE K #2707783,"I-20, EXIT 114 & SR-617",West Monroe,LA,719,2.957333,,
65048,Irving,SR-2,Westminster,MA,34,3.749000,,
65059,ROYAL FARMS #111,"I-95, EXIT 57",Baltimore,MD,22,3.209000,,
65062,AC & T BIG POOL,"I-70, EXIT 12 & SR-56",Big Pool,MD,70,3.659000,,
65064,A C AND T SHARPSBURG PIKE,"I-70, EXIT 29A & SR-65",Hagerstown,MD,70,3.799000,,
65066,HURLOCK CITGO,SR-392 & SR-331,Hurlock,MD,194,3.259000,,
65067,SUNOCO,US-301,Newburg,MD,60,3.379000,,
65069,CIRCLE K #4707056,"I-95, EXIT 75",Auburn,ME,170,3.899000,,
65074,CIRCLE K #4707004,"I-95, EXIT 244 & SR-157",Medway,ME,170,3.502333,,
65075,CIRCLE K #4707017,"I-95, EXIT 48",Portland,ME,170,3.742333,,
65083,SUNOCO,"I-75, EXIT 34B",Riverview,MI,325,3.639000,,
65084,BEACON & BRIDGE #19,US-131 & SR-115,Cadillac,MI,260,3.259000,,
65084,BEACON & BRIDGE #19,US-131 & SR-115,Cadillac,MI,260,3.239000,,
65084,BEACON & BRIDGE #19,US-131 & SR-115,Cadillac,MI,260,3.279000,,
65086,FRED MOORE BP,"I-94, EXIT 257",Casco,MI,325,4.099000,,
65088,Circle K #2746528,US-41/SR-28 & SR-95,Champion,MI,360,3.819000,,
65091,WYOMING FUEL PLAZA,"I-94, EXIT 210A",Dearborn,MI,325,3.599000,,
65092,BP,"I-94 & US-12, EXIT 210",Dearborn,MI,325,3.579000,,
65092,BP,"I-94 & US-12, EXIT 210",Dearborn,MI,325,3.759000,,
65092,BP,"I-94 & US-12, EXIT 210",Dearborn,MI,325,4.099000,,
65092,BP,"I-94 & US-12, EXIT 210",Dearborn,MI,325,3.199000,,
65094,MARATHON,"I-75 & SR-32, EXIT 282",Gaylord,MI,287,3.829000,,
65094,MARATHON,"I-75 & SR-32, EXIT 282",Gaylord,MI,287,3.799000,,
65108,PICKLEMANS ONE STOP-ZEPHYR,ST 28,Newberry,MI,360,3.699000,,
65113,NORTHWIND TRAVEL CENTER,"US-131, EXIT 153 & US-10",Reed City,MI,456,3.599000,,
65113,NORTHWIND TRAVEL CENTER,"US-131, EXIT 153 & US-10",Reed City,MI,456,3.499000,,
65121,BP TRAVEL CENTER AND TRUCK PLAZA,"I-275, EXIT 20",Belleville,MI,325,4.199000,,
65127,PITSTOP MOBIL MART,"I-196, EXIT 72",Wyoming,MI,456,3.799000,,
65127,PITSTOP MOBIL MART,"I-196, EXIT 72",Wyoming,MI,456,3.549000,,
65129,HOLIDAY STATIONSTORE #2746345,"I-94, EXIT 103/US-52 & SR-29",Alexandria,MN,250,3.499000,,
65132,PETES PLACE SOUTH,US-71 & US-2,Bemidji,MN,355,3.415667,47.3813782,-94.6598777
65135,CIRCLE K #3819,SR-7,Clara City,MN,432,3.332333,,
65136,HOLIDAY STATIONSTORE #2746422,"I-35, EXIT 253B",Duluth,MN,334,3.499000,,
65141,KWIK TRIP #619,US-14 & ST-57,Kasson,MN,515,3.549000,,
65142,HOLIDAY STATIONSTORE #2746376,"I-35W, EXIT 36 & CR-23",Circle Pines,MN,448,3.549000,45.0326789,-93.2768207
65153,7Fleet #46516,"I-75, EXIT 164",Waite Park,MN,250,3.459000,,
65162,Petro Mart #15,I-270 EXIT 33,Saint Louis,MO,540,2.904000,,
65165,AMERIMART # 11,US-61,Jackson,MO,275,3.299000,,
65171,SIGNAL FOOD STORE #110,US-60 & SR-5,Mansfield,MO,535,3.025667,,
65177,KUM & GO #0497,US-60/SR-413 & CR-M,Republic,MO,535,3.079000,37.1157568,-93.4743634
65178,WILD BILLS TRAVEL CENTER,US-65 & SR-14,Ridgedale,MO,535,3.199000,,
65180,TREX MART #11,"I-29, EXIT 65 & US-59",Savannah,MO,400,2.999000,,
65188,GAS MART,"US-78, EXIT 14 & SR-309",Byhalia,MS,435,2.972333,,
65192,CIRCLE K #2723396,US-49,Collins,MS,620,3.879000,,
65194,CIRCLE K #2723401,US-98 BYP/SR-44 & SR-13,Columbia,MS,620,3.332333,31.2364698,-89.8240669
65197,SINGH PETRO,US-11,Ellisville,MS,620,3.059000,,
65198,CIRCLE K #2723437,US-49,Florence,MS,760,2.895667,,
65204,SHELL GAS MART,US-82,Mathiston,MS,576,3.365667,,
65212,Taters #2,US-98 & SR-29,New Augusta,MS,620,3.315667,,
65213,CIRCLE K #2723390,US-98,New Augusta,MS,620,3.199000,,
65214,NEWTON CROSSING,"I-20, EXIT 109 & SR-15",Newton,MS,705,3.249000,32.3432477,-89.1364262
65216,STUCKEYS EXPRESS,US-43S,Pelahatchie,MS,760,3.199000,,
65221,CEFCO #544,"I-55/US-51, EXIT 81",Terry,MS,760,2.899000,,
65223,SHELL EXPRESS MART,SR-7 & SR-315,Water Valley,MS,435,3.065667,34.1795616,-89.4628388
65225,CIRCLE K #2723402,US-49,Wiggins,MS,620,3.509000,,
65234,COUNTRY MART,US-13/SR-11,Bethel,NC,205,3.007333,35.8546803,-77.3499193
65241,CIRCLE K #2723474,US-70,Goldsboro,NC,205,3.540667,,
65246,DOBBS PLACE,"I-95, EXIT 17",Lumberton,NC,245,3.159000,,
65250,CIRCLE K #2723473,US-70,Morehead City,NC,245,3.649000,,
65251,SPEEDWAY #8277,US-17 & SR-43,New Bern,NC,245,3.265667,,
65252,SPEEDWAY #6964,SR-125 & SR-11/SR-42,Oak City,NC,205,3.197333,35.9652708,-77.3044988
65267,CIRCLE K #2720939,"I-795/US-264, EXIT 43A & US-301",Wilson,NC,205,3.049000,,
65268,SPEEDWAY #6931,"I-40, EXIT 195 & SR-109",Winston Salem,NC,65,3.609000,,
65270,INTERSTATE CENEX,"I-94, EXIT 1 & SR-16",Beach,ND,273,3.499000,,
65273,SIMONSON TRAVEL CENTER,"I-29, EXIT 141 & US-2",Grand Forks,ND,341,3.539000,,
65274,CENEX C STORE,US-2 & SR-3,Rugby,ND,452,3.399000,,
65282,HEBRON SINCLAIR,US-81,Hebron,NE,413,3.284000,,
65283,CUBBYS #2107,US-20/SR-15,Laurel,NE,470,3.139000,,
65284,Caseys #4526,"I-80, EXIT 237",Lexington,NE,330,3.057333,,
65287,AM ENERGY,"I-80, EXIT 248",Overton,NE,330,2.899000,,
65289,SHOEMAKERS SOUTH,US-77,Roca,NE,413,3.349000,,
65290,ESSENTIAL FUEL #3,ST 71,Scottsbluff,NE,475,3.599000,,
65292,CUBBYS #117,SR-2 & SR-50,Syracuse,NE,319,3.319000,,
65293,TRAILS WEST SINCLAIR,US-34 & SR-25,Trenton,NE,475,3.499000,40.1826398,-101.0131153
65294,PRIME STOP,ST 35,Wayne,NE,470,3.244000,,
65296,CIRCLE K #4707214,"I-93, EXIT 12S & I-89 & SR-3A",Bow,NH,170,4.199000,,
65299,EPPING FUELING CENTER,SR-27 & SR-125,Epping,NH,125,4.029000,,
65308,SUNOCO,SR-17,East Rutherford,NJ,115,3.192333,,
65310,Edison Fuel Stop,US-1,Edison,NJ,115,3.159000,,
65314,Union 76,"I-55, EXIT 50A",Richwood,NJ,150,3.399000,,
65315,SUNOCO- RICHARD STOCKTON PLAZA #7009,NJ TURNPIKE MILE POST 58.7,Trenton,NJ,115,3.899000,,
65319,PHILLIPS 66,US-30,Clementon,NJ,150,3.199000,39.8066266,-74.9673311
65320,PILOT #891,"I-80, EXIT 27B",Ledgewood,NJ,105,4.099000,,
65328,THIND TRAVEL PLAZA,SR-20,North Bergen,NJ,115,3.259000,,
65329,UTE MOUNTAIN TRAVEL CENTER,US-160 & US-491,Towaoc,CO,810,3.457333,,
65332,BETTY ROSS TRUCK STOP /BP,US-130 & SR-73,Pennsauken,NJ,150,3.329000,,
65334,SUNOCO,US 22 WEST,Phillipsburg,NJ,115,3.329000,,
65335,CONOCO,US-22,Phillipsburg,NJ,90,3.359000,,
65338,SWIFT FUEL STOP,"I-78, EXIT 13",Newark,NJ,115,3.879000,,
65339,US GAS & DIESEL,US-46,Ridgefield,NJ,115,3.229000,,
65343,ENRITE,"I-287, EXIT 4",South Plainfield,NJ,115,3.999000,,
65345,SOUTH BRUNSWICK VALERO,US-130,North Brunswick,NJ,115,3.165667,,
65350,Phillips 66,"I-295, EXIT 1",Vineland,NJ,150,3.359000,,
65351,RIGGINS TRUCK PLAZA,"I-55, EXIT 26",Vineland,NJ,150,3.269000,,
65353,SUNOCO- GROVER CLEVELAND TRAVEL PLAZA #7014,"NORTH NJ TNPK, EXIT 11",Woodbridge,NJ,115,3.899000,,
65359,ROAD RUNNER TRAVEL CENTER,"I-25, EXIT 156",Lemitar,NM,580,3.299000,,
65360,Roswell #60,US-285,Roswell,NM,593,3.365667,,
65361,BLACK MESA TRAVEL CENTER,"I-25, EXIT 252",Algodones,NM,580,3.269000,,
65365,CHEVRON #381125,US-95,Hawthorne,NV,966,4.079000,,
65373,CHAMPLAIN PETERBILT FUEL MART,"I-87, EXIT 43",Champlain,NY,39,3.799000,,
65377,PETROL 9 W,US-9W,Glenmont,NY,12,3.699000,,
65379,MIRABITO #74,"SR-79 N/I-88E, EXIT 6",Harpursville,NY,12,4.659000,,
65381,NATIVE PRIDE,"I-90, EXIT 58 & US-20",Irving,NY,38,2.999000,,
65381,NATIVE PRIDE,"I-90, EXIT 58 & US-20",Irving,NY,38,2.899000,,
65383,M AND M ALLEGANY JUNCTION,"I-86/SR-17, EXIT 23 & US-219/US-219 BUS",Limestone,NY,38,3.129000,,
65386,MIRABITO #73,"I-88, EXIT 12",Otego,NY,12,3.999000,,
65387,MAPLEFIELDS,SR-22 & SR-442,Peru,NY,235,3.799000,,
65392,CIRCLE K #4707622,"I-90, EXIT 41",Seneca Falls,NY,220,3.999000,,
65395,BELLSTORES #132,US-30 & SR-60,Ashland,OH,249,3.499000,,
65398,QUICK FUEL #2306,"I-480, EXIT 12",Brookpark,OH,305,3.669000,,
65400,NORTHSIDE FUEL STOP,US-30 & SR-19,Bucyrus,OH,411,3.507333,,
65406,MOBIL,"I-90/SR-2, EXIT 182B",Cleveland,OH,305,3.765667,,
65411,CLARKS PUMP N SHOP #10,SR- 32,Jackson,OH,315,3.699000,,
65415,SPEEDWAY #9314,US-20 & SR-21,Massillon,OH,249,3.482333,,
65423,BARNEYS CONVENIENCE MART #15,"I-75, EXIT 195 & I-90, EXIT 64 & SR-795",Rossford,OH,550,3.599000,,
65426,CIRCLE K #4705357,US-23 & SR-316,Ashville,OH,315,3.089000,,
65431,QUICK MART AND MORE,US-22 & SR-43,Steubenville,OH,573,3.639000,,
65441,HUTCH'S #103,SR-6 & SR-66,Elk City,OK,483,2.969000,,
65444,TXB #24 dba Kwik Chek Food Stores,US-70,Hugo,OK,253,2.969000,,
65445,QWIK CHEQUE,US-70 & SR-37,Idabel,OK,253,3.199000,,
65451,Petes #15,US-169 & SR-88,Oologah,OK,560,3.159000,,
65457,THACKERSVILLE TRAVEL PLAZA,"I-35, EXIT 1",Thackerville,OK,253,2.932333,,
65463,FLYING J CARDLOCK #825,"HWY 403, EXIT 41",Brantford,ON,430,4.592161,,
65463,FLYING J CARDLOCK #825,"HWY 403, EXIT 41",Brantford,ON,430,4.601640,,
65463,FLYING J CARDLOCK #825,"HWY 403, EXIT 41",Brantford,ON,430,4.591148,,
65463,FLYING J CARDLOCK #825,"HWY 403, EXIT 41",Brantford,ON,430,4.602319,,
65463,FLYING J CARDLOCK #825,"HWY 403, EXIT 41",Brantford,ON,430,4.593175,,
65463,FLYING J CARDLOCK #825,"HWY 403, EXIT 41",Brantford,ON,430,4.594527,,
65469,PETRO-CANADA,BURLINGTON & PARKDALE/WINDEMER,Hamilton,ON,430,3.652848,,
65469,PETRO-CANADA,BURLINGTON & PARKDALE/WINDEMER,Hamilton,ON,430,3.653387,,
65469,PETRO-CANADA,BURLINGTON & PARKDALE/WINDEMER,Hamilton,ON,430,3.591477,,
65476,PETRO-CANADA,"HWY 401, EXIT 186",London,ON,200,3.401697,,
65476,PETRO-CANADA,"HWY 401, EXIT 186",London,ON,200,3.560993,,
65476,PETRO-CANADA,"HWY 401, EXIT 186",London,ON,200,3.402199,,
65476,PETRO-CANADA,"HWY 401, EXIT 186",London,ON,200,3.367585,,
65476,PETRO-CANADA,"HWY 401, EXIT 186",London,ON,200,3.338994,,
65476,PETRO-CANADA,"HWY 401, EXIT 186",London,ON,200,3.312852,,
65484,FLYING J #865,HWY 1/HWY 401,Pickering,ON,720,4.462770,,
65484,FLYING J #865,HWY 1/HWY 401,Pickering,ON,720,4.455215,,
65484,FLYING J #865,HWY 1/HWY 401,Pickering,ON,720,4.451938,,
65484,FLYING J #865,HWY 1/HWY 401,Pickering,ON,720,4.453903,,
65484,FLYING J #865,HWY 1/HWY 401,Pickering,ON,720,4.462112,,
65484,FLYING J #865,HWY 1/HWY 401,Pickering,ON,720,4.452920,,
65490,PILOT TRAVEL CENTER #422,"I-85, EXIT 41 & US-29",Newnan,GA,18,3.699000,,
65490,PILOT TRAVEL CENTERS #422,"I-85, EXIT 41 & US-29",Newnan,GA,18,3.699000,,
65494,FLYING J TRAVEL PLAZA #633,"I-20, EXIT 138",Union Point,GA,135,3.859000,,
65496,FLYING J #463,HWY 402 EXIT 25,Wyoming,ON,620,4.451938,,
65496,FLYING J #463,HWY 402 EXIT 25,Wyoming,ON,620,4.452920,,
65496,FLYING J #463,HWY 402 EXIT 25,Wyoming,ON,620,4.462770,,
65496,FLYING J #463,HWY 402 EXIT 25,Wyoming,ON,620,4.462112,,
65496,FLYING J #463,HWY 402 EXIT 25,Wyoming,ON,620,4.453903,,
65496,FLYING J #463,HWY 402 EXIT 25,Wyoming,ON,620,4.455215,,
65513,GETGO #3602,"I-76, EXIT 146 & I-99, EXIT 1 & US-220",Bedford,PA,14,4.092333,,
65514,ONVO TRAVEL PLAZA,"I-78, EXIT 13 & SR- 501",Bethel,PA,70,3.347333,,
65518,KWIK FILL #239,ST 51,Crescent,PA,165,3.799000,,
65521,RUTTERS #17,US-15 & SR-234,East Berlin,PA,70,4.294000,,
65522,TURKEY HILL #950324,US-322 & SR-23/SR-897,East Earl,PA,208,3.785667,,
65523,SAC SHOP #512,US-30,Everett,PA,14,4.099000,,
65524,SAC SHOP #514,I-76/I-70 & US-30,Everett,PA,14,4.099000,,
65525,SHELL,"I-95, EXIT 46A & US-1",Fairless Hills,PA,160,3.899000,,
65527,SUNOCO SERVICE STATION,"I-81, EXIT 5",Greencastle,PA,70,3.899000,,
65530,7-ELEVEN #40284,"I-76, EXIT 19/247",Hershey,PA,70,3.967333,,
65532,PILOT TRAVEL CENTERS #1,"I-80,  EXIT 173",Mill Hall,PA,14,4.015667,,
65533,LIBERTY EXXON,US-15 & SR-414,Liberty,PA,138,3.699000,,
65537,SHEETZ #048,US-22,Nanty Glo,PA,14,3.517333,,
65538,WELMART,"SR-28, EXIT 16",Natrona Heights,PA,165,4.192333,,
65549,T&C MINI MART,SR-33 & SR-191,Stockertown,PA,90,3.699000,,
65552,A PLUS MINI MARKET,US-1 & SR-132,Feasterville Trevose,PA,160,3.899000,,
65556,RUTTERS #60,US-30 & SR-116,York,PA,70,4.249000,,
65572,CIRCLE K #2705377,"I-20, EXIT 22 & US-1",Aiken,SC,135,3.129000,,
65573,SPEEDWAY/7fleet #4587,US-501,Aynor,SC,205,3.124000,,
65578,CIRCLE K #2723355,US-52,North Charleston,SC,42,3.399000,,
65587,HOT SPOT #2022,US-25/US-76,Honea Path,SC,30,2.909000,,
65588,SPEEDWAY #2836,US-17,Johns Island,SC,42,3.069000,,
65593,CIRCLE K #2723441,"I-82, EXIT 73 & SR-773",Prosperity,SC,210,3.115667,34.2157137,-81.4818977
65594,PILOT #4567,I-77 EXIT 77,Rock Hill,SC,46,3.149000,,
65598,LEES QUICK STOP,US-52 & SR-45,Saint Stephen,SC,42,3.415667,,
65603,JET TRUCK PLAZA,"I-29, EXIT 47",Beresford,SD,530,3.159000,,
65604,SHELL,"I-29, EXIT 132",Huron,SD,455,3.359000,,
65608,ZIP TRIP #81,"I-29, EXIT 62 & US-18",Lennox,SD,530,3.204000,,
65614,281 TRAVEL CENTER,US-281,Wolsey,SD,571,3.089000,,
65622,QUICK STOP #34,US-11/SR-1,Bristol,TN,405,3.299000,,
65624,Sudden Service #61,SR-149 & SR-46,Cumberland City,TN,460,3.564000,36.3866782,-87.6310057
65625,Chevron,US-64,Fayetteville,TN,460,3.754000,,
65629,CASEYS GOODSTOP #4036,"I-40, EXIT 355",Kingston,TN,405,3.164000,,
65639,SPEEDWAY #7138,"I-24, EXIT 70 & SR-102",Smyrna,TN,460,3.049000,,
65641,ALLSUPS CONVENIENCE STORE #2331,I-20 & FM 600,Abilene,TX,575,2.875667,,
65652,CIRCLE K #2706343,"I-20, EXIT 428",Fort Worth,TX,630,2.969000,,
65659,ALLSUPS CONVENIENCE STORE #2169,US-287,Chillicothe,TX,770,2.895667,,
65666,FUEL CITY #2,"I-30, EXIT 45B/I-35E",Dallas,TX,630,2.965667,,
65667,ALLSUPS CONVENIENCE STORE #2103,US-287/US-81,Decatur,TX,630,2.899000,,
65671,SUPER STOP #22,SR-87 & SR-12,Orange,TX,610,3.439000,,
65673,PILOT #894,US-57 & US-277,Eagle Pass,TX,693,3.899000,,
65674,VALLEY MART #09,US-277,Eagle Pass,TX,740,3.199000,,
65678,ONE9 #1300,US-287 & SR-34,Ennis,TX,630,2.869000,,
65683,ALLSUPS CONVENIENCE STORE #2225,US-60,Friona,TX,585,2.999000,,
65686,CEFCO #2004,"I-35 , EXIT 499",Vernon,TX,770,2.860667,34.1618225,-99.2983573
65690,CIRCLE G TRUCK STOP,US-183 & SR-97,Gonzales,TX,595,2.799000,,
65691,CIRCLE K #2704037,US-90/SR-97 & US-183,Gonzales,TX,595,2.904000,,
65721,Paradise RV & Truck Park,US-287/US-81,Alvord,TX,770,2.815667,,
65724,STRIPES 7FLEET #42427,US-385 & SR-191,Odessa,TX,710,3.289000,,
65728,RIVER MART,US-281/SR-241,Pharr,TX,639,3.349000,,
65738,CIRCLE K #2741499,SR-35 & FM-1069,Rockport,TX,625,2.805667,27.9270492,-97.1750581
65755,CIRCLE K #2723373,US-11 & SR-622,Atkins,VA,185,3.349000,,
65759,XPRESS STOP,US-522 & SR-694,Cross Junction,VA,60,3.332333,,
65761,NEW DIXIE MART #15,US-58 & SR-671,Franklin,VA,180,3.099000,,
65762,7-ELEVEN #34516,"I-66, EXIT 6",Front Royal,VA,60,3.525667,,
65764,LEESBURG CITGO,US-15,Leesburg,VA,60,3.499000,,
65765,FOSTERS CONVENIENCE STORE,US-29 & SR-685,Rustburg,VA,185,3.599000,,
65767,STATELINE FOOD MART #69,US-23,Pound,VA,44,3.599000,,
65770,JOLLEY #136,"I-89, EXIT 21",Alburgh,VT,39,3.539000,,
65771,CITGO,"I-91, EXIT 3 & US-5",Brattleboro,VT,12,3.672333,42.8575828,-72.5593402
65789,BEAR CREEK CITGO,US-45 & SR-76/SR-22,Bear Creek,WI,360,3.439000,44.5314608,-88.7471576
65791,EDGAR TRAVEL CENTER,SR-29 & CR-H,Edgar,WI,395,3.559000,44.8978239,-91.6922942
65793,KWIK TRIP #921,SR-13 & SR-21,Friendship,WI,420,3.274000,44.0248509,-89.8105074
65794,BP,"I-43, EXIT 180",Green Bay,WI,360,3.349000,,
65796,ADDISON STATION,"I-41/US-41, EXIT 68 & CR-K",Hartford,WI,444,3.149000,42.7863340,-88.0026106
65800,BP,US-45,Kewaskum,WI,444,3.219000,,
65804,KWIK TRIP #628,US-45,Larsen,WI,582,3.432333,,
65805,HI WAY HOP BP,"I-42/US-41, EXIT 85 & SR-67",Lomira,WI,444,3.099000,,
65806,SHELL,US-41 & SR-67,Lomira,WI,444,3.389000,,
65809,KWIK TRIP #399,SR-21 & SR-80,Necedah,WI,395,3.249000,,
65810,HIGHWAY HARRY'S,I-90/I-94 EXIT 61 & SR-80,New Lisbon,WI,420,3.172333,,
65812,PLAINFIELD PLAZA,SR-73 & I-39,Plainfield,WI,395,3.290667,,
65813,KWIK TRIP #683,"I-39, EXIT 92 & US-51",Portage,WI,420,3.249000,,
65814,Kracheys BP Truck Stop,US-18 & SR-35,Prairie Du Chien,WI,420,3.574000,,
65817,TREGO TRAVEL CENTER,US-53 & CR-E,Trego,WI,545,3.582333,,
65818,KWIK TRIP #1048,"I-90, EXIT 12",West Salem,WI,515,3.317333,,
65820,KWIK TRIP #673,"I-90 & SR-19, EXIT 131",Windsor,WI,420,3.254000,,
65822,RSTORE #4499,US-45 & SR-29,Wittenberg,WI,395,3.155667,,
65824,CHANEYS SERVICE STATION,US-30 & SR-2,Chester,WV,165,3.799000,,
65828,PAR MAR FOOD STORE #52,US-50 & CR-50/16,West Union,WV,430,4.099000,,
65831,Hat Six Travel Center,"I-25/US-87, EXIT 182 & SR-253/SR-256",Evansville,WY,790,3.999000,42.8488507,-106.2168819
65835,SOUTHSIDE TRAVEL CENTER,US-20/SR-789,Thermopolis,WY,790,3.799000,43.7382245,-108.1762609
65836,PILOT TRAVEL CENTERS #434,"I-35W, EXIT 65",Fort Worth,TX,630,3.264000,,
65837,PILOT TRAVEL CENTERS #455,"I-71, EXIT 140",Marengo,OH,315,3.719000,,
65842,AM PM TRAVEL CENTER,US-1/SR-4,Blythe,GA,135,3.599000,,
65847,ROAD RANGER #132,"I-57, EXIT 240",Champaign,IL,280,3.509000,,
65847,ROAD RANGER #132,"I-57, EXIT 240",Champaign,IL,280,3.409000,,
65847,ROAD RANGER #132,"I-57, EXIT 240",Champaign,IL,280,3.549000,,
65847,ROAD RANGER #132,"I-57, EXIT 240",Champaign,IL,280,3.449000,,
65848,Mobil,I-475,Flint,MI,342,3.199000,,
65849,PS FOOD MART #1034,"I-94, EXIT 110 & US-27",Marshall,MI,431,3.459000,,
65849,PS FOOD MART #1034,"I-94, EXIT 110 & US-27",Marshall,MI,431,3.499000,,
65849,PS FOOD MART #1034,"I-94, EXIT 110 & US-27",Marshall,MI,431,3.429000,,
65849,PS FOOD MART #1034,"I-94, EXIT 110 & US-27",Marshall,MI,431,3.549000,,
65857,PILOT TRAVEL CENTERS #199,"I-20, EXIT 33",Haughton,LA,745,3.145667,,
65858,SPEEDWAY #6661,"I-94, EXIT 40  & US-20 & US-35",La Porte,IN,465,3.599000,,
65859,SPEEDWAY #6662,US-20 & SR-15,Bristol,IN,465,3.549000,41.6673911,-85.8213803
65860,LOVES TRAVEL STOPS #283,"E I-30 & FM 549, EXIT 70",Rockwall,TX,630,3.049000,,
65860,LOVES TRAVEL STOP #283,"E I-30 & FM 549, EXIT 70",Rockwall,TX,630,3.109000,,
65862,PILOT TRAVEL CENTERS #396,"I-81, EXIT 213",Staunton,VA,185,3.659000,,
65863,VALERO,SR-31,Clinton,NJ,115,3.359000,,
65866,FLYING J TRAVEL PLAZA #710,"I-81, EXIT 219",New Milford,PA,200,4.175667,,
65868,7-ELEVEN #36073,"I-77, EXIT 54 & US-21",Statesville,NC,46,2.879000,,
65873,PILOT TRAVEL CENTER #4619,"I-81 & I-77, EXIT 77",Wytheville,VA,185,3.550667,,
65880,MR FUEL DBA ONE9 #1245,"I-55, EXIT 52 & SR-16",Litchfield,IL,574,3.199000,39.1751302,-89.6758230
65880,ONE9 MR FUEL #1245,"I-55, EXIT 52 & SR-16",Litchfield,IL,574,3.239000,39.1751302,-89.6758230
65880,ONE9 MR FUEL #1245,"I-55, EXIT 52 & SR-16",Litchfield,IL,574,3.299000,39.1751302,-89.6758230
65880,ONE9 MR FUEL #1245,"I-55, EXIT 52 & SR-16",Litchfield,IL,574,3.199000,39.1751302,-89.6758230
65880,MR FUEL DBA ONE9 #1245,"I-55, EXIT 52 & SR-16",Litchfield,IL,574,3.299000,39.1751302,-89.6758230
65883,FLYING J TRAVEL PLAZA #647,"I-64, EXIT 25 & US-41",Haubstadt,IN,340,3.959000,,
65885,LOVES TRAVEL STOP #299,"US-75, EXIT 48 & SR-455",Anna,TX,630,3.197333,,
65897,PETRO-CANADA,61ST AVE SE & 52ND ST SE,Calgary,AB,50,3.848755,46.6598352,-99.1759404
65897,PETRO-CANADA,61ST AVE SE & 52ND ST SE,Calgary,AB,50,3.848188,46.6598352,-99.1759404
65901,PETRO-CANADA,"TCH-16, EXIT 383",Edmonton,AB,80,3.786515,,
65901,PETRO-CANADA,"TCH-16, EXIT 383",Edmonton,AB,80,3.987716,,
65901,PETRO-CANADA,"TCH-16, EXIT 383",Edmonton,AB,80,3.784565,,
65901,PETRO-CANADA,"TCH-16, EXIT 383",Edmonton,AB,80,3.783729,,
65901,PETRO-CANADA,"TCH-16, EXIT 383",Edmonton,AB,80,3.932484,,
65901,PETRO-CANADA,"TCH-16, EXIT 383",Edmonton,AB,80,3.924672,,
65909,7-Eleven/7FLEET #40496,"I-81, EXIT 47 & SR-12",Watertown,NY,220,4.149000,,
65912,ATOKA FUEL,US-75/US-69/SR-3,Atoka,OK,569,3.179000,,
65914,CASEYS #2732,US-30 & US-284/SR-2,Grand Island,NE,330,3.149000,,
65915,Marathon,"I-94/US-52, EXIT 346 & CR-17",West Fargo,ND,341,3.029000,,
65917,CUMBERLAND CORNER MART,SR-90 & US-127,Albany,KY,410,3.574000,36.7551560,-85.1483744
65919,QUICK FUEL #5001,US-78/SR-4,Memphis,TN,435,3.025667,,
65921,PETRO-CANADA,"TCH-2, EXIT 450 & HWY 126",Moncton,NB,600,3.931905,,
65921,PETRO-CANADA,"TCH-2, EXIT 450 & HWY 126",Moncton,NB,600,3.924672,,
65921,PETRO-CANADA,"TCH-2, EXIT 450 & HWY 126",Moncton,NB,600,4.483077,,
65921,PETRO-CANADA,"TCH-2, EXIT 450 & HWY 126",Moncton,NB,600,3.932484,,
65935,MAIN ST JUNCTION,SR-14 & SR-15,Louisville,MS,705,3.099000,,
65939,PETRO-CANADA,"TCH-1, EXIT 366",Kamloops,BC,800,4.451938,,
65939,PETRO-CANADA,"TCH-1, EXIT 366",Kamloops,BC,800,4.509612,,
65939,PETRO-CANADA,"TCH-1, EXIT 366",Kamloops,BC,800,4.517923,,
65939,PETRO-CANADA,"TCH-1, EXIT 366",Kamloops,BC,800,4.343765,,
65939,PETRO-CANADA,"TCH-1, EXIT 366",Kamloops,BC,800,4.518589,,
65939,PETRO-CANADA,"TCH-1, EXIT 366",Kamloops,BC,800,4.369376,,
65962,CIRCLE K #2705937,US-301/SR-35 & SR-50,Dade City,FL,225,3.332333,,
65969,PILOT  #1105,SR-29 & SR-182,Bunkie,LA,730,3.212333,30.7885099,-92.1799681
65974,BEACON & BRIDGE #13,"US-127, EXIT 117",Ithaca,MI,342,3.649000,,
65978,KWIK TRIP #623,US-61,Minnesota City,MN,515,3.399000,,
65983,SPEEDWAY #6967,"US-17, EXIT 227 & SR-32",Edenton,NC,130,3.287000,,
65989,DANCING EAGLE,"I-40, EXIT 108",Casa Blanca,NM,580,3.359000,,
66014,BIG D TRAVEL CENTER,SR-12 & SR-183,Irving,TX,630,2.955667,,
66015,LOVES TRAVEL STOP #298,"I-35, EXIT 39 & SR-44",Encinal,TX,693,3.589000,,
66016,FLYING J TRAVEL PLAZA #660,"I-64, EXIT 185 & SR-180",Catlettsburg,KY,255,3.765667,,
66017,FLYING J TRAVEL PLAZA #626,"I-95/SR-9, EXIT 305 & SR-206",Saint Augustine,FL,75,3.449000,,
66020,LOVES TRAVEL STOP #221,I-70 EXIT 160,Zanesville,OH,315,3.482333,,
66021,LOVES TRAVEL STOP #238,"I-65, EXIT 116 & SR-480",Shepherdsville,KY,415,3.599000,,
66022,PILOT TRAVEL CENTERS #459,"I-10, EXIT 133",Avondale,AZ,930,3.599000,,
66022,PILOT TRAVEL CENTER #459,"I-10, EXIT 133",Avondale,AZ,930,3.587000,,
66023,SAPP BROS TRAVEL CENTER,"I-29, EXIT 10 & SR-2",Percival,IA,486,3.789000,,
66024,LOVES TRAVEL STOPS #239,"I-81/US-11, EXIT 84 & SR-619",Max Meadows,VA,185,3.589000,,
66024,LOVES TRAVEL STOP #239,"I-81/US-11, EXIT 84 & SR-619",Max Meadows,VA,185,3.545000,,
66025,SPACE AGE TRAVEL CENTER,"I-84, EXIT 183 & SR-207",Hermiston,OR,935,3.332333,,
66026,FLYING J TRAVEL PLAZA #643,"I-70 & I-57, EXIT 160",Effingham,IL,510,3.349000,,
66026,FLYING J TRAVEL PLAZA #643,"I-70 & I-57, EXIT 160",Effingham,IL,510,3.299000,,
66026,FLYING J TRAVEL PLAZA #643,"I-70 & I-57, EXIT 160",Effingham,IL,510,3.499000,,
66029,Roady's Lucky Deuces,"I-10, EXIT 92 & SR-95",Duson,LA,600,3.035667,,
66030,Colfax Travel Center,"I-80, EXIT 159 & SR-117",Colfax,IA,320,3.149000,,
66031,WILCO FAST BREAK,US-61/US-24,Palmyra,MO,494,3.119000,,
66034,FAS MART #5134,"I-72, EXIT 144 S",Decatur,IL,280,3.459000,,
66034,FAS MART #5134,"I-72, EXIT 144 S",Decatur,IL,280,3.499000,,
66035,ROAD RANGER #136,"I-90, EXIT 147",Cottage Grove,WI,420,3.544000,,
66036,FLYING J TRAVEL PLAZA #602,"I-65, EXIT 264",Birmingham,AL,615,3.559000,,
66037,TA PRESCOTT TRAVEL CENTER,"I-30, EXIT 44",Prescott,AR,635,3.502333,,
66038,FLYING J TRAVEL PLAZA #1043,"I-15, EXIT 113",Idaho Falls,ID,825,3.799000,,
66038,FLYING J #1043,"I-15, EXIT 113",Idaho Falls,ID,825,3.699000,,
66039,LOVES TRAVEL STOP #237,"I-20, EXIT 171 & US-65",Tallulah,LA,760,3.259000,32.4071173,-91.1875971
66040,LOVES TRAVEL STOP #272,"I-40 & DW (RANCH RD), EXIT 59",Kingman,AZ,910,3.855667,,
66041,PILOT TRAVEL CENTERS #195,"I-84, EXIT 104 & US-97",Wasco,OR,935,3.865667,,
66042,FLYING J TRAVEL PLAZA #707,"I-80, EXIT 78",Brookville,PA,14,4.034000,,
66043,LOVES TRAVEL STOP #216,US-67 & US-287,Midlothian,TX,630,3.231000,,
66043,LOVES TRAVEL STOPS #216,US-67 & US-287,Midlothian,TX,630,3.199000,,
66044,TA TAMPA TRAVEL CENTER,"I-4, EXIT 10",Seffner,FL,225,3.395667,,
66045,FLYING J TRAVEL PLAZA #698,"I-71, EXIT 69",Jeffersonville,OH,315,3.399000,,
66046,PETRO STOPPING CENTER #345,I-69 EXIT357,Fremont,IN,550,3.899000,,
66050,PILOT TRAVEL CENTERS #130,"I-77, EXIT 145",Richfield,OH,305,3.799000,,
66051,Caseys #4419,I-165 EXIT 5,Bowling Green,KY,460,3.025667,,
66054,LOVES TRAVEL STOP #220,"I-25/US-87, EXIT 7 & SR-212",Cheyenne,WY,795,3.709000,,
66055,WINDMILL BP,"US-20, EXIT 208 & SR-14",Holland,IA,320,3.599000,,
66056,PILOT TRAVEL CENTERS #114,"I-40, EXIT 320",Crossville,TN,405,3.245667,,
66057,ROAD RANGER #205,"I-90, EXIT 1",South Beloit,IL,290,3.469000,,
66059,TIME OUT TRAVEL CENTER,"I-40, EXIT 432-B",Newport,TN,405,2.965667,,
66061,FLYING J TRAVEL PLAZA #709,"I-80, EXIT 173",Mill Hall,PA,14,4.015667,,
66062,FLYING J TRAVEL PLAZA #716,"I-29, EXIT 83",Sioux Falls,SD,530,3.899000,,
66065,LOVES TRAVEL STOP #321,"SR 770 & I-75 , EXIT 29",Corbin,KY,410,3.599000,,
66068,HOLIDAY STATIONSTORE #2746262,I-175 EXIT 394,Sault Sainte Marie,MI,287,3.799000,,
66069,128 NEWTON GAS,"I-95, EXIT 20A/SR-128 & SR-9",Newton Lower Falls,MA,34,4.299000,,
66070,TAURO,"SR-78, EXIT 3",Phillipsburg,NJ,90,3.342333,,
66072,GENES GO TRUCK STOP,"I-10/US-83, EXIT 456 & US-377",Junction,TX,740,3.289000,,
66073,EXXON,"I-24 & HUSBAND ROAD, EXIT 11",Paducah,KY,460,3.157333,,
66074,HEARTLAND XPRESS,US-67 & SR-M,Poplar Bluff,MO,275,3.199000,36.7300448,-90.4565154
66075,CORNER MART #349,"I-26, EXIT 54 & SR-72",Clinton,SC,210,3.099000,,
66078,Amoco,I-40 EXIT 447,Hartford,TN,405,3.099000,,
66083,KANGAROO CROSSING,SR-35,Kosciusko,MS,705,3.199000,,
66090,ROAD RANGER #267,US-281,Pharr,TX,639,3.564000,,
66091,KEYSVILLE SAV U TIME,US-360,Keysville,VA,180,3.399000,,
66093,KWIK TRIP #414,"I-90, EXIT 209A & US-63/SR-30",Stewartville,MN,515,3.557333,,
66099,NEW JERSEY TRUCK STOP DIESEL ONLY,"I-95, EXIT 15E & US-9/US-1",Kearny,NJ,79,3.759000,,
66100,CIRCLE K #2723692,"I-26, EXIT 213",North Charleston,SC,42,3.399000,,
66103,TERRIBLE HERBST #243,I-95 & SR-164,Searchlight,NV,910,3.832333,,
66106,FLYING J TRAVEL PLAZA #509,"I-15, EXIT 112",Beaver,UT,910,3.689000,,
66109,QUARTERS TRAVEL PLAZA,"I-49, EXIT 23 & US-167 /SR-744",Opelousas,LA,730,3.184000,,
66110,LOVES TRAVEL STOP #479,"I-29, EXIT143",Sioux City,IA,527,3.642333,,
66111,CROSSROADS EXPRESS,US-36 & US-83,Oberlin,KS,475,3.089000,,
66113,7-ELEVEN #39467,"I-95, EXIT 16E",Jersey City,NJ,115,3.259000,,
66114,LOVES TRAVEL STOP #235,"I-29 & US-169, EXIT 44",Saint Joseph,MO,400,3.332333,,
66115,FLYING J TRAVEL PLAZA #697,"I-80, EXIT 234B",Hubbard,OH,573,3.459000,,
66116,ONVO TRAVEL PLAZA - HARFORD,"I-81, EXIT 217 & SR-547",Harford,PA,200,3.589000,,
66117,ONVO TRAVEL PLAZA PINE GROVE,"I-81, EXIT 32",Pine Grove,PA,70,3.539000,,
66119,FLYING J TRAVEL PLAZA #645,"I-270 & SR-11, EXIT 6",Granite City,IL,540,3.699000,,
66119,FLYING J TRAVEL PLAZA #645,"I-270 & SR-11, EXIT 6",Granite City,IL,540,3.659000,,
66119,FLYING J TRAVEL PLAZA #645,"I-270 & SR-11, EXIT 6",Granite City,IL,540,3.559000,,
66119,FLYING J TRAVEL PLAZA #645,"I-270 & SR-11, EXIT 6",Granite City,IL,540,3.579000,,
66119,FLYING J TRAVEL PLAZA #645,"I-270 & SR-11, EXIT 6",Granite City,IL,540,3.599000,,
66120,LOVES TRAVEL STOP #306,"I-40/SR-66, EXIT 412",Dandridge,TN,405,3.689000,,
66121,ROAD RANGER #226,"I-65, EXIT 99",Greenwood,IN,375,3.600667,,
66122,ROAD RANGER #139,"I-57, EXIT 212",Tuscola,IL,280,3.229000,,
66123,ROAD RANGER #225,"I-80, EXIT 56",Princeton,IL,290,3.289000,,
66123,ROAD RANGER #225,"I-80, EXIT 56",Princeton,IL,290,3.389000,,
66123,ROAD RANGER #225,"I-80, EXIT 56",Princeton,IL,290,3.449000,,
66125,LOVES TRAVEL STOP #249,"I-55, EXIT 109",Williamsville,IL,318,3.489000,,
66125,LOVES TRAVEL STOP #249,"I-55, EXIT 109",Williamsville,IL,318,3.389000,,
66125,LOVES TRAVEL STOP #249,"I-55, EXIT 109",Williamsville,IL,318,3.399000,,
66126,LOVES TRAVEL STOP #209,"I-20, EXIT 3 & US-80 & SR-169",Greenwood,LA,745,3.134000,,
66131,SPEEDWAY #3446,"I-95, EXIT 10 & SR-440",Edison,NJ,115,3.585667,,
66133,LOVES TRAVEL STOPS #228,"I-4, EXIT 44",Polk City,FL,225,3.389000,,
66133,LOVES TRAVEL STOP #228,"I-4, EXIT 44",Polk City,FL,225,3.461000,,
66134,CIRCLE K #2721591,"I-10, EXIT 10 & US-29/SR-95",Pensacola,FL,155,3.222333,,
66135,CIRCLE K #2721592,"I-10, EXIT 5 & US-90 ALT",Pensacola,FL,155,3.222333,,
66136,CHOCTAW TRAVEL PLAZA #638,US-270 & US-59 & US-112,Poteau,OK,645,3.299000,,
66137,CIRCLE K #2721594,"I-10, EXIT 263",Slidell,LA,725,3.170667,,
66138,LOVES TRAVEL STOP #307,"I-75, EXIT 201",Jackson,GA,18,3.385667,,
66139,LOVES TRAVEL STOPS #305,"I-81, EXIT 291 & SR-651",Toms Brook,VA,60,3.649000,,
66139,LOVES TRAVEL STOP #305,"I-81, EXIT 291 & SR-651",Toms Brook,VA,60,3.649000,,
66141,QUICK FUEL #5102,"SR-826, EXIT NW 58TH ST",Miami,FL,95,3.389000,25.8284811,-80.2106441
66142,QUICK FUEL #5106,SR-589 & SR-580,Tampa,FL,225,3.492333,28.0328535,-82.4543807
66149,QUICK FUEL #5105,"I-75, EXIT W BRANDON BLVD",Tampa,FL,225,3.500667,,
66152,Flying J Travel Plaza #656,"I-65, EXIT 95 & CR-500",Whiteland,IN,375,3.959000,,
66155,7-ELEVEN #36575,"I-35, EXIT 248",Pflugerville,TX,595,2.899000,,
66156,7-ELEVEN #36567,SR-6 & SR-21,Bryan,TX,670,3.144000,30.6959347,-96.3598202
66167,PETRO-CANADA,HWY-2 & HWY-19/HWY-625,Nisku,AB,80,3.737116,,
66167,PETRO-CANADA,HWY-2 & HWY-19/HWY-625,Nisku,AB,80,3.729691,,
66167,PETRO-CANADA,HWY-2 & HWY-19/HWY-625,Nisku,AB,80,3.736565,,
66172,Timewise Food Store #163,"I-35, EXIT 8",Laredo,TX,693,2.935667,27.6124534,-99.5227360
66173,TIMEWISE FOOD STORE #160,"I-10, EXIT 661",Flatonia,TX,740,3.199000,,
66174,TIMEWISE FOOD STORE #162,"I-10, EXIT 456",Junction,TX,740,3.099000,,
66176,PILOT #6996,"I-40, EXIT 364",Warsaw,NC,245,3.472333,,
66177,PILOT #6978,"I-74/I-73/US-220, EXIT 44 & SR-211",Candor,NC,65,3.999000,,
66178,LOVES TRAVEL STOP #284,I-69C/US-281 & FM-2812,Edinburg,TX,639,3.110667,26.3856056,-98.1443602
66179,LOVES TRAVEL STOP #246,I-80 EXIT 46,Fernley,NV,966,3.915667,,
66182,CIRCLE K #2706708,"I-185, EXIT 10",Midland,GA,50,3.339000,,
66183,CHEVRON CURB STORE,SR-35 & SR-21,Forest,MS,705,3.569000,32.3819221,-89.4795334
66184,HENRIETTA TRUCK STOP,"I-390, EXIT 12 & I-90, EXIT 46",Henrietta,NY,190,3.899000,,
66185,TIGERMART OF BUFFALO,"I-45, EXIT 178 & US-79",Buffalo,TX,670,3.599000,31.4606398,-96.0658287
66186,STRIPES #40813,US-281 & SR-285,Falfurrias,TX,625,3.087333,,
66190,PETRO-CANADA,HWY 1 EXIT 44,Coquitlam,BC,800,4.593175,,
66190,PETRO-CANADA,HWY 1 EXIT 44,Coquitlam,BC,800,4.535464,,
66190,PETRO-CANADA,HWY 1 EXIT 44,Coquitlam,BC,800,4.538802,,
66190,PETRO-CANADA,HWY 1 EXIT 44,Coquitlam,BC,800,4.629546,,
66190,PETRO-CANADA,HWY 1 EXIT 44,Coquitlam,BC,800,4.564313,,
66190,PETRO-CANADA,HWY 1 EXIT 44,Coquitlam,BC,800,4.630228,,
66193,PETRO-CANADA,ST 97,Fort Nelson,BC,850,4.853506,,
66193,PETRO-CANADA,ST 97,Fort Nelson,BC,850,4.814946,,
66193,PETRO-CANADA,ST 97,Fort Nelson,BC,850,4.852791,,
66193,PETRO-CANADA,ST 97,Fort Nelson,BC,850,4.843864,,
66193,PETRO-CANADA,ST 97,Fort Nelson,BC,850,4.733840,,
66193,PETRO-CANADA,ST 97,Fort Nelson,BC,850,4.813884,,
66195,MOBIL,"I-495, EXIT 26 & SR-62",Berlin,MA,34,3.699000,,
66196,EXXON TIGER MART,"I-35, EXIT 386",Italy,TX,630,3.122333,,
66198,CIRCLE K #2703117,"I-20, EXIT 11",Graniteville,SC,135,3.159000,,
66203,PETRO-CANADA,TCH-16 & HWY-97,Prince George,BC,850,4.508617,,
66203,PETRO-CANADA,TCH-16 & HWY-97,Prince George,BC,850,4.546499,,
66203,PETRO-CANADA,TCH-16 & HWY-97,Prince George,BC,850,4.507622,,
66203,PETRO-CANADA,TCH-16 & HWY-97,Prince George,BC,850,4.286777,,
66203,PETRO-CANADA,TCH-16 & HWY-97,Prince George,BC,850,4.427352,,
66203,PETRO-CANADA,TCH-16 & HWY-97,Prince George,BC,850,4.573734,,
66217,PETRO-CANADA,I-16,Hinton,AB,80,3.792936,,
66217,PETRO-CANADA,I-16,Hinton,AB,80,3.785400,,
66217,PETRO-CANADA,I-16,Hinton,AB,80,3.783729,,
66217,PETRO-CANADA,I-16,Hinton,AB,80,3.792376,,
66219,PETRO-CANADA,HWY-3,Lethbridge,AB,50,4.127244,,
66219,PETRO-CANADA,HWY-3,Lethbridge,AB,50,4.006466,,
66219,PETRO-CANADA,HWY-3,Lethbridge,AB,50,4.063943,,
66219,PETRO-CANADA,HWY-3,Lethbridge,AB,50,4.099943,,
66219,PETRO-CANADA,HWY-3,Lethbridge,AB,50,3.923805,,
66221,ROAD RANGER #236,"I-43, EXIT 38",East Troy,WI,420,3.082333,,
66223,7-ELEVEN #36548,SR-83,Laredo,TX,693,2.999000,,
66224,ROAD RANGER #235,"I-90, EXIT 36",Hampshire,IL,290,3.369000,,
66225,ROAD RANGER #140,"I-39, EXIT 72",Mendota,IL,520,3.439000,,
66225,ROAD RANGER #140,"I-39, EXIT 72",Mendota,IL,520,3.299000,,
66225,ROAD RANGER #140,"I-39, EXIT 72",Mendota,IL,520,3.269000,,
66225,ROAD RANGER #140,"I-39, EXIT 72",Mendota,IL,520,3.339000,,
66227,Pilot Travel Centers #482,"I-57, EXIT 95",Mount Vernon,IL,574,3.399000,,
66227,Pilot Travel Center #482,"I-57, EXIT 95",Mount Vernon,IL,574,3.599000,,
66227,Pilot Travel Center #482,"I-57, EXIT 95",Mount Vernon,IL,574,3.459000,,
66227,Pilot Travel Center #482,"I-57, EXIT 95",Mount Vernon,IL,574,3.359000,,
66229,LOVES TRAVEL STOP #308,"I-40, EXIT 86 & SR-226",Marion,NC,210,3.739000,,
66230,PETRO COLBY TRUCKSTOP,"I-70, EXIT 53 & SR-25",Colby,KS,525,3.599000,,
66235,LOVES TRAVEL STOP #291,"I-75, EXIT 95 & SR-627",Richmond,KY,410,3.599000,,
66236,LOVES TRAVEL STOP #309,"I-80, EXIT 332 & SR-14",Aurora,NE,330,3.289000,40.7321845,-97.9968960
66237,ROUTE 66 TRAVEL CENTER,"I-40, EXIT 140",Albuquerque,NM,580,3.359000,,
66238,BETTY BEAVERS TRUCKSTOP,"I- 90, EXIT 29",Canajoharie,NY,12,3.599000,,
66239,Hola,US-27/SR-80/SR-25,South Bay,FL,95,3.419000,,
66241,PUMP & PANTRY #29,US-30,Central City,NE,330,3.337333,,
66242,PUMP & PANTRY #23,"US-34, EXIT 4TH AVE",Holdrege,NE,330,3.449000,,
66243,CIRCLE K #4707000,SR-9,Baileyville,ME,170,3.899000,,
66244,STRIPES #40809,"I-37, EXIT 56",George West,TX,625,3.044000,,
66247,GULF OIL #5045,I-90 EXIT 83,Charlton,MA,34,3.909000,,
66248,CIRCLE K #4707046,"I-95, EXIT 6",Scarborough,ME,170,3.909000,,
66249,CIRCLE K #4707206,SR-125,Epping,NH,170,3.767333,,
66250,SPEEDWAY #6973,US-1,Wake Forest,NC,177,2.949000,,
66252,CIRCLE K #4707023,US-1A,Holden,ME,170,3.732333,,
66255,CIRCLE K #4707217,US-2 & SR-16,Gorham,NH,170,3.750667,,
66257,LOVES TRAVEL STOP #310,"I-80/US-30, EXIT 173",Wamsutter,WY,795,3.723000,,
66257,LOVES TRAVEL STOPS #310,"I-80/US-30, EXIT 173",Wamsutter,WY,795,3.759000,,
66258,CIRCLE K #4707208,"I-93, EXIT 23",New Hampton,NH,170,3.659000,,
66259,CEFCO #48,"I-35, EXIT 304",Temple,TX,765,2.965667,31.0617452,-97.3376010
66261,CIRCLE K #2723123,"I-95, EXIT 71",Dunn,NC,205,3.142333,,
66263,One9 SPEEDWAY #6753,"I-78, EXIT 1",Fleetwood,PA,208,3.832333,,
66266,7-ELEVEN #40508,"I-80, EXIT 90",Elkhart,IN,465,3.999000,,
66267,TA DEMOTTE TRAVEL CENTER,"I-65, EXIT 230",Demotte,IN,365,3.447333,,
66272,MOOSETRACKS #752,"I-85, EXIT 113",High Point,NC,63,3.114000,,
66273,PETRO STOPPING CENTER,"I-59, EXIT 181 & US-77",Gadsden,AL,615,3.999000,,
66274,FLYING J TRAVEL PLAZA #692,"I-80, EXIT 352 & US-93",Wells,NV,835,3.709000,,
66278,PILOT TRAVEL CENTERS #394,"I-84, EXIT 6",Newburgh,NY,32,4.359000,,
66279,PETRO-CANADA,ST 11A & TAYLOR DRIVE,Red Deer,AB,80,3.591477,,
66279,PETRO-CANADA,ST 11A & TAYLOR DRIVE,Red Deer,AB,80,3.757546,,
66279,PETRO-CANADA,ST 11A & TAYLOR DRIVE,Red Deer,AB,80,3.765026,,
66279,PETRO-CANADA,ST 11A & TAYLOR DRIVE,Red Deer,AB,80,3.840261,,
66279,PETRO-CANADA,ST 11A & TAYLOR DRIVE,Red Deer,AB,80,3.922940,,
66279,PETRO-CANADA,ST 11A & TAYLOR DRIVE,Red Deer,AB,80,3.792376,,
66284,JOLLEY #150,"I-89, EXIT 19",Saint Albans,VT,39,3.539000,,
66285,QUIKTRIP #787,"I-675, EXIT 5",Ellenwood,GA,18,3.109000,,
66286,CASEYS #4205,"I-40/75, EXIT 374",Knoxville,TN,405,3.099000,,
66290,ABBYLAND TRUCK STOP,"SR-29, EXIT 127",Curtiss,WI,395,3.462333,,
66292,LOVES TRAVEL STOP #311,"I-20, EXIT 9",Waco,GA,18,3.390667,,
66293,One9 #254,"I-24, EXIT 169",Wildwood,GA,285,3.099000,,
66294,FLYING J TRAVEL PLAZA #667,"I-69, EXIT 81SB / I-96, EXIT 9",Grand Ledge,MI,406,3.959000,,
66295,LOVES TRAVEL STOP #432,"I-94/I-41,  EXIT 322 & SR-100",Oak Creek,WI,444,3.867000,,
66295,LOVES TRAVEL STOPS #432,"I-94/I-41,  EXIT 322 & SR-100",Oak Creek,WI,444,3.879000,,
66299,XTRA MART #10093,SR-146,Millbury,MA,175,3.649000,,
66300,PILOT TRAVEL CENTERS #149,"I-40, EXIT 42 & SR-222",Stanton,TN,435,3.509000,,
66301,KWIK TRIP #743,US-10 & SR-114,Menasha,WI,582,3.507333,44.1400238,-88.1666309
66303,KWIK TRIP #787,US-51 & CR-JJ,Schofield,WI,395,3.415667,,
66307,CM ST HELENA,SR-16,Amite,LA,600,3.399000,,
66310,FLYING J #620,"I-70, EXIT 49",Smithton,PA,165,4.109000,,
66313,LOVES TRAVEL STOP #313,"I-55, EXIT 58  & SR-80",Matthews,MO,275,3.277333,,
66314,PS FOOD MART #1042,"US-23, EXIT 17",Dundee,MI,325,3.429000,,
66314,PS FOOD MART #1042,"US-23, EXIT 17",Dundee,MI,325,3.499000,,
66314,PS FOOD MART #1042,"US-23, EXIT 17",Dundee,MI,325,3.459000,,
66314,PS FOOD MART #1042,"US-23, EXIT 17",Dundee,MI,325,3.599000,,
66315,SPEEDWAY #6748,"I-94, EXIT 34 & US-421",Michigan City,IN,465,3.682333,41.6032662,-86.8966464
66316,CASEYS #4204,SR-168,Knoxville,TN,405,3.259000,,
66317,LOVES TRAVEL STOP #314,I-24 EXIT 89,Christiana,TN,460,3.462333,,
66318,ROAD RANGER #242,"I-44, EXIT 163",Saint Robert,MO,540,3.264000,,
66319,ROAD RANGER #211,I-90 & RIVERSIDE BLVD,Loves Park,IL,520,3.469000,42.3160542,-89.0677752
66320,SPEEDWAY #8772,"I-69, EXIT 168 & SR-53",Imlay City,MI,342,3.779000,,
66322,LOVES TRAVEL STOP #318,"I-57, EXIT 83 & CR-42",Ina,IL,574,3.489000,,
66322,LOVES TRAVEL STOP #318,"I-57, EXIT 83 & CR-42",Ina,IL,574,3.589000,,
66322,LOVES TRAVEL STOP #318,"I-57, EXIT 83 & CR-42",Ina,IL,574,3.389000,,
66323,PILOT TRAVEL CENTERS #905- TOWN PUMP,"I-90, EXIT 109",Milltown,MT,820,3.609000,,
66328,LOVES TRAVEL STOP #320,"I-16/SR-404, EXIT 49 & SR-257",Dublin,GA,85,3.332333,,
66329,CIRCLE K #2723438,"I-85, EXIT 96",Gaffney,SC,210,3.199000,,
66332,PWI #172,"I-45, EXIT 258",Palmer,TX,630,2.775667,,
66334,Hucks Travel Center #052,"I-24/I-69, EXIT 40 & US-641/US-62/SR-93",Kuttawa,KY,490,3.699000,,
66337,ZIP TRIP #60,"I-25, EXIT 299 & US-16/SR-196",Buffalo,WY,836,3.580667,44.3664685,-106.6463523
66338,SHELL,"I-30, EXIT 160 & US-271/SR-49 & US-67",Mount Pleasant,TX,723,3.899000,,
66339,PILOT DEALER #873,US-27,Miami,FL,176,3.699000,,
66339,PILOT TRAVEL CENTERS #873,US-27,Miami,FL,176,3.699000,,
66341,7-ELEVEN #218,"I-44, EXIT 4",Harrold,TX,770,2.687333,,
66342,ONE9 #398,"I-75, EXIT 109",Vienna,GA,10,3.109000,,
66346,PILOT TRAVEL CENTERS #247,"I-74, EXIT 39 & SR-32",Crawfordsville,IN,375,3.899000,,
66346,PILOT TRAVEL CENTER #247,"I-74, EXIT 39 & SR-32",Crawfordsville,IN,375,3.899000,,
66348,PIT STOP,I-40 EXIT 221,Wheatley,AR,695,2.999000,,
66349,CIRCLE K #2741796,"I-40, EXIT 5",Little Rock,AR,695,3.365667,,
66352,KWIK TRIP #871,"US-41, EXIT 124 & SR-76",Oshkosh,WI,582,3.290667,,
66353,MOTOMART #3361,"I-55, EXIT 129",Perryville,MO,540,2.989000,,
66355,CIRCLE K #2723439,"I-26, EXIT 5",Campobello,SC,30,3.132333,,
66357,LOVES TRAVEL STOP #351,"I-80 & E 8TH RD, EXIT 81",Utica,IL,290,3.289000,,
66357,LOVES TRAVEL STOP #351,"I-80 & E 8TH RD, EXIT 81",Utica,IL,290,3.449000,,
66357,LOVES TRAVEL STOP #351,"I-80 & E 8TH RD, EXIT 81",Utica,IL,290,3.589000,,
66357,LOVES TRAVEL STOP #351,"I-80 & E 8TH RD, EXIT 81",Utica,IL,290,3.389000,,
66361,SHADY NOOK,US-61/US-49,Lyon,MS,655,3.999000,,
66362,TA FLORENCE TRAVEL CENTER,"I-95, EXIT 164 & US-52",Florence,SC,46,3.325667,,
66363,LOVES TRAVEL STOP #178,"US-35/KS TPKE, MM 26",Belle Plaine,KS,570,3.329000,,
66364,SHELL,"I-4, EXIT 64",Plant City,FL,225,3.447333,,
66365,LIBERTY,US-202,Ringoes,NJ,230,3.399000,,
66368,PETRO STOPPING CENTER #371,"I-90, EXIT 41",Waterloo,NY,190,4.195667,,
66369,LOVES TRAVEL STOP #319,"I-74, EXIT 61",Pittsboro,IN,375,3.889000,,
66370,SPEEDWAY #6979,US-301,Wilson,NC,177,3.129000,,
66371,RAPIDES STATION TRUCK STOP,"I-49, EXIT 94",Boyce,LA,730,3.099000,,
66372,CEFCO #54,"I-35, EXIT 292",Belton,TX,765,2.952333,31.0604128,-97.4559167
66374,BROOKSHIRE BROS #6111,US-259,Nacogdoches,TX,618,3.369000,,
66376,SUBS AND GRUBS,"I-63, EXIT 39",Jonesboro,AR,435,3.389000,,
66377,QUIKTRIP #873,"I-35W, EXIT 42",Fort Worth,TX,630,2.975667,32.6661693,-97.4206869
66382,STATELINE CONOCO,"I-35, EXIT 114",Eagleville,MO,320,3.549000,,
66383,TENAHA EXPRESS MART,US-96 & US-84,Tenaha,TX,618,3.299000,,
66385,TA EXPRESS MINDEN,"I-20, EXIT 52",Minden,LA,745,3.114000,,
66386,SPEEDWAY #4631,US-220,Bassett,VA,185,3.415667,,
66388,Gas n Go,"I-75, EXIT 117 AT MILE 117",Pinehurst,GA,85,3.099000,,
66391,FLYING J CARDLOCK #824,HWY 43 & W MOUNTAIN RD,Whitecourt,AB,80,4.841726,,
66391,FLYING J CARDLOCK #824,HWY 43 & W MOUNTAIN RD,Whitecourt,AB,80,4.842795,,
66391,FLYING J CARDLOCK #824,HWY 43 & W MOUNTAIN RD,Whitecourt,AB,80,4.852791,,
66391,FLYING J CARDLOCK #824,HWY 43 & W MOUNTAIN RD,Whitecourt,AB,80,4.853506,,
66391,FLYING J CARDLOCK #824,HWY 43 & W MOUNTAIN RD,Whitecourt,AB,80,4.843864,,
66391,FLYING J CARDLOCK #824,HWY 43 & W MOUNTAIN RD,Whitecourt,AB,80,4.845290,,
66392,MISSILE MART #10,"I-40, EXIT 161",El Dorado,AR,635,3.499000,,
66393,VILLAGE PANTRY #5210,"I-74, EXIT 206",Oakwood,IL,280,3.199000,,
66393,VILLAGE PANTRY #5210,"I-74, EXIT 206",Oakwood,IL,280,3.299000,,
66393,VILLAGE PANTRY #5210,"I-74, EXIT 206",Oakwood,IL,280,3.179000,,
66396,CIRCLE K #2723988,"I-55, EXIT 61 & SR-38",Kentwood,LA,600,3.299000,,
66399,CIRCLE K #2723672,"I-59/I-20, EXIT 128",Birmingham,AL,615,3.699000,,
66400,PWI #640,"I-10/US-95, EXIT 5",Ehrenberg,AZ,900,3.359000,,
66404,QUICK FUEL #5302,"I-635, EXIT 14",Garland,TX,637,3.087333,32.8908886,-96.6877257
66405,FLYING J FUEL STOP #668,"I-75, EXIT 151",Saginaw,MI,260,3.289000,,
66405,FLYING J FUEL STOP #668,"I-75, EXIT 151",Saginaw,MI,260,3.399000,,
66405,FLYING J FUEL STOP #668,"I-75, EXIT 151",Saginaw,MI,260,3.599000,,
66405,FLYING J FUEL STOP #668,"I-75, EXIT 151",Saginaw,MI,260,3.489000,,
66406,LOVES TRAVEL STOP #317,"I-95, EXIT 4 & SR-629",Skippers,VA,180,3.801000,,
66406,LOVES TRAVEL STOPS #317,"I-95, EXIT 4 & SR-629",Skippers,VA,180,3.789000,,
66407,CIRCLE K #2723668,SR-35,Fort Payne,AL,615,3.649000,,
66410,SIBLEY FOOD FUEL,US-72/SR-20 & CR-150,Courtland,AL,615,3.399000,34.6852555,-87.3089544
66416,DUCK THRU FOOD STORE #18,US-13,Winton,NC,130,3.562333,,
66418,FLYING J CARDLOCK #818,HWY 16,Edson,AB,80,4.741168,,
66418,FLYING J CARDLOCK #818,HWY 16,Edson,AB,80,4.741867,,
66418,FLYING J CARDLOCK #818,HWY 16,Edson,AB,80,4.731402,,
66418,FLYING J CARDLOCK #818,HWY 16,Edson,AB,80,4.730358,,
66418,FLYING J CARDLOCK #818,HWY 16,Edson,AB,80,4.733840,,
66418,FLYING J CARDLOCK #818,HWY 16,Edson,AB,80,4.732446,,
66420,PILOT TRAVEL CENTER #911,I-90 EXIT 47,Superior,MT,820,3.559000,,
66422,PLAQUEMINE TRUCK STOP,ST 1,Plaquemine,LA,600,3.999000,,
66424,CIRCLE K #2741652,"I-10, EXIT 139",Phoenix,AZ,930,3.369000,,
66425,CLARK OIL #31,"I-10, EXIT 44",Biloxi,MS,620,2.849000,,
66428,SHELL,US-167,Hensley,AR,695,3.589000,,
66437,PILOT #4596,"I-81, EXIT 4",White Pine,TN,405,3.699000,,
66439,JACK FLASH,I-55,Farmersville,IL,574,3.259000,,
66439,JACK FLASH,I-55,Farmersville,IL,574,3.199000,,
66440,BP CONNECT #4701,I-55,Chicago,IL,290,3.569000,,
66447,CIRCLE K #4701207,"U-55, EXIT 220",Dwight,IL,399,3.349000,,
66448,HAMMOND TRAVEL CENTER,"I-55, EXIT 31B & US-190/SR-3260",Hammond,LA,600,3.099000,,
66449,CITGO,"I-55, EXIT 67",Blytheville,AR,435,3.389000,,
66451,EZ MART #304,M-57,Middleton,MI,406,3.699000,,
66454,Fast Stop Shell,I-10,Reserve,LA,600,3.799000,,
66456,TEXACO #383124,SR-70,Saint James,LA,623,2.969000,,
66460,CASH MAGIC BROUSSARD NORTH,"I-49, EXIT 103",Broussard,LA,600,3.399000,,
66461,YESWAY #1167,US-62 & CR-41/CR-168,Ropesville,TX,700,3.040667,,
66465,Knapp Truck Stop,"I-64, EXIT 50 & SR-127",Nashville,IL,574,3.299000,38.2150909,-89.3800192
66470,CIRCLE K #9068,"I-65, EXIT 181",Millbrook,AL,720,3.215667,,
66472,DIAMOND #21,"I-65, EXIT 54",Atmore,AL,715,3.259000,,
66474,FAMCO EXPRESS,"I-690, EXIT 8",Syracuse,NY,235,3.299000,,
66475,SPEEDWAY #4346,SR-7,Calexico,CA,900,4.799000,,
66478,LOVES TRAVEL STOP #175,"I-70, EXIT 187",Tecumseh,KS,553,3.289000,,
66480,LOVES TRAVEL STOP #360,"I-65, EXIT 58 & SR-218 & SR-335",Horse Cave,KY,415,3.429000,,
66487,COMPASS,"I-55, EXIT 282",La Grange,IL,290,3.549000,,
66487,COMPASS,"I-55, EXIT 282",La Grange,IL,290,3.749000,,
66488,HUCKS FOOD & FUEL #54,I-74,Farmer City,IL,280,3.339000,,
66488,HUCKS FOOD & FUEL #54,I-74,Farmer City,IL,280,3.269000,,
66495,SUPER SAVER EXPRESS,"I-10, EXIT 21",Sulphur,LA,690,2.999000,,
66496,EXXON FUEL EXPRESS,"I-10/SR-8, EXIT 31 & SR-87",Milton,FL,155,3.999000,,
66502,SHOP RITE #82,"I-10, EXIT 64",Jennings,LA,690,3.589000,,
66504,COUNTRY BOYS COUNTRY STORE,"I-10, EXIT 813",Hankamer,TX,610,2.865667,,
66507,ST IGNACE TRUCKSTOP,I-75,Saint Ignace,MI,287,3.799000,,
66508,SAMS SUNOCO,I-75,Toledo,OH,550,3.399000,,
66509,FOUR STAR FOOD MART,"I-75, EXIT 122",Lima,OH,411,3.144000,,
66512,MARATHON #1554,"I-75, EXIT 21",Newport,MI,325,3.299000,,
66512,MARATHON #1554,"I-75, EXIT 21",Newport,MI,325,3.399000,,
66513,SUNRISE STORE,"I-75, EXIT 212",West Branch,MI,260,3.399000,,
66513,SUNRISE STORE,"I-75, EXIT 212",West Branch,MI,260,3.199000,,
66514,BIGFOOT TRAVEL CENTER,"I-75, EXIT 29",Hahira,GA,10,3.099000,,
66516,ADEL TRUCK PLAZA,"I-75, EXIT 39",Adel,GA,10,2.999000,,
66517,ADMIRAL PETROLEUM #5796,"I-75, EXIT 392",Sault Sainte Marie,MI,287,3.799000,,
66518,Racetrac #2622,"I-75, EXIT 60",Valdosta,GA,75,3.032333,,
66523,LOVES TRAVEL STOP #325,"I-75, EXIT 59 & SOUTHWELL BLVD",Tifton,GA,10,3.609000,,
66525,BP,"I-76, EXIT 6",Luna Pier,MI,550,3.399000,,
66525,BP,"I-76, EXIT 6",Luna Pier,MI,550,3.499000,,
66527,TA EXPRESS #648,"I-76, EXIT 90A",Brush,CO,800,4.099000,,
66528,GO MART FOOD STORE #99,US-50 & SR-14,Parkersburg,WV,430,3.489000,,
66529,7-ELEVEN #36076,"I-77, EXIT 73 & US-421",Hamptonville,NC,65,2.899000,,
66531,MIDWAY EXXON TRAVEL CENTER,"I-78, EXIT 16",Bethel,PA,70,3.359000,,
66532,PETRO PLAZA,"I-78, EXIT 17",Hampton,NJ,115,3.265667,,
66534,LOVES TRAVEL STOP #347,"I-70, EXIT 101 & SR-5",Boonville,MO,310,3.509000,,
66537,BECKS EXPRESS MART #26,"I-80, EXIT 19",Geneseo,IL,270,3.269000,,
66538,KUM & GO #0023,"I-80, EXIT 23",Neola,IA,486,3.157333,,
66539,SOUTH RIDGE FARM MARKET,"I-80, EXIT 6",Clyde,OH,550,3.399000,,
66547,OLD STONE JIFFY MART,"I-81, EXIT 321",Clear Brook,VA,60,3.599000,,
66548,YESWAY #1156,US-84 & SR-289,Lubbock,TX,700,2.950667,,
66550,CIRCLE K #2709663,"I-82, EXIT 730",Umatilla,OR,982,3.639000,,
66552,GEM STOP,I-84,Marsing,ID,785,3.585667,,
66553,JACKSONS FOOD STORE #83,"I-84, EXIT 304",Baker City,OR,982,3.599000,,
66556,PILOT TRAVEL CENTER #899- SLIP IN,I-85,South Hill,VA,180,3.959000,,
66560,Sunoco,"I-85, EXIT 11",Townville,SC,30,3.199000,,
66562,TA EXPRESS FAIR PLAY,"I-85, EXIT 4",Fair Play,SC,16,3.209000,,
66564,SPEEDWAY #6954,US-70,High Point,NC,65,3.049000,,
66565,KWIK FILL #395,"I-86, EXIT 12",Jamestown,NY,240,4.499000,,
66565,KWIK FILL #395,"I-86, EXIT 12",Jamestown,NY,240,4.469000,,
66571,LEXINGTON GULF,"I-128, NORTH MASS PIKE",Lexington,MA,34,4.299000,,
66573,Brake Time Corner Market,"I-135, EXIT 14",Wichita,KS,570,3.299000,,
66579,GULF OIL LP #5010,"I-90, EXIT 2",Lee,MA,215,3.914000,,
66582,PWI #807,"I-15, EXIT 163 & SR-99",Fillmore,UT,835,3.374000,,
66584,MOAPA PAIUTE TRAVEL CENTER,"I-15, EXIT 75",Moapa,NV,910,3.332333,,
66586,CIRCLE K #4707609,US-20 & SR-12,Sangerfield,NY,235,4.099000,,
66588,CUBBYS #402,"I-90, EXIT 330",Mitchell,SD,530,3.149000,,
66594,FRIENDLY GUS STORE #23,I-16/SR-19,Dublin,GA,85,3.399000,,
66595,GULF OIL LP #5040,"I-90, EXIT 9",Charlton,MA,34,3.909000,,
66597,BP,"I-16, EXIT 90 & US-1",Twin City,GA,195,3.782333,,
66598,WOODSHED LL,I-166 & I-169,S Coffeyville,OK,307,3.099000,,
66601,LOVES TRAVEL STOP #323,"I-69, EXIT 264 & SR-18",Marion,IN,457,3.575667,,
66603,COFFEE CUP FUEL STOP #7,"I-90, EXIT 406 & SR-11",Brandon,SD,530,2.977333,,
66604,GALLOPS,"I-90, I-80, EXIT 40",La Porte,IN,370,3.549000,,
66606,BART INDUSTRIES,"I-91, EXIT 6",Bellows Falls,VT,215,3.709000,,
66607,7-ELEVEN #37392,"I-93, EXIT 5",Londonderry,NH,34,3.799000,,
66608,CASEYS #2650,I-94/US-52 EXIT 135 & CR-173,Melrose,MN,522,3.179000,,
66612,STOP N GO #1709,"I-94, EXIT 105",Hixton,WI,295,3.237333,,
66613,LOVES TRAVEL STOP #362,"I-10, EXIT 7 & SR-3063",Vinton,LA,690,3.305667,,
66614,MARATHON,"I-94, EXIT 212A",Detroit,MI,325,3.899000,,
66614,MARATHON,"I-94, EXIT 212A",Detroit,MI,325,3.699000,,
66615,KWIK TRIP #396,"I-94, EXIT 295",Waukesha,WI,444,3.399000,,
66618,CIRCLE K #2723378,I-95,Sumter,SC,42,3.159000,,
66620,Shell,"I-95, EXIT 130",Ashland,VA,180,3.264000,,
66622,DUNCAN TRUCK STOP,"I-95, EXIT 15",Jersey City,NJ,115,3.409000,,
66624,Sunoco,"I-95, EXIT 25",Croydon,PA,160,3.659000,,
66625,EXIT 43 QUICK STOP,"I-95, EXIT 43",Richmond,ME,170,3.765667,,
66628,Chevron,"I-95, EXIT 5 & US-17",Hardeeville,SC,42,3.007333,,
66631,SPEEDWAY #3589,I-96,Lake Odessa,MI,342,3.599000,,
66632,SHELL FOOD MART AND TRUCKSTOP,I-985,Gainesville,GA,16,3.399000,,
66635,C  BARN,US-67,Park Hills,MO,540,3.049000,,
66637,BERKLYS TRAVEL CENTER,US-281,Round Mountain,TX,595,3.315667,,
66640,Kent Kwik #928,US-82/SR-6 & SR-5/SR-25,Brent,AL,615,3.099000,,
66643,DEERFIELD TRAVEL CENTER,"I-55, EXIT 8",Steele,MO,275,2.975667,36.0915400,-89.8008150
66645,ALLSUPS #2390,"I-20/US-84, EXIT 270",Merkel,TX,575,2.875667,,
66648,CHEVRON,"I-20, EXIT 113",Bessemer,AL,615,3.099000,,
66649,CHOCTAW TRAVEL PLAZA #637,US-59 & CR-E1452,Heavener,OK,645,3.299000,36.6068365,-94.7963042
66659,MARATHON,SR-37,Mitchell,IN,415,3.599000,,
66664,CASEYS #3294,"I-380/SR-27, EXIT 43 & SR-150",Urbana,IA,380,3.449000,,
66667,CIRCLE K #4701408,"I-36, EXIT 99",Rochelle,IL,520,3.499000,,
66668,ACME TRUCK STOP,"I-4, EXIT 96",Orlando,FL,140,3.399000,,
66669,CIRCLE K #2726032,I-40,Jacksonville,FL,75,3.429000,,
66670,SPEEDWAY #7930,"I-40, 1126 N MAIN ST",Lillington,NC,63,3.759000,35.4134991,-78.8076595
66671,CIRCLE K #2723686,US-72,Scottsboro,AL,285,3.265667,,
66673,MARATHON,SR-72,Huntsville,AL,615,2.979000,,
66676,HUTCH'S #118,"I-40, EXIT 108",Watonga,OK,483,3.099000,,
66678,NKS ROYAL TRUCKSTOP,"I-40, EXIT 16",Gallup,NM,580,3.119000,,
66680,BIG TOP TRAVEL CENTER,"I-20, EXIT 157",Delhi,LA,760,2.969000,,
66683,SUPERSTOP Shell,"I-40, EXIT 192",Stuttgart,AR,695,3.415667,,
66689,ROSCOE TRAVEL PLAZA,"I-20, EXIT 235",Roscoe,TX,575,2.759000,,
66693,Allsup Marketplace #2400,"I-40, EXIT 356",San Jon,NM,585,3.059000,,
66705,7-ELEVEN,"I-44, EXIT 1/US-287",Wichita Falls,TX,770,2.760667,,
66709,CIRCLE K #2709343,"I-24, EXIT 169",Wildwood,GA,285,3.145667,,
66715,7-Eleven #34210,"I-25/US-87, EXIT 240 & SR-119",Longmont,CO,800,3.189000,,
66717,Fast Stop Travel Centers #1131,"I-25/US-87, EXIT 80",Wheatland,WY,795,3.499000,,
66718,Bartonville SHELL,"I-474, EXIT 6",Peoria,IL,368,4.299000,,
66720,MOUNTAIN ENERGY #126,"I-26, EXIT 13",Hendersonville,NC,210,2.845667,,
66721,USA SPEEDTRAC,"I-49US-167, EXIT 11",Grand Coteau,LA,730,3.399000,,
66725,SPEEDWAY #9662,I-264,Louisville,KY,415,3.029000,,
66728,CIRCLE K #2723706,"I-81/US-52, EXIT 72 & I-77, EXIT 41",Wytheville,VA,185,3.349000,,
66734,Marathon,"I-675, Exit 7",Ellenwood,GA,18,3.009000,,
66737,THE JUNCTION,US-59 & US-73,Atchison,KS,400,3.279000,,
66738,TREX MART #9,I-29,Dearborn,MO,400,2.999000,,
66739,ZIP TRIP #64,I-29,Brookings,SD,530,3.399000,,
66741,DEANS LANE VALERO,I-295,Monmouth Junction,NJ,230,3.145667,,
66742,DEEP WATER TRUCK STOP,"I-295, EXIT 2C",Penns Grove,NJ,230,3.279000,,
66746,CASEYS #4246,"I-30, EXIT 123",Bryant,AR,695,3.032333,,
66747,LOVES TRAVEL STOP #322,"I-90, EXIT 3",Roscoe,IL,290,3.789000,,
66749,BIG RIVER #18,"I-310 EXIT 2, & US-61",Saint Rose,LA,725,3.099000,,
66750,LOVES TRAVEL STOP #177,I-35,El Dorado,KS,336,3.255667,,
66751,FAST N FRIENDLY,"I-35, EXIT 132",Emporia,KS,336,3.657333,,
66756,CASEYS #2550,"I-35, EXIT 33 & US-34",Osceola,IA,320,3.339000,,
66760,LOVES TRAVEL STOP #326,I-26 EXIT 154A,Orangeburg,SC,135,3.389000,,
66761,SPEEDWAY #4589,US-501 & SR-90,Conway,SC,205,3.064000,33.8195499,-79.0248079
66762,EXXON TIGER MART #44,"US-45,  EXIT 249",Ennis,TX,637,3.099000,,
66763,SPEEDWAY #7998,US-52 & US-74,Wadesboro,NC,46,3.645667,34.9780432,-80.0913255
66765,STRIPES #40736,US-77/US-83,Olmito,TX,598,2.999000,,
66767,SPRINT MART #49,"I-22/US-78, EXIT 87 & SR-811",Tupelo,MS,742,2.992333,,
66769,PETRO STOPPING CENTER #344,"I-95, EXIT 3",Kingsland,GA,75,3.649000,,
66771,FLYING J TRAVEL PLAZA #727,"I-69C/US-281, EXIT 8 & FM-1925",Edinburg,TX,639,3.084000,,
66773,STRIPES 7FLEET #42475,US-62,Hobbs,NM,700,3.459000,,
66774,Clark #4667,"I-80/I-90, EXIT 39 & SR-109",Delta,OH,550,3.699000,,
66775,GO MART,US-33 & CR-116,Rockbridge,OH,315,3.499000,,
66776,S&G #77,US-224 & US-23,Alvada,OH,411,3.259000,41.0819951,-83.4011776
66778,LOVES TRAVEL STOP #169,"I-44, EXIT 179 & US-377/SR-99",Stroud,OK,560,3.144000,,
66780,DIAMOND #20,"I-65, EXIT 93 & SR-84",Evergreen,AL,720,3.399000,,
66784,Texaco #384529,US-80/SR-8 & SR-14,Selma,AL,720,3.299000,32.4339330,-87.0601631
66785,WINFIELD TRUCK STOP,SR-129,Winfield,AL,615,3.659000,,
66786,Circle K #2741791,"I-40, EXIT 175 & SR-31",Lonoke,AR,695,3.139000,,
66787,TEXACO,"I-59, EXIT 67B",Hattiesburg,MS,620,3.065667,,
66788,CIRCLE K #4703626,"I-75, EXIT 60 & SR-68",Sweetwater,TN,285,3.289000,35.5958724,-84.4913745
66793,CIRCLE K #2723693,"I-526, EXIT 19 & SR-10-60",Charleston,SC,42,2.975667,,
66795,FUEL MART #645,"I-90, EXIT 353",Spencer,SD,530,3.499000,,
66796,ROYAL FARMS #109,US-13 & SR-404,Bridgeville,DE,243,3.259000,,
66799,ONE9 #1403,"I-75/SR-93, EXIT 451 & US-129",Jasper,FL,10,3.259000,30.5185482,-82.9502924
66799,SHELL DBA ONE9 #1403,"I-75/SR-93, EXIT 451 & US-129",Jasper,FL,10,3.244000,30.5185482,-82.9502924
66800,CIRCLE K #2743950,I-35,San Antonio,TX,740,2.804000,29.3052713,-98.4734295
66801,SUNSTOP #330,"I-75, EXIT 460 & SR-6",Jennings,FL,75,3.299000,,
66802,MOBIL,US-27 & SR-66,Sebring,FL,140,3.459000,,
66803,Stripes,FM-2061 & FM-3072,Pharr,TX,639,3.165667,,
66804,PWI #586,"I-80, EXIT 104  & US-191",Rock Springs,WY,835,3.199000,,
66805,CIRCLE K #2723553,US-27,Ringgold,GA,285,3.075667,,
66807,QUICK FUEL #5303,"I-35E, EXIT 436A",Dallas,TX,637,3.045667,,
66809,CASEYS #3449,SR-78,Wapello,IA,380,3.349000,,
66810,QUICK FUEL #3145,SR-83,Bensenville,IL,290,3.509000,,
66810,QUICK FUEL #3145,SR-83,Bensenville,IL,290,3.449000,,
66810,QUICK FUEL #3145,SR-83,Bensenville,IL,290,3.539000,,
66812,FAMILY EXPRESS #47 (DISCOUNT AVAILABLE),"I-65, EXIT 201 & US-24/US-231",Remington,IN,375,3.552333,,
66813,MCCLURE OIL #59,I-69 EXIT 259,Gas City,IN,457,3.639000,,
66815,MAXS #132,US-641 N,Murray,KY,490,3.399000,,
66816,CIRCLE K #4707082,"I-95, EXIT 132 & SR-139",Fairfield,ME,170,3.899000,44.5990008,-69.6555842
66817,JOLLY TRUCK STOP,US-82/US-287,Wichita Falls,TX,770,2.899000,,
66819,ROAD RANGER #265,"I-88, EXIT 54",Dixon,IL,520,3.499000,,
66819,ROAD RANGER #265,"I-88, EXIT 54",Dixon,IL,520,3.479000,,
66820,CM BREAUX BRIDGE,"I-10, EXIT 109",Breaux Bridge,LA,600,3.299000,,
66821,DENTON GOOSE CREEK,SR-404/SR-619,Denton,MD,194,3.259000,,
66822,WILD BILL'S,I-78,Sherman,MS,435,2.919000,,
66824,STRIPES #42435,US-87/US-277,San Angelo,TX,740,2.799000,31.3757219,-100.4885720
66827,FLYING J #860,"QEW, EXIT 5",Fort Erie,ON,430,5.176972,,
66827,FLYING J #860,"QEW, EXIT 5",Fort Erie,ON,430,5.179640,,
66827,FLYING J #860,"QEW, EXIT 5",Fort Erie,ON,430,5.175830,,
66827,FLYING J #860,"QEW, EXIT 5",Fort Erie,ON,430,5.178115,,
66827,FLYING J #860,"QEW, EXIT 5",Fort Erie,ON,430,5.187658,,
66827,FLYING J #860,"QEW, EXIT 5",Fort Erie,ON,430,5.188423,,
66829,KINGSTON CARDLOCK,"HWY 401, EXIT 611",Kingston,ON,410,3.394690,,
66829,KINGSTON CARDLOCK,"HWY 401, EXIT 611",Kingston,ON,410,3.401697,,
66829,KINGSTON CARDLOCK,"HWY 401, EXIT 611",Kingston,ON,410,3.395440,,
66829,KINGSTON CARDLOCK,"HWY 401, EXIT 611",Kingston,ON,410,3.402199,,
66829,KINGSTON CARDLOCK,"HWY 401, EXIT 611",Kingston,ON,410,3.393941,,
66829,KINGSTON CARDLOCK,"HWY 401, EXIT 611",Kingston,ON,410,3.452164,,
66831,PETRO-CANADA,HWY 17/ 69,Sudbury,ON,460,3.485928,,
66831,PETRO-CANADA,HWY 17/ 69,Sudbury,ON,460,3.479003,,
66831,PETRO-CANADA,HWY 17/ 69,Sudbury,ON,460,3.477467,,
66831,PETRO-CANADA,HWY 17/ 69,Sudbury,ON,460,3.485414,,
66833,STRIPES #5148,US-281,Pharr,TX,639,3.399000,,
66834,ROAD RANGER #186,"I-39/US-51, EXIT 27 & SR-2/CR-2200",Minonk,IL,280,3.339000,,
66834,ROAD RANGER #186,"I-39/US-51, EXIT 27 & SR-2/CR-2200",Minonk,IL,280,3.439000,,
66834,ROAD RANGER #186,"I-39/US-51, EXIT 27 & SR-2/CR-2200",Minonk,IL,280,3.449000,,
66836,FLYING J TRAVEL PLAZA #786,HWY 16,Sherwood Park,AB,80,4.397224,,
66836,FLYING J TRAVEL PLAZA #786,HWY 16,Sherwood Park,AB,80,4.406300,,
66836,FLYING J TRAVEL PLAZA #786,HWY 16,Sherwood Park,AB,80,4.399490,,
66836,FLYING J TRAVEL PLAZA #786,HWY 16,Sherwood Park,AB,80,4.396254,,
66836,FLYING J TRAVEL PLAZA #786,HWY 16,Sherwood Park,AB,80,4.406950,,
66836,FLYING J TRAVEL PLAZA #786,HWY 16,Sherwood Park,AB,80,4.398195,,
66838,RUTTERS #96,US-322 & SR-655,Milroy,PA,14,4.050667,,
66843,FLYING J TRAVEL PLAZA #728,"I-10, EXIT 37",El Paso,TX,640,3.092333,,
66844,CIRCLE K #2706984,US-77 & CR-1356,Kingsville,TX,625,2.822333,,
66845,CIRCLE K #2723643,SR-431,Dothan,AL,20,3.582333,,
66846,CIRCLE K #2723664,US-280,Childersburg,AL,615,3.899000,,
66847,CIRCLE K #2723667,"I-20, EXIT 185 & SR-21",Oxford,AL,615,2.999000,,
66848,CIRCLE K #2723695,"I-55, EXIT 265",Senatobia,MS,435,3.199000,,
66850,Stripes,ST 77,Riviera,TX,625,3.125667,,
66853,LOVES TRAVEL STOP #327,US-77 & FM-1898,Kingsville,TX,625,3.155667,,
66854,TA WAPAKONETA TRAVEL CENTER,"I-75, EXIT 111",Wapakoneta,OH,411,3.282333,,
66856,Speedway #4800,"I-94, EXIT 183",Clearwater,MN,453,3.199000,,
66858,LOVES TRAVEL STOP #328,"I-10, EXIT 162",Chandler,AZ,930,3.469000,,
66859,FLYING J TRAVEL PLAZA #791,HWY-11/HWY-12,Saskatoon,SK,575,4.731402,,
66859,FLYING J TRAVEL PLAZA #791,HWY-11/HWY-12,Saskatoon,SK,575,4.741867,,
66859,FLYING J TRAVEL PLAZA #791,HWY-11/HWY-12,Saskatoon,SK,575,4.741168,,
66859,FLYING J TRAVEL PLAZA #791,HWY-11/HWY-12,Saskatoon,SK,575,4.730358,,
66859,FLYING J TRAVEL PLAZA #791,HWY-11/HWY-12,Saskatoon,SK,575,4.732446,,
66859,FLYING J TRAVEL PLAZA #791,HWY-11/HWY-12,Saskatoon,SK,575,4.510940,,
66862,LOVES TRAVEL STOP #330,I-40 EXIT 280 & SR-56,Baxter,TN,460,3.234000,,
66863,101 TRAVEL PLAZA,"I-40, EXIT 101 & SR-104",Cedar Grove,TN,435,2.999000,35.8130964,-88.5901079
66865,FLYING J FUEL STOP #741,US-287/US-281/US-82 & SR-473,Wichita Falls,TX,770,3.125667,33.8410377,-98.4909250
66867,KWIK STAR #212,"US-61, EXIT 156",Maquoketa,IA,335,3.624000,,
66868,STRIPES #40604,US-83,Mission,TX,639,2.882333,,
66869,SPEEDWAY #4630,US-220 BUS & CR-782,Ridgeway,VA,185,3.409000,,
66870,PETRO STOPPING CENTER NAPOLEON,"US-24/US-6/CR-3, EXIT 41",Napoleon,OH,550,3.705667,,
66874,FLYING J TRAVEL PLAZA #733,"I-27, EXIT 4 & US-82",Lubbock,TX,700,3.332333,,
66876,PILOT TRAVEL CENTERS #156,SR-1633 & SR-813 & SR-9004,Mortons Gap,KY,490,3.629000,,
66877,PILOT TRAVEL CENTER #916- TOWN PUMP,US-93 & US-12,Lolo,MT,820,3.609000,,
66878,PILOT TRAVEL CENTER #915- TOWN PUMP,"I-90, EXIT 455",Billings,MT,780,3.580667,,
66879,TA EXPRESS,"I-40, EXIT 101",Atkins,AR,695,3.340667,,
66880,LOVES TRAVEL STOP #324,I-80 EXIT 242 & SR 339,Mifflinville,PA,138,3.965667,,
66881,PLAZAGO TRUCKSTOP,US-50/SR-61 & SR-96/SR-14,South Hutchinson,KS,570,3.269000,37.9720267,-97.9376062
66888,LOVES TRAVEL STOP #334,"I-84, EXIT 211 & US-30/SR-24",Heyburn,ID,785,3.892333,,
66890,CASEYS #4223,US-25E,Middlesboro,KY,405,3.489000,,
66892,LOVES TRAVEL STOP #336,"I-94, EXIT 112",Marshall,MI,385,3.489000,,
66892,LOVES TRAVEL STOP #336,"I-94, EXIT 112",Marshall,MI,385,3.569000,,
66892,LOVES TRAVEL STOP #336,"I-94, EXIT 112",Marshall,MI,385,3.589000,,
66892,LOVES TRAVEL STOP #336,"I-94, EXIT 112",Marshall,MI,385,3.649000,,
66893,ONE9 #1291,US-287 & CR-174,Bowie,TX,770,2.912333,,
66894,PILOT TRAVEL CENTERS #259,US-69,Muskogee,OK,560,3.322333,,
66895,TA Express Tonkawa,"I-35, EXIT 40 & US-60",Tonkawa,OK,500,3.294000,,
66897,FLYING J TRAVEL PLAZA #604,"I-65, EXIT 158",Hope Hull,AL,720,3.309000,,
66898,PILOT TRAVEL CENTERS #384,"I-95, EXIT 58",Colonial Heights,VA,180,3.799000,,
66899,LOVES TRAVEL STOP #333,"I-77, EXIT 83",Fort Mill,SC,46,3.380667,,
66900,DODGE CITY PETRO #397,"I-65, EXIT 299 & SR-69",Hanceville,AL,615,3.919000,,
66902,CIRCLE K #4707239,SR-103,Warner,NH,170,3.932333,,
66905,CIRCLE K #4707212,SR-27,Raymond,NH,170,3.759000,,
66906,LOVES TRAVEL STOP #331,"I-45, EXIT 272",Hutchins,TX,630,3.102333,,
66908,CIRCLE K #2723708,"I-81, EXIT 77",Wytheville,VA,65,3.365667,,
66911,LOVES TRAVEL STOP #343,"I-20 & I-59, EXIT 165",Toomsuba,MS,705,3.009000,,
66912,LOVES TRAVEL STOP #335,"I-15, EXIT 62 & SR-130",Cedar City,UT,910,3.677000,,
66912,LOVES TRAVEL STOPS #335,"I-15, EXIT 62 & SR-130",Cedar City,UT,910,3.649000,,
66914,FLYING J TRAVEL PLAZA #683,"I-95, EXIT 106",Kenly,NC,205,3.709000,,
66915,CIRCLE K #2723716,"I-81, EXIT 84",Max Meadows,VA,185,3.462333,,
66918,MINIT MART #647,"I-39, EXIT 35 & SR-17",Wenona,IL,280,3.549000,41.0576465,-89.0202608
66918,MINIT MART #647,"I-39, EXIT 35 & SR-17",Wenona,IL,280,3.499000,41.0576465,-89.0202608
66920,7-ELEVEN #35562,"I-85, EXIT 32",Charlotte,NC,46,3.379000,,
66921,LOVES TRAVEL STOP #338,"I-95/SR-405, EXIT 90 & SR-144",Richmond Hill,GA,195,3.364000,,
66922,LOVES TRAVEL STOPS #339,"I-20, EXIT 115 & FM-1882",Odessa,TX,710,3.549000,,
66922,LOVES TRAVEL STOP #339,"I-20, EXIT 115 & FM-1882",Odessa,TX,710,3.549000,,
66923,LOVES TRAVEL STOP #765,"I-85, EXIT 147",Commerce,GA,16,3.210667,,
66925,FLYING J TRAVEL PLAZA #714,"I-77, EXIT 73",Rock Hill,SC,46,3.399000,,
66927,PILOT TRAVEL CENTER #41,I-64 EXIT 113 SE QUAD,Mount Sterling,KY,410,3.759000,,
66927,PILOT TRAVEL CENTERS #41,I-64 EXIT 113 SE QUAD,Mount Sterling,KY,410,3.769000,,
66928,FLYING J TRAVEL PLAZA #730,"I-35/US-83, EXIT 13",Laredo,TX,693,3.599000,,
66929,FLYING J TRAVEL PLAZA #642,"I-255,  EXIT 17",East Saint Louis,IL,540,3.599000,,
66929,FLYING J TRAVEL PLAZA #642,"I-255,  EXIT 17",East Saint Louis,IL,540,3.499000,,
66929,FLYING J TRAVEL PLAZA #642,"I-255,  EXIT 17",East Saint Louis,IL,540,3.389000,,
66929,FLYING J TRAVEL PLAZA #642,"I-255,  EXIT 17",East Saint Louis,IL,540,3.699000,,
66931,CASEYS #3896,"I-380, EXIT 35",Center Point,IA,380,3.449000,,
66932,CIRCLE K #4701444,US-34 & SR-164,Monmouth,IL,345,3.449000,40.9159269,-90.7803089
66932,CIRCLE K #4701444,US-34 & SR-164,Monmouth,IL,345,3.399000,40.9159269,-90.7803089
66935,FRANCIS CREEK TRAVEL PLAZA,SR-41,Francis Creek,WI,444,3.384000,,
66937,LOVES TRAVEL STOP #341,"I-44, EXIT 189",Rolla,MO,540,3.300667,,
66939,KWIK TRIP #416,SR-172 & CR-GV,De Pere,WI,582,3.390667,,
66941,PILOT TRAVEL CENTERS #367,"I-30, EXIT 87 & 88",Caddo Mills,TX,630,3.169000,,
66942,MAVERIK COUNTRY STORE #612,"I-15, EXIT 362",Brigham City,UT,835,3.449000,,
66944,LOVES TRAVEL STOPS #316,"I-95, EXIT 273 & US-1",Ormond Beach,FL,75,3.489000,,
66944,LOVES TRAVEL STOP #316,"I-95, EXIT 273 & US-1",Ormond Beach,FL,75,3.477000,,
66945,PILOT TRAVEL CENTERS #159,"I-64, EXIT 211",Providence Forge,VA,180,3.899000,,
66946,FLYING J TRAVEL PLAZA #788,TCH-1 & HWY-334,Headingley,MB,900,4.629546,,
66946,FLYING J TRAVEL PLAZA #788,TCH-1 & HWY-334,Headingley,MB,900,4.620009,,
66946,FLYING J TRAVEL PLAZA #788,TCH-1 & HWY-334,Headingley,MB,900,4.618990,,
66946,FLYING J TRAVEL PLAZA #788,TCH-1 & HWY-334,Headingley,MB,900,4.621029,,
66946,FLYING J TRAVEL PLAZA #788,TCH-1 & HWY-334,Headingley,MB,900,4.630228,,
66946,FLYING J TRAVEL PLAZA #788,TCH-1 & HWY-334,Headingley,MB,900,4.622390,,
66947,FLYING J TRAVEL PLAZA #804,"HWY 101,  HWY 90",Winnipeg,MB,900,4.622390,,
66947,FLYING J TRAVEL PLAZA #804,"HWY 101,  HWY 90",Winnipeg,MB,900,4.620009,,
66947,FLYING J TRAVEL PLAZA #804,"HWY 101,  HWY 90",Winnipeg,MB,900,4.630228,,
66947,FLYING J TRAVEL PLAZA #804,"HWY 101,  HWY 90",Winnipeg,MB,900,4.629546,,
66947,FLYING J TRAVEL PLAZA #804,"HWY 101,  HWY 90",Winnipeg,MB,900,4.618990,,
66947,FLYING J TRAVEL PLAZA #804,"HWY 101,  HWY 90",Winnipeg,MB,900,4.621029,,
66948,CIRCLE K #4707618,"I-481, EXIT 8 & CR-82",East Syracuse,NY,220,3.799000,,
66951,BERKLYS TRAVEL CENTER #3,US-377/US-87,Brady,TX,575,3.615667,,
66953,LOVES TRAVEL STOP #355,"I-65, EXIT 16",Memphis,IN,415,3.949000,,
66954,LOVES TRAVEL STOP #344,I-240 EXIT 21 & US-78/SR-4,Memphis,TN,435,3.249000,,
66955,LOVES TRAVEL STOP #349,"I-8, EXIT 3",Yuma,AZ,900,3.502333,,
66956,LOVES TRAVEL STOP #348,"I-69/I-24, EXIT 27 & US-62",Calvert City,KY,490,3.689000,,
66957,LOVES TRAVEL STOP #346,I-65 EXIT 46 & SR-99,Columbia,TN,460,3.789000,,
66958,FLYING J FUEL STOP #813,HWY 2,Airdrie,AB,50,4.406950,,
66958,FLYING J FUEL STOP #813,HWY 2,Airdrie,AB,50,4.593175,,
66958,FLYING J FUEL STOP #813,HWY 2,Airdrie,AB,50,4.591148,,
66958,FLYING J FUEL STOP #813,HWY 2,Airdrie,AB,50,4.397224,,
66958,FLYING J FUEL STOP #813,HWY 2,Airdrie,AB,50,4.601640,,
66958,FLYING J FUEL STOP #813,HWY 2,Airdrie,AB,50,4.594527,,
66959,PILOT TRAVEL CENTERS #388,"I-20 & I-59, EXIT 151",Meridian,MS,705,2.979000,,
66961,CIRCLE K #2707020,"I-4, EXIT 32 & US-98/SR-700/SR-35",Lakeland,FL,225,3.414000,29.9490064,-85.4194097
66962,PILOT TRAVEL CENTERS #242,"I-74, EXIT 109",Shelbyville,IN,375,3.999000,,
66962,PILOT TRAVEL CENTER #242,"I-74, EXIT 109",Shelbyville,IN,375,3.999000,,
66963,SPARTA TRAVEL CENTER,"I-90, EXIT 28",Sparta,WI,420,3.179000,,
66964,PILOT TRAVEL CENTERS #239,US-30/US-23,Upper Sandusky,OH,411,3.899000,,
66965,EATONTON TRAVEL CENTER,US-441/US/129/SR-24,Eatonton,GA,67,3.249000,,
66966,LOVES TRAVEL STOP #352,I-71 EXIT 65,Jeffersonville,OH,315,3.422333,,
66967,FLYING J #461,"HWY-401, EXIT 56 & HWY-42",Tilbury,ON,620,4.462112,,
66967,FLYING J #461,"HWY-401, EXIT 56 & HWY-42",Tilbury,ON,620,4.452920,,
66967,FLYING J #461,"HWY-401, EXIT 56 & HWY-42",Tilbury,ON,620,4.455215,,
66967,FLYING J #461,"HWY-401, EXIT 56 & HWY-42",Tilbury,ON,620,4.453903,,
66967,FLYING J #461,"HWY-401, EXIT 56 & HWY-42",Tilbury,ON,620,4.451938,,
66967,FLYING J #461,"HWY-401, EXIT 56 & HWY-42",Tilbury,ON,620,4.462770,,
66968,FLYING J TRAVEL PLAZA #675,US-136 & SR-27,Wayland,MO,345,3.305667,,
66972,PETRO STOPPING CENTER #339,"I-90, EXIT 272",Spokane,WA,970,3.999000,,
66972,PETRO STOPPING CENTER #339,"I-90, EXIT 272",Spokane,WA,970,3.959000,,
66973,FLYING J TRAVEL PLAZA #835,HWY 59 & WARMAN RD,Winnipeg,MB,900,4.630228,,
66973,FLYING J TRAVEL PLAZA #835,HWY 59 & WARMAN RD,Winnipeg,MB,900,4.622390,,
66973,FLYING J TRAVEL PLAZA #835,HWY 59 & WARMAN RD,Winnipeg,MB,900,4.621029,,
66973,FLYING J TRAVEL PLAZA #835,HWY 59 & WARMAN RD,Winnipeg,MB,900,4.618990,,
66973,FLYING J TRAVEL PLAZA #835,HWY 59 & WARMAN RD,Winnipeg,MB,900,4.620009,,
66973,FLYING J TRAVEL PLAZA #835,HWY 59 & WARMAN RD,Winnipeg,MB,900,4.629546,,
66976,FLYING J FUEL STOP #799,"HWY 1, LICKMAN EXIT",Chilliwack,BC,800,4.741168,,
66976,FLYING J FUEL STOP #799,"HWY 1, LICKMAN EXIT",Chilliwack,BC,800,4.732446,,
66976,FLYING J FUEL STOP #799,"HWY 1, LICKMAN EXIT",Chilliwack,BC,800,4.731402,,
66976,FLYING J FUEL STOP #799,"HWY 1, LICKMAN EXIT",Chilliwack,BC,800,4.741867,,
66976,FLYING J FUEL STOP #799,"HWY 1, LICKMAN EXIT",Chilliwack,BC,800,4.730358,,
66976,FLYING J FUEL STOP #799,"HWY 1, LICKMAN EXIT",Chilliwack,BC,800,4.733840,,
66977,FLYING J TRAVEL PLAZA #827,HWY 1,Abbotsford,BC,800,4.741168,,
66977,FLYING J TRAVEL PLAZA #827,HWY 1,Abbotsford,BC,800,4.732446,,
66977,FLYING J TRAVEL PLAZA #827,HWY 1,Abbotsford,BC,800,4.730358,,
66977,FLYING J TRAVEL PLAZA #827,HWY 1,Abbotsford,BC,800,4.733840,,
66977,FLYING J TRAVEL PLAZA #827,HWY 1,Abbotsford,BC,800,4.731402,,
66977,FLYING J TRAVEL PLAZA #827,HWY 1,Abbotsford,BC,800,4.741867,,
66978,FLYING J FUEL STOP #805,HWY 27 & ALBION RD,Etobicoke,ON,720,4.462112,,
66978,FLYING J FUEL STOP #805,HWY 27 & ALBION RD,Etobicoke,ON,720,4.453903,,
66978,FLYING J FUEL STOP #805,HWY 27 & ALBION RD,Etobicoke,ON,720,4.452920,,
66978,FLYING J FUEL STOP #805,HWY 27 & ALBION RD,Etobicoke,ON,720,4.451938,,
66978,FLYING J FUEL STOP #805,HWY 27 & ALBION RD,Etobicoke,ON,720,4.462770,,
66978,FLYING J FUEL STOP #805,HWY 27 & ALBION RD,Etobicoke,ON,720,4.455215,,
66979,FLYING J CARDLOCK #820,HWY 40 S,Grande Prairie,AB,80,5.012465,,
66979,FLYING J CARDLOCK #820,HWY 40 S,Grande Prairie,AB,80,5.020965,,
66979,FLYING J CARDLOCK #820,HWY 40 S,Grande Prairie,AB,80,5.010989,,
66979,FLYING J CARDLOCK #820,HWY 40 S,Grande Prairie,AB,80,5.020225,,
66979,FLYING J CARDLOCK #820,HWY 40 S,Grande Prairie,AB,80,5.008778,,
66979,FLYING J CARDLOCK #820,HWY 40 S,Grande Prairie,AB,80,5.009883,,
66981,FLYING J CARDLOCK #830,ALASKY HWYN & 17TH ST,Dawson Creek,BC,80,5.178115,,
66981,FLYING J CARDLOCK #830,ALASKY HWYN & 17TH ST,Dawson Creek,BC,80,5.187658,,
66981,FLYING J CARDLOCK #830,ALASKY HWYN & 17TH ST,Dawson Creek,BC,80,5.179640,,
66981,FLYING J CARDLOCK #830,ALASKY HWYN & 17TH ST,Dawson Creek,BC,80,5.188423,,
66981,FLYING J CARDLOCK #830,ALASKY HWYN & 17TH ST,Dawson Creek,BC,80,5.175830,,
66981,FLYING J CARDLOCK #830,ALASKY HWYN & 17TH ST,Dawson Creek,BC,80,5.176972,,
66983,FLYING J FUEL STOP #801,HWY 97 SOUTH,Prince George,BC,850,4.955281,,
66983,FLYING J FUEL STOP #801,HWY 97 SOUTH,Prince George,BC,850,4.953094,,
66983,FLYING J FUEL STOP #801,HWY 97 SOUTH,Prince George,BC,850,4.964413,,
66983,FLYING J FUEL STOP #801,HWY 97 SOUTH,Prince George,BC,850,4.965145,,
66983,FLYING J FUEL STOP #801,HWY 97 SOUTH,Prince George,BC,850,4.954187,,
66983,FLYING J FUEL STOP #801,HWY 97 SOUTH,Prince George,BC,850,4.956740,,
66984,FLYING J TRAVEL PLAZA #807,HWY 401,Mississauga,ON,720,4.455215,,
66984,FLYING J TRAVEL PLAZA #807,HWY 401,Mississauga,ON,720,4.452920,,
66984,FLYING J TRAVEL PLAZA #807,HWY 401,Mississauga,ON,720,4.462112,,
66984,FLYING J TRAVEL PLAZA #807,HWY 401,Mississauga,ON,720,4.451938,,
66984,FLYING J TRAVEL PLAZA #807,HWY 401,Mississauga,ON,720,4.462770,,
66984,FLYING J TRAVEL PLAZA #807,HWY 401,Mississauga,ON,720,4.453903,,
66986,FLYING J CARDLOCK #832,HWY 1,New Westminster,BC,800,5.187658,,
66986,FLYING J CARDLOCK #832,HWY 1,New Westminster,BC,800,5.176972,,
66986,FLYING J CARDLOCK #832,HWY 1,New Westminster,BC,800,5.179640,,
66986,FLYING J CARDLOCK #832,HWY 1,New Westminster,BC,800,5.175830,,
66986,FLYING J CARDLOCK #832,HWY 1,New Westminster,BC,800,5.178115,,
66986,FLYING J CARDLOCK #832,HWY 1,New Westminster,BC,800,5.188423,,
66987,LOVES TRAVEL STOP #354,"US-78 & I-20, EXIT 172",Thomson,GA,135,3.849000,,
66988,FLYING J CARDLOCK #821,HWY-3 & HWY-4,Lethbridge,AB,50,4.621029,,
66988,FLYING J CARDLOCK #821,HWY-3 & HWY-4,Lethbridge,AB,50,4.630228,,
66988,FLYING J CARDLOCK #821,HWY-3 & HWY-4,Lethbridge,AB,50,4.618990,,
66988,FLYING J CARDLOCK #821,HWY-3 & HWY-4,Lethbridge,AB,50,4.629546,,
66988,FLYING J CARDLOCK #821,HWY-3 & HWY-4,Lethbridge,AB,50,4.622390,,
66988,FLYING J CARDLOCK #821,HWY-3 & HWY-4,Lethbridge,AB,50,4.620009,,
66991,FLYING J TRAVEL PLAZA #793,HWY 1,Calgary,AB,50,4.591148,,
66991,FLYING J TRAVEL PLAZA #793,HWY 1,Calgary,AB,50,4.397224,,
66991,FLYING J TRAVEL PLAZA #793,HWY 1,Calgary,AB,50,4.594527,,
66991,FLYING J TRAVEL PLAZA #793,HWY 1,Calgary,AB,50,4.601640,,
66991,FLYING J TRAVEL PLAZA #793,HWY 1,Calgary,AB,50,4.602319,,
66991,FLYING J TRAVEL PLAZA #793,HWY 1,Calgary,AB,50,4.593175,,
66992,FLYING J CARDLOCK #814,HWY 1,Calgary,AB,50,4.593175,,
66992,FLYING J CARDLOCK #814,HWY 1,Calgary,AB,50,4.594527,,
66992,FLYING J CARDLOCK #814,HWY 1,Calgary,AB,50,4.591148,,
66992,FLYING J CARDLOCK #814,HWY 1,Calgary,AB,50,4.602319,,
66992,FLYING J CARDLOCK #814,HWY 1,Calgary,AB,50,4.601640,,
66992,FLYING J CARDLOCK #814,HWY 1,Calgary,AB,50,4.592161,,
66993,PILOT TRAVEL CENTERS #198,US-30 & US-31,Plymouth,IN,465,3.869000,,
66993,PILOT TRAVEL CENTER #198,US-30 & US-31,Plymouth,IN,465,3.859000,,
66994,PILOT TRAVEL CENTERS #303,US-24/US-6 & SR-108,Napoleon,OH,550,3.710667,,
66995,PILOT TRAVEL CENTERS #322,"I-86, EXIT 37",Bath,NY,190,4.499000,,
66997,LOVES TRAVEL STOP #289,"I-20, EXIT 49 & SR-531",Minden,LA,745,3.149000,,
67007,FLYING J TRAVEL PLAZA #795,HWY 2,Nisku,AB,80,4.406300,,
67007,FLYING J TRAVEL PLAZA #795,HWY 2,Nisku,AB,80,4.399490,,
67007,FLYING J TRAVEL PLAZA #795,HWY 2,Nisku,AB,80,4.397224,,
67007,FLYING J TRAVEL PLAZA #795,HWY 2,Nisku,AB,80,4.396254,,
67007,FLYING J TRAVEL PLAZA #795,HWY 2,Nisku,AB,80,4.406950,,
67007,FLYING J TRAVEL PLAZA #795,HWY 2,Nisku,AB,80,4.398195,,
67008,TA ST LOUIS EAST TRAVEL CENTER,"I-55, EXIT 18",Troy,IL,574,3.439000,,
67008,TA ST LOUIS EAST TRAVEL CENTER,"I-55, EXIT 18",Troy,IL,574,3.619000,,
67008,TA ST LOUIS EAST TRAVEL CENTER,"I-55, EXIT 18",Troy,IL,574,3.629000,,
67008,TA ST LOUIS EAST TRAVEL CENTER,"I-55, EXIT 18",Troy,IL,574,3.439000,,
67008,TA ST LOUIS EAST TRAVEL CENTER,"I-55, EXIT 18",Troy,IL,574,3.489000,,
67008,TA ST LOUIS EAST TRAVEL CENTER,"I-55, EXIT 18",Troy,IL,574,3.379000,,
67009,PILOT TRAVEL CENTERS #407,"I-35, EXIT 194",Clear Lake,IA,433,3.659000,,
67009,PILOT TRAVEL CENTER #407,"I-35, EXIT 194",Clear Lake,IA,433,3.659000,,
67011,FLYING J CARDLOCK #844,HWY 16,Yorkton,SK,550,4.899572,,
67011,FLYING J CARDLOCK #844,HWY 16,Yorkton,SK,550,4.908602,,
67011,FLYING J CARDLOCK #844,HWY 16,Yorkton,SK,550,4.901015,,
67011,FLYING J CARDLOCK #844,HWY 16,Yorkton,SK,550,4.897410,,
67011,FLYING J CARDLOCK #844,HWY 16,Yorkton,SK,550,4.898491,,
67011,FLYING J CARDLOCK #844,HWY 16,Yorkton,SK,550,4.909326,,
67014,FLYING J FUEL STOP #803,HWY 1 EAST,Portage La Prairie,MB,900,4.630228,,
67014,FLYING J FUEL STOP #803,HWY 1 EAST,Portage La Prairie,MB,900,4.622390,,
67014,FLYING J FUEL STOP #803,HWY 1 EAST,Portage La Prairie,MB,900,4.620009,,
67014,FLYING J FUEL STOP #803,HWY 1 EAST,Portage La Prairie,MB,900,4.629546,,
67014,FLYING J FUEL STOP #803,HWY 1 EAST,Portage La Prairie,MB,900,4.621029,,
67014,FLYING J FUEL STOP #803,HWY 1 EAST,Portage La Prairie,MB,900,4.618990,,
67016,FLYING J CARDLOCK #842,HWY 11,Regina,SK,550,4.731402,,
67016,FLYING J CARDLOCK #842,HWY 11,Regina,SK,550,4.741168,,
67016,FLYING J CARDLOCK #842,HWY 11,Regina,SK,550,4.733840,,
67016,FLYING J CARDLOCK #842,HWY 11,Regina,SK,550,4.741867,,
67016,FLYING J CARDLOCK #842,HWY 11,Regina,SK,550,4.730358,,
67016,FLYING J CARDLOCK #842,HWY 11,Regina,SK,550,4.732446,,
67018,FLYING J CARDLOCK #822,HWY 16,Lloydminster,AB,80,4.565321,,
67018,FLYING J CARDLOCK #822,HWY 16,Lloydminster,AB,80,4.574409,,
67018,FLYING J CARDLOCK #822,HWY 16,Lloydminster,AB,80,4.573734,,
67018,FLYING J CARDLOCK #822,HWY 16,Lloydminster,AB,80,4.563306,,
67018,FLYING J CARDLOCK #822,HWY 16,Lloydminster,AB,80,4.566665,,
67018,FLYING J CARDLOCK #822,HWY 16,Lloydminster,AB,80,4.564313,,
67019,FLYING J CARDLOCK #829,HWY 3,Creston,BC,50,5.151777,,
67019,FLYING J CARDLOCK #829,HWY 3,Creston,BC,50,5.149124,,
67019,FLYING J CARDLOCK #829,HWY 3,Creston,BC,50,5.147988,,
67019,FLYING J CARDLOCK #829,HWY 3,Creston,BC,50,5.160514,,
67019,FLYING J CARDLOCK #829,HWY 3,Creston,BC,50,5.159753,,
67019,FLYING J CARDLOCK #829,HWY 3,Creston,BC,50,5.150261,,
67020,FLYING J CARDLOCK #828,HWY 95A,Cranbrook,BC,50,5.010989,,
67020,FLYING J CARDLOCK #828,HWY 95A,Cranbrook,BC,50,5.012465,,
67020,FLYING J CARDLOCK #828,HWY 95A,Cranbrook,BC,50,5.020225,,
67020,FLYING J CARDLOCK #828,HWY 95A,Cranbrook,BC,50,5.009883,,
67020,FLYING J CARDLOCK #828,HWY 95A,Cranbrook,BC,50,5.008778,,
67020,FLYING J CARDLOCK #828,HWY 95A,Cranbrook,BC,50,5.020965,,
67024,FLYING J FUEL STOP #811,HWY-1,Moose Jaw,SK,550,4.629546,,
67024,FLYING J FUEL STOP #811,HWY-1,Moose Jaw,SK,550,4.621029,,
67024,FLYING J FUEL STOP #811,HWY-1,Moose Jaw,SK,550,4.630228,,
67024,FLYING J FUEL STOP #811,HWY-1,Moose Jaw,SK,550,4.620009,,
67024,FLYING J FUEL STOP #811,HWY-1,Moose Jaw,SK,550,4.618990,,
67024,FLYING J FUEL STOP #811,HWY-1,Moose Jaw,SK,550,4.622390,,
67027,FLYING J FUEL STOP #806,HWY 11,Kapuskasing,ON,460,5.300062,,
67027,FLYING J FUEL STOP #806,HWY 11,Kapuskasing,ON,460,5.289532,,
67027,FLYING J FUEL STOP #806,HWY 11,Kapuskasing,ON,460,5.291090,,
67027,FLYING J FUEL STOP #806,HWY 11,Kapuskasing,ON,460,5.287198,,
67027,FLYING J FUEL STOP #806,HWY 11,Kapuskasing,ON,460,5.299281,,
67027,FLYING J FUEL STOP #806,HWY 11,Kapuskasing,ON,460,5.288365,,
67030,LOVES TRAVEL STOP #337,"I-90 & I-35, EXIT 11",Albert Lea,MN,515,4.089000,,
67031,FLYING J CARDLOCK #798,HWY 91,Delta,BC,800,5.179640,,
67031,FLYING J CARDLOCK #798,HWY 91,Delta,BC,800,5.176972,,
67031,FLYING J CARDLOCK #798,HWY 91,Delta,BC,800,5.187658,,
67031,FLYING J CARDLOCK #798,HWY 91,Delta,BC,800,5.178115,,
67031,FLYING J CARDLOCK #798,HWY 91,Delta,BC,800,5.188423,,
67031,FLYING J CARDLOCK #798,HWY 91,Delta,BC,800,5.175830,,
67034,LOVES TRAVEL STOP #356,"I-75, EXIT 167",North Baltimore,OH,550,3.347333,,
67037,LOVES TRAVEL STOP #332,I-71 EXIT 204,Burbank,OH,305,3.689000,,
67038,PILOT TRAVEL CENTERS #260,US-82/SR-520 & SR-300,Albany,GA,10,3.799000,,
67038,PILOT TRAVEL CENTER #260,US-82/SR-520 & SR-300,Albany,GA,10,3.799000,,
67039,ROAD RANGER #145,"I-44, EXIT 275",Fenton,MO,540,3.359000,,
67040,FLYING J TRAVEL PLAZA #603,US-431/SR-210 & US-231/SR-1,Dothan,AL,20,3.999000,,
67041,CIRCLE K #4707040,"I-95, EXIT 133 & US-201",Skowhegan,ME,170,3.725667,,
67044,PILOT TRAVEL CENTER #1212,"I-10, EXIT 45",Salome,AZ,930,3.959000,,
67044,PILOT #1212,"I-10, EXIT 45",Salome,AZ,930,3.959000,,
67047,Circle K #2746490,"I-90, EXIT 332",Mitchell,SD,455,3.064000,,
67049,FLYING J TRAVEL PLAZA #785,"HWY 2, EXIT 240",Calgary,AB,50,4.593175,,
67049,FLYING J TRAVEL PLAZA #785,"HWY 2, EXIT 240",Calgary,AB,50,4.592161,,
67049,FLYING J TRAVEL PLAZA #785,"HWY 2, EXIT 240",Calgary,AB,50,4.591148,,
67049,FLYING J TRAVEL PLAZA #785,"HWY 2, EXIT 240",Calgary,AB,50,4.601640,,
67049,FLYING J TRAVEL PLAZA #785,"HWY 2, EXIT 240",Calgary,AB,50,4.602319,,
67049,FLYING J TRAVEL PLAZA #785,"HWY 2, EXIT 240",Calgary,AB,50,4.594527,,
67051,PILOT TRAVEL CENTERS #208,"I-44, EXIT 257",Pacific,MO,540,3.324000,,
67053,TA LAREDO TRAVEL CENTER,"I-35/US-83, EXIT 13",Laredo,TX,693,3.649000,,
67054,LOVES TRAVEL STOPS #436,"I-80, EXIT 118",Salt Lake City,UT,835,3.649000,,
67054,LOVES TRAVEL STOP #436,"I-80, EXIT 118",Salt Lake City,UT,835,3.777000,,
67055,FLYING J TRAVEL PLAZA #641,I-15,Mccammon,ID,825,3.749000,,
67056,Arco,US-2 & US-59,Erskine,MN,355,3.399000,,
67057,PILOT TRAVEL CENTERS #146,"I-90, EXIT 12",Castleton On Hudson,NY,12,3.999000,,
67058,PILOT TRAVEL CENTERS #368,"I-72, EXIT 144",Decatur,IL,280,3.599000,,
67058,PILOT TRAVEL CENTER #368,"I-72, EXIT 144",Decatur,IL,280,3.559000,,
67058,PILOT TRAVEL CENTER #368,"I-72, EXIT 144",Decatur,IL,280,3.459000,,
67058,PILOT TRAVEL CENTERS #368,"I-72, EXIT 144",Decatur,IL,280,3.499000,,
67060,PILOT TRAVEL CENTERS #151,"I-5, EXIT 99NE",Olympia,WA,977,4.599000,,
67063,PILOT TRAVEL CENTERS #330,"I-35, EXIT 184 SW",New Braunfels,TX,740,3.399000,,
67064,LOVES TRAVEL STOP #385,"I-40, EXIT 101 & US-281",Hinton,OK,483,3.385667,,
67065,TA GREENWOOD TRAVEL CENTER,"I-20, EXIT 5 & US-79",Greenwood,LA,745,3.165667,,
67066,LOVES TRAVEL STOP #361,"I-80, EXIT 168",Newton,IA,320,3.762333,,
67067,LOVES TRAVEL STOP #377,"I-76/US-6, EXIT 31 & SR-52",Hudson,CO,800,3.459000,,
67069,FLYING J FUEL STOP #621,"I-70, EXIT 359 & US-24",Limon,CO,800,3.899000,,
67069,FLYING J TRAVEL PLAZA #621,"I-70, EXIT 359 & US-24",Limon,CO,800,3.874000,,
67070,CASEYS #4225,"SR-155N, EXIT 26-A",Nashville,TN,460,3.062333,,
67071,FAS MART #5154,"I-270, EXIT 3 & SR-3",Hartford,IL,574,3.299000,,
67071,FAS MART #5154,"I-270, EXIT 3 & SR-3",Hartford,IL,574,3.279000,,
67073,PILOT TRAVEL CENTERS #81,"I-79, EXIT 99",Portersville,PA,165,4.259000,,
67075,CM FOREST GOLD,SR-16,Amite,LA,600,3.399000,,
67076,CASH MAGIC LUCKY MAGNOLIA,SR-63/SR-16,Denham Springs,LA,600,3.399000,,
67077,CASH MAGIC BROUSSARD SOUTH,US-90,Broussard,LA,600,3.399000,,
67078,CASH MAGIC SILVER FOX,SR-63/SR-16,Denham Springs,LA,600,3.399000,,
67081,LOVES TRAVEL STOP #376,"I-85/SR-403, EXIT 28 & SR-54/SR-100",Hogansville,GA,18,3.689000,33.2254658,-84.9343361
67082,PILOT TRAVEL CENTERS #179,"I-81, EXIT 5-B",Hagerstown,MD,22,3.959000,,
67085,PILOT TRAVEL CENTERS #210,"I-287, EXIT 66 & SR-17",Mahwah,NJ,105,3.899000,,
67086,SPEEDWAY #7945,SR-24,Swansboro,NC,205,3.699000,,
67087,SPEEDWAY #8189,"I-40, EXIT 408 & SR-210 & US-117",Rocky Point,NC,245,3.605667,34.4402122,-77.8796797
67088,PILOT #4580,"I-26, EXIT 82",Prosperity,SC,30,3.425667,,
67090,LOVES TRAVEL STOP #373,US-69 & PLATTER RD,Calera,OK,253,3.229000,33.9108933,-96.4611282
67091,SPEEDWAY #7903,SR-211,Raeford,NC,63,3.699000,,
67092,SPEEDWAY #8288,US-64 & SR-149,Plymouth,NC,177,3.207333,35.8353379,-76.7658760
67094,SPEEDWAY #7943,US-64/SR-49 & US-220,Asheboro,NC,65,3.542333,,
67095,SPEEDWAY #8297,US-17 & US-17 BYP,Chocowinity,NC,205,3.132333,,
67096,SPEEDWAY #6997,I-95/US-301,Fayetteville,NC,63,3.395667,,
67097,SPEEDWAY #8298,SR-11/SR-55,Kinston,NC,205,3.353000,,
67101,SPEEDWAY #7974,US-601 & SR-24/SR-27,Midland,NC,46,3.429000,35.2516071,-80.5010279
67103,SPEEDWAY #8225,US-13/US-17 & US-64,Williamston,NC,205,3.849000,,
67106,PILOT TRAVEL CENTER #4656,"I-295, EXIT 3-A & US-460",Disputanta,VA,180,3.572333,,
67107,SPEEDWAY/7fleet #4595,US-501 & SR-544,Conway,SC,205,3.089000,33.8074404,-79.0184989
67108,SPEEDWAY/7fleet #4594,SR-90,Longs,SC,205,3.309000,,
67109,SPEEDWAY #4676,US-13/SR-32,Suffolk,VA,130,3.799000,,
67113,COLUMBUS WEST TRAVEL CENTER,"US-151, EXIT 118",Columbus,WI,420,3.119000,,
67114,SPEEDWAY #1415,"I-57, EXIT 306 & US-45/US-52",Kankakee,IL,280,3.379000,41.1234464,-87.8775341
67114,SPEEDWAY #1415,"I-57, EXIT 306 & US-45/US-52",Kankakee,IL,280,3.339000,41.1234464,-87.8775341
67115,CIRCLE K #3912,"I-24/SR-27, EXIT 155 & SR-28",Jasper,TN,285,2.889000,,
67117,MCCLURE OIL #65,US-31 & SR-38,Cicero,IN,375,3.889000,39.9276374,-85.3467701
67118,ABELS QUIK SHOP #20,US-36 & CR-437,Hannibal,MO,540,3.065667,,
67119,EASTWAY TRUCKSTOP,SR-80,Somerset,KY,410,3.599000,,
67120,LOVES TRAVEL STOP #379,"I-10 & CR 255, EXIT 262 SW",Lee,FL,20,3.789000,,
67121,BETTY BEAVERS TRUCKSTOP,"I-88, EXIT 12 & CR-48",Otego,NY,12,3.819000,,
67122,WORKMANS TRAVEL CENTER,"I-540, EXIT 24 & SR-282",Alma,AR,735,3.372333,,
67125,LOVES TRAVEL STOP #370,I-80 EXIT 234,Hubbard,OH,573,3.465667,,
67126,PILOT TRAVEL CENTERS #366,"I-40, EXIT 85 CHRISTMASVILLE RD",Jackson,TN,435,3.509000,,
67127,LOVES TRAVEL STOP #381,"I-65, EXIT 322 & CR-55",Falkville,AL,615,3.849000,,
67129,PILOT TRAVEL CENTER #920,"I-70, EXIT 54",Colby,KS,525,3.634000,,
67129,PILOT TRAVEL CENTERS #920,"I-70, EXIT 54",Colby,KS,525,3.649000,,
67130,Pilot Travel Centers #473,"I-55, EXIT 248 & US-6",Channahon,IL,290,3.499000,,
67130,Pilot Travel Centers #473,"I-55, EXIT 248 & US-6",Channahon,IL,290,3.359000,,
67130,Pilot Travel Center #473,"I-55, EXIT 248 & US-6",Channahon,IL,290,3.459000,,
67130,Pilot Travel Center #473,"I-55, EXIT 248 & US-6",Channahon,IL,290,3.599000,,
67130,Pilot Travel Centers #473,"I-55, EXIT 248 & US-6",Channahon,IL,290,3.399000,,
67130,Pilot Travel Center #473,"I-55, EXIT 248 & US-6",Channahon,IL,290,3.399000,,
67133,LOVES TRAVEL STOP #365,I-80 EXIT 352,Wells,NV,835,3.715667,,
67137,PILOT TRAVEL CENTERS #485,"I-80, EXIT 173",Winnemucca,NV,966,3.770667,,
67138,Kum N Go #0561,US-65 & SR-744,Springfield,MO,535,2.899000,,
67139,LOVES TRAVEL STOP #383,I-71 EXIT 55 & SR-1039,Sparta,KY,415,3.749000,,
67140,Maverik Country Store #5069,I-35 EXIT 133,Ellsworth,IA,320,3.095667,,
67141,KUM & GO #0022,"I-80, EXIT 182 & SR-146",Grinnell,IA,320,3.197333,41.7328660,-92.7272067
67143,ALL AMERICAN STORES #7,US-30,Fort Wayne,IN,370,3.559000,,
67149,HOOPS TRAVEL CENTER,I-39 & SR-21,Coloma,WI,395,3.182333,,
67150,Maverik Country Store #5119,"US-30, EXIT 150",Ames,IA,320,3.082333,,
67151,CASEYS #2523,"SR-163, EXIT 29 & SR-14",Monroe,IA,320,3.199000,,
67155,PILOT TRAVEL CENTER #1219,"I-70, EXIT 61",Vandalia,IL,540,3.699000,,
67155,PILOT TRAVEL CENTER #1219,"I-70, EXIT 61",Vandalia,IL,540,3.759000,,
67155,PILOT #1219,"I-70, EXIT 61",Vandalia,IL,540,3.699000,,
67158,GOLDEN GATE AUTO TRUCK PLAZA,"I-80 , EXIT 32",Sparks,NV,966,3.539000,,
67160,LOVES TRAVEL STOPS #378,"I-77, EXIT 132",Ripley,WV,44,3.589000,,
67160,LOVES TRAVEL STOP #378,"I-77, EXIT 132",Ripley,WV,44,3.621000,,
67162,PILOT TRAVEL CENTERS #495,"I-80 , EXIT 201",Brooklyn,IA,380,3.785667,,
67162,PILOT TRAVEL CENTER #495,"I-80 , EXIT 201",Brooklyn,IA,380,3.699000,,
67163,LOVES TRAVEL STOP #358,"I-78, EXIT 23",Hamburg,PA,208,3.857333,,
67164,FLYING J TRAVEL PLAZA #510,"I-15 , EXIT 188",Scipio,UT,835,3.689000,,
67165,SOMERSET TRAVEL CENTER,"I-76 , EXIT 110",Somerset,PA,14,4.219000,,
67166,Circle K #4705726,US-33,Carroll,OH,315,3.245667,,
67167,LOVES TRAVEL STOP #372,"I-84, EXIT 374",Ontario,OR,982,3.689000,,
67168,LOVES TRAVEL STOP #455,"I-70, EXIT 145",Ellis,KS,525,3.623000,,
67168,LOVES TRAVEL STOPS #455,"I-70, EXIT 145",Ellis,KS,525,3.689000,,
67169,JD ORANGEBURG,US-301/US-601/SR-4,Orangeburg,SC,135,3.342333,,
67170,FAST TRACK #410,"I-10, EXIT 258",Madison,FL,20,3.749000,,
67174,KWIK STAR #419,"US-218, EXIT 218",Charles City,IA,433,3.539000,,
67175,KWIK STAR #428,SR-9,Cresco,IA,515,3.524000,,
67178,KWIK STAR #701,US-63,Denver,IA,565,3.499000,,
67182,KWIK STAR #817,US-52 & SR-24,Calmar,IA,565,3.579000,,
67185,KWIK TRIP #385,SR-19/SR-3,Northfield,MN,451,3.499000,,
67186,KWIK TRIP #424,SR-15 & CR-26,Fairmont,MN,425,3.399000,,
67192,KWIK TRIP #464,US-63,Rochester,MN,515,3.540667,,
67193,KWIK TRIP #609,SR-16 & SR-43,Rushford,MN,515,3.499000,,
67195,KWIK TRIP #646,US-169 & CR-53,Blue Earth,MN,425,3.324000,,
67196,KWIK TRIP #753,US-14 & SR-42,Eyota,MN,515,3.615667,,
67200,KWIK TRIP #319,SR-13,Spencer,WI,395,3.475667,,
67202,KWIK TRIP #328,US-53 & SR-95,Blair,WI,295,3.237333,,
67204,KWIK TRIP #337,SR-65,New Richmond,WI,451,3.499000,,
67206,KWIK TRIP #352,US-53,Chippewa Falls,WI,295,3.407333,,
67207,KWIK TRIP #354,SR-26,Watertown,WI,420,3.372333,,
67208,KWIK TRIP #363,US-14 & CR-O,Richland Center,WI,420,3.389000,43.3151561,-90.3504983
67209,KWIK TRIP #386,SR-64,Merrill,WI,395,3.499000,,
67211,KWIK TRIP #392,SR-49/SR-23,Ripon,WI,582,3.390667,,
67219,KWIK TRIP #455,US-8 & SR-27,Ladysmith,WI,295,3.272333,,
67220,KWIK TRIP #456,"US-18/151, EXIT 79 & CR-PB",Verona,WI,420,3.579000,,
67221,KWIK TRIP #457,"I-41/US-41, EXIT 116 & SR-44/SR-91",Oshkosh,WI,582,3.290667,,
67223,KWIK TRIP #476,"US-53, EXIT 140",Rice Lake,WI,295,3.432333,,
67226,KWIK TRIP #494,US-53 & SR-35,Onalaska,WI,515,3.335667,,
67229,KWIK TRIP #740,SR-15,Hortonville,WI,582,3.509000,,
67230,KWIK TRIP #750,US-14/US-61/SR-35,La Crosse,WI,515,3.299000,,
67233,KWIK TRIP #807,US-10,Brillion,WI,582,3.365667,,
67234,KWIK TRIP #847,SR-33 & SR-82/SR-80,Wonewoc,WI,395,3.499000,,
67235,FLYING J TRAVEL PLAZA #507,I-35,Jarrell,TX,765,3.220667,,
67237,OUTPOST TRAVEL CENTER,US-79 & CR-111,Minden,LA,745,3.132333,,
67239,RELAY STATION,SR-1,Shreveport,LA,745,3.132333,,
67241,RELAY STATION 3,SR-175,Frierson,LA,745,3.259000,,
67242,SPEEDWAY #6940,"I-77, EXIT 85 & SR-268",Elkin,NC,65,2.859000,,
67243,LOVES TRAVEL STOP #386,"I-40, EXIT 9 & SR-95",Lake Havasu City,AZ,910,3.922333,,
67245,SPEEDWAY #4582,US-378,Conway,SC,205,3.089000,,
67246,SPEEDWAY #7941,US-17 & SR-24,Jacksonville,NC,245,3.325667,,
67247,CIRCLE K #4707512,"I-93, EXIT 47",Methuen,MA,170,3.799000,,
67248,SPEEDWAY #6962,"I-40, EXIT 303",Garner,NC,177,2.920667,,
67255,LOVES TRAVEL STOP #393,"I-55, EXIT 13",Mccomb,MS,620,3.239000,,
67262,PILOT TRAVEL CENTERS #497,"I-20, EXIT 165",Lincoln,AL,615,3.199000,,
67262,PILOT TRAVEL CENTER #497,"I-20, EXIT 165",Lincoln,AL,615,3.109000,,
67264,CIRCLE K #4707016,US-1,Princeton,ME,170,3.882333,,
67265,CIRCLE K #4707048,US-2,Lincoln,ME,170,3.732333,,
67269,ONVO TRAVEL PLAZA - GOULDSBORO,"I-380, EXIT 13 & SR-507",Gouldsboro,PA,200,3.585667,41.2437937,-75.4665969
67271,KWIK TRIP #330,US-169 & SR-25,Belle Plaine,MN,451,3.379000,47.4941796,-92.7278245
67272,PILOT TRAVEL CENTER #922- TOWN PUMP,US-2 & SR-40,Columbia Falls,MT,820,3.649000,,
67273,LOVES TRAVEL STOP #396,I-26 EXIT 76,Newberry,SC,30,3.415667,,
67274,KWIK STAR #790,"US-20, EXIT 275 & SR-13",Manchester,IA,335,3.562333,42.3909013,-91.4808036
67275,KWIK TRIP #481,US-61,Red Wing,MN,451,3.324000,,
67279,LOVES TRAVEL STOP #391,"I-74, EXIT 123",Saint Paul,IN,375,3.989000,,
67281,PARKERS SURRENCY #208,US-341/SR-27 & SR-121,Surrency,GA,195,3.585667,,
67282,RUTTERS #65,"I-81, EXIT 14 & US-11",Chambersburg,PA,70,4.399000,,
67283,PILOT #4597,"I-40, EXIT 258/SR-53",Gordonsville,TN,460,3.245667,,
67284,LOVES TRAVEL STOP #390,"I-80, EXIT 179",North Platte,NE,475,3.455667,,
67285,CASEY'S #4504,"I-35, EXIT 159 & CR-C47",Dows,IA,433,3.299000,42.6726702,-93.4827408
67292,LOVES TRAVEL STOP #304,"I-59, EXIT 174",Steele,AL,615,3.989000,,
67293,KWIK TRIP #367,SR-33/CR-A,Fox Lake,WI,582,3.245667,,
67294,MAPLEFIELDS,"I-87, EXIT 42/SR-11",Champlain,NY,300,3.799000,,
67296,LOVES TRAVEL STOP #340,"I-15, EXIT 64 & US-93",Las Vegas,NV,910,3.689000,,
67297,BAR-B,I-20 EXIT 370 & FM-919,Gordon,TX,637,2.932333,,
67298,SPEEDWAY #5360,US-42,London,OH,315,3.099000,,
67302,KUM & GO #0187,"I-90, EXIT 87",Sherburn,MN,440,3.187333,,
67303,KUM & GO #0615,"I-29, EXIT 15",Elk Point,SD,527,3.072333,,
67304,JACKRABBIT JUNCTION,"SR-60, EXIT 51 & CR-A22",Sibley,IA,521,3.265667,,
67305,RELAY STATION,"I-20, EXIT 3",Bethany,LA,745,3.122333,,
67306,150 QUICK STOP,US-150/SR-605,Bardstown,KY,415,3.172333,,
67307,CMS FUELING CENTER,I-69 EXIT 153 AT MILE 153,Lapeer,MI,342,3.899000,,
67308,FUEL STAR,SR-48,New Orleans,LA,619,3.279000,,
67311,HOLIDAY STATIONSTORE #2746409,US-53 & CR-13,Duluth,MN,334,3.499000,46.8528937,-92.2804033
67312,RHODES 101 STOP #790,"I-55, EXIT 91",Scott City,MO,275,3.424000,,
67313,Majors 660 Diboll Truck Plaza,US-59,Diboll,TX,610,2.832333,,
67316,LOVES TRAVEL STOP #302,US-287 & US-412,Boise City,OK,585,3.402333,,
67321,LOVES TRAVEL STOP #388,"I-55, EXIT 246 & SR-35",Batesville,MS,655,3.460667,34.3336711,-89.9354169
67322,LOVES TRAVEL STOP #398,"US-78, EXIT 81 & SR-178",Tupelo,MS,435,3.882333,,
67323,PUMP & PANTRY #13,US-281/SR-92,Saint Paul,NE,330,3.307333,,
67325,LOVES TRAVEL STOP #225,"I-65, EXIT 93 & US-84",Evergreen,AL,720,3.339000,,
67327,FLYING J #796,"QEW 2, EXIT 401",Red Deer,AB,80,4.731402,,
67327,FLYING J #796,"QEW 2, EXIT 401",Red Deer,AB,80,4.510940,,
67327,FLYING J #796,"QEW 2, EXIT 401",Red Deer,AB,80,4.518589,,
67327,FLYING J #796,"QEW 2, EXIT 401",Red Deer,AB,80,4.732446,,
67327,FLYING J #796,"QEW 2, EXIT 401",Red Deer,AB,80,4.730358,,
67327,FLYING J #796,"QEW 2, EXIT 401",Red Deer,AB,80,4.741168,,
67328,FLYING J #792,TCH 1 & HWY-542,Brooks,AB,50,4.730358,,
67328,FLYING J #792,TCH 1 & HWY-542,Brooks,AB,50,4.741168,,
67328,FLYING J #792,TCH 1 & HWY-542,Brooks,AB,50,4.741867,,
67328,FLYING J #792,TCH 1 & HWY-542,Brooks,AB,50,4.733840,,
67328,FLYING J #792,TCH 1 & HWY-542,Brooks,AB,50,4.732446,,
67328,FLYING J #792,TCH 1 & HWY-542,Brooks,AB,50,4.731402,,
67329,LOVES TRAVEL STOP #387,"I-85, EXIT 4",Fair Play,SC,16,3.212333,,
67331,LOVES TRAVEL STOP #227,"I-20 /I-59, EXIT 100 & SR-216",Mc Calla,AL,615,3.159000,,
67333,PILOT #880,"I-84, EXIT 1",Montague,NJ,105,3.999000,,
67334,KWIK TRIP #338,US-51,Plover,WI,395,3.299000,,
67335,TOP STOP MARKET,"I-24, EXIT 111",Manchester,TN,285,3.015667,,
67336,LOVES TRAVEL STOPS #342,"I-37, EXIT 72 & US-281",Three Rivers,TX,740,3.089000,,
67336,LOVES TRAVEL STOP #342,"I-37, EXIT 72 & US-281",Three Rivers,TX,740,3.169000,,
67337,KWIK TRIP #422,"I-94, EXIT 322",Oak Creek,WI,444,3.744000,,
67338,HUTCH'S #114,US-81,Enid,OK,337,2.999000,,
67340,MCCLURE,I-74 EXIT  34,Crawfordsville,IN,375,3.615667,,
67341,CASEYS #3898,"US-151, EXIT 49 & CR-E34",Anamosa,IA,380,3.359000,,
67342,One9 #1414,"I-81, EXIT 128",Elliston,VA,185,3.242333,,
67343,EAGLE EXPRESS,US-41,Peshtigo,WI,360,3.399000,,
67344,DODGE CITY SHELL,"I-65, EXIT 299",Hanceville,AL,615,3.952333,,
67345,STEELE SERVICE STATION,"I-59, EXIT 174",Steele,AL,587,3.889000,,
67348,LOVES TRAVEL STOP #389,I-90 EXIT 241,Conneaut,OH,305,3.849000,,
67350,DE PERE SUPER STORE,US-41,De Pere,WI,360,3.255667,,
67356,PRIDE CONVENIENCE STORE,"I-91, EXIT 8 & US-20",Springfield,MA,100,3.559000,,
67357,LOVES TRAVEL STOP #353,"I-29, EXIT 62",Fargo,ND,341,3.525667,,
67358,KWIK TRIP #453,SR-35/SR-65,River Falls,WI,451,3.447333,44.8678483,-92.6063842
67359,SAGE HILL TRAVEL CENTER,"I-15, EXIT 89 & US-91",Blackfoot,ID,825,3.569000,43.2098861,-112.3201134
67360,BP,"I-95/SR-405, EXIT 49 & SR-251",Darien,GA,195,3.539000,,
67361,SUMNER TRUCK STOP,SR-167,Sumner,WA,977,4.299000,,
67362,TA Glenrio,"I-40, Exit 369 & SR-392",San Jon,NM,585,3.899000,,
67364,KWIK TRIP #373,"I-94, EXIT 295",Waukesha,WI,444,3.457333,,
67365,KWIK TRIP #491,US-151,Manitowoc,WI,582,3.382333,,
67366,KWIK TRIP #499,"I-43, EXIT 57",New Berlin,WI,444,3.490667,,
67367,KWIK TRIP #757,US-14/US-61/SR-27,Viroqua,WI,515,3.359000,,
67368,KWIK TRIP #653,"I-39, EXIT 87 & US-51/SR-16",Portage,WI,420,3.274000,,
67369,KENOSHA TRAVEL PLAZA,"I-94, EXIT 340/US-41 & SR-142",Kenosha,WI,444,3.719000,,
67370,CIRCLE M #43,US-441/US-23/SR-15,Rabun Gap,GA,30,3.549000,,
67371,PARAMOUNT TRAVEL PLAZA,"I-30, EXIT 46 & SR-19",Prescott,AR,635,3.379000,,
67380,MILLERS TRAVEL CENTER,"I-80, EXIT 1",Wendover,UT,835,3.599000,,
67381,ENMARKET #875,US-78 & US-21,Branchville,SC,195,3.265667,,
67382,CORNER PANTRY TRAVEL PLAZA,SR-79 & SR-40,Hermosa,SD,506,3.299000,,
67383,FRIENDSHIP FOOD MART #96,SR-101/SR- 2,Sandusky,OH,550,3.529000,,
67389,COUCHE-TARD,"H-20, EXIT 145",Saint-Liboire,QC,300,4.730358,,
67389,COUCHE-TARD,"H-20, EXIT 145",Saint-Liboire,QC,300,4.732446,,
67389,COUCHE-TARD,"H-20, EXIT 145",Saint-Liboire,QC,300,4.731402,,
67389,COUCHE-TARD,"H-20, EXIT 145",Saint-Liboire,QC,300,4.733840,,
67389,COUCHE-TARD,"H-20, EXIT 145",Saint-Liboire,QC,300,4.741168,,
67389,COUCHE-TARD,"H-20, EXIT 145",Saint-Liboire,QC,300,4.741867,,
67391,SHOEMAKERS SHELL TRAVEL CENTER,I-80 EXIT 395 AT MILE 395,Lincoln,NE,413,3.349000,,
67393,LOVES TRAVEL STOP #280,"I-10, EXIT 114",Buckeye,AZ,930,3.569000,,
67394,Circle K #2745133,US-23 & SR-38,Waycross,GA,75,3.399000,,
67395,KUM & GO #0267,"I-80, EXIT 267 & SR 38",Tipton,IA,380,2.982333,,
67396,Q C MART,US-61 & CR-E63,Welton,IA,270,3.699000,,
67397,EXPRESS LANE #51,I-80 EXIT 93 ROUTE 71,Ottawa,IL,290,3.899000,,
67397,EXPRESS LANE #51,I-80 EXIT 93 ROUTE 71,Ottawa,IL,290,3.599000,,
67398,CASEYS #3998,SR-13 & HWY-C,Lowry City,MO,400,3.249000,,
67400,SPEEDWAY #3547,I-75 & 696,Lima,OH,411,3.499000,,
67401,QUIKTRIP #973,"I-45, EXIT 272",Hutchins,TX,630,2.882333,,
67402,TA EXPRESS HOT SPRINGS,US-395/US-18 & SR-79,Hot Springs,SD,506,3.299000,,
67404,Meskwaki Travel Plaza,HIGHWAY 30 E,Tama,IA,486,3.234000,,
67405,ANTELOPE TRUCK STOP,"I-80, EXIT 386",Burns,WY,795,3.199000,,
67406,GETGO #3701,"I-99, EXIT 23",East Freedom,PA,14,4.099000,,
67408,STOCKTON TRAVEL CENTER,US-20/SR-78,Stockton,IL,520,3.599000,,
67409,XTRA MART #7025,SR-146,Sutton,MA,175,3.649000,,
67410,STRIPES #40532,US-83 & US-277,Carrizo Springs,TX,740,3.349000,,
67411,LOVES TRAVEL STOP #226,"I-25, EXIT 104",Pueblo,CO,803,3.619000,,
67414,PILOT TRAVEL CENTERS #590,"I-94, EXIT 100",Alexandria,MN,250,3.465667,,
67416,CASEYS #4025,US-61/SR-92,Muscatine,IA,380,3.299000,,
67417,QUIKTRIP #444,"I-10 EXIT, 139",Phoenix,AZ,930,3.369000,,
67418,KUM & GO #0080,"US-218/SR-27, EXIT 80 & SR-22",Riverside,IA,380,3.097333,,
67419,LOVES TRAVEL STOP #359,"I-75, EXIT 283",Cartersville,GA,18,3.555667,,
67420,LOVES TRAVEL STOP #369,I-40 EXIT 163 & SR-48,Dickson,TN,460,3.175667,,
67421,LOVES TRAVEL STOP #375,US-79/SR-6 & FM-485,Hearne,TX,670,3.489000,,
67422,KUM & GO #0137,"I-80, EXIT 237",Tiffin,IA,380,3.099000,,
67423,FIRELAKE GRAND TRAVEL PLAZA,"I-40, EXIT 178 & SR-102",Shawnee,OK,483,2.899000,,
67424,FLORIDA 595 TRUCK STOP,"I-595/SR-84, EXIT 9 & US-441",Fort Lauderdale,FL,64,3.769000,,
67425,LITTLEFIELD EXPRESS #15,"US-67, EXIT 55 & SR-258",Bald Knob,AR,695,3.309000,,
67426,Spearville Truck Stop,"I-56, 126 RD",Spearville,KS,570,3.465667,,
67427,CASEYS #2907,I-57 & I-62,Charleston,MO,275,3.044000,,
67428,CONOCO,"I-95, EXIT 12",Carteret,NJ,79,3.499000,,
67429,7-ELEVEN #40396,"NJTP, EXIT 8A",Monroe Township,NJ,115,3.559000,,
67431,SPARKYS ONE STOP #32,I-30 & CR 33,Carroll,IA,320,3.232333,,
67432,PILOT TRAVEL CENTERS #471,US-27 & US-17,Haines City,FL,140,3.559000,,
67432,PILOT TRAVEL CENTER #471,US-27 & US-17,Haines City,FL,140,3.569000,,
67434,SHELL FOOD MART,"I-35, EXIT 54",Cameron,MO,400,2.990667,,
67435,7 ELEVEN #40122,I-95 MM2,Newark,DE,160,3.459000,,
67436,7-ELEVEN #40069,"I-81, EXIT 29",Shippensburg,PA,70,3.422333,,
67437,CANDIA FIRST STOP,"SR-101, EXIT 3",Candia,NH,170,3.899000,,
67438,LOVES TRAVEL STOP #363,"I-75, EXIT 358 & SR-326",Ocala,FL,225,3.353000,,
67438,LOVES TRAVEL STOPS #363,"I-75, EXIT 358 & SR-326",Ocala,FL,225,3.329000,,
67439,LOVES TRAVEL STOPS #380,US-287/SR-114,Rhome,TX,630,3.089000,33.0646641,-97.5140371
67439,LOVES TRAVEL STOP #380,US-287/SR-114,Rhome,TX,630,3.161000,33.0646641,-97.5140371
67440,PILOT TRAVEL CENTERS #503,"I-79, EXIT 146 & CR-77",Morgantown,WV,165,4.059000,,
67442,PILOT #4598,I-75 EXIT 56,Niota,TN,285,3.599000,,
67443,PILOT #4599,"I-24, EXIT 135",Monteagle,TN,285,3.335667,,
67453,PETRO-CANADA,HWY 63 N,Fort Mcmurray,AB,85,3.953690,,
67453,PETRO-CANADA,HWY 63 N,Fort Mcmurray,AB,85,3.904575,,
67453,PETRO-CANADA,HWY 63 N,Fort Mcmurray,AB,85,3.903999,,
67453,PETRO-CANADA,HWY 63 N,Fort Mcmurray,AB,85,3.811571,,
67453,PETRO-CANADA,HWY 63 N,Fort Mcmurray,AB,85,3.979502,,
67453,PETRO-CANADA,HWY 63 N,Fort Mcmurray,AB,85,3.813254,,
67455,PETRO-CANADA,HWY 16 E,Lloydminster,AB,80,3.950782,,
67455,PETRO-CANADA,HWY 16 E,Lloydminster,AB,80,3.959810,,
67455,PETRO-CANADA,HWY 16 E,Lloydminster,AB,80,3.952526,,
67455,PETRO-CANADA,HWY 16 E,Lloydminster,AB,80,3.960394,,
67459,PETRO-CANADA,HWY 43,Valleyview,AB,80,3.950782,,
67459,PETRO-CANADA,HWY 43,Valleyview,AB,80,3.673172,,
67459,PETRO-CANADA,HWY 43,Valleyview,AB,80,3.959810,,
67459,PETRO-CANADA,HWY 43,Valleyview,AB,80,3.675064,,
67459,PETRO-CANADA,HWY 43,Valleyview,AB,80,3.952526,,
67459,PETRO-CANADA,HWY 43,Valleyview,AB,80,3.960394,,
67460,PETRO-CANADA,HWY 1,Abbotsford,BC,800,4.229202,,
67460,PETRO-CANADA,HWY 1,Abbotsford,BC,800,4.239492,,
67460,PETRO-CANADA,HWY 1,Abbotsford,BC,800,4.099338,,
67460,PETRO-CANADA,HWY 1,Abbotsford,BC,800,4.231069,,
67463,PETRO-CANADA,"HWY 1, EXIT 109 N",Chilliwack,BC,800,4.323221,,
67463,PETRO-CANADA,"HWY 1, EXIT 109 N",Chilliwack,BC,800,4.257983,,
67463,PETRO-CANADA,"HWY 1, EXIT 109 N",Chilliwack,BC,800,4.009415,,
67463,PETRO-CANADA,"HWY 1, EXIT 109 N",Chilliwack,BC,800,4.350489,,
67463,PETRO-CANADA,"HWY 1, EXIT 109 N",Chilliwack,BC,800,4.257044,,
67463,PETRO-CANADA,"HWY 1, EXIT 109 N",Chilliwack,BC,800,4.314632,,
67469,PETRO-CANADA,HWY 1 N,Brandon,MB,900,3.563614,,
67469,PETRO-CANADA,HWY 1 N,Brandon,MB,900,3.737116,,
67469,PETRO-CANADA,HWY 1 N,Brandon,MB,900,3.700203,,
67469,PETRO-CANADA,HWY 1 N,Brandon,MB,900,3.729691,,
67469,PETRO-CANADA,HWY 1 N,Brandon,MB,900,3.645324,,
67469,PETRO-CANADA,HWY 1 N,Brandon,MB,900,3.736565,,
67476,PETRO-CANADA,"HWY 401, EXIT 275 N",Kitchener,ON,430,3.393941,,
67476,PETRO-CANADA,"HWY 401, EXIT 275 N",Kitchener,ON,430,3.395440,,
67476,PETRO-CANADA,"HWY 401, EXIT 275 N",Kitchener,ON,430,3.340714,,
67476,PETRO-CANADA,"HWY 401, EXIT 275 N",Kitchener,ON,430,3.338994,,
67476,PETRO-CANADA,"HWY 401, EXIT 275 N",Kitchener,ON,430,3.401697,,
67476,PETRO-CANADA,"HWY 401, EXIT 275 N",Kitchener,ON,430,3.430109,,
67477,PETRO-CANADA,HWY 7 N,Brampton,ON,720,3.449625,,
67477,PETRO-CANADA,HWY 7 N,Brampton,ON,720,3.645324,,
67477,PETRO-CANADA,HWY 7 N,Brampton,ON,720,3.485414,,
67477,PETRO-CANADA,HWY 7 N,Brampton,ON,720,3.673983,,
67477,PETRO-CANADA,HWY 7 N,Brampton,ON,720,3.709206,,
67477,PETRO-CANADA,HWY 7 N,Brampton,ON,720,3.396439,,
67478,PETRO-CANADA,HWY 601 N,Dryden,ON,900,4.063943,,
67478,PETRO-CANADA,HWY 601 N,Dryden,ON,900,3.981552,,
67478,PETRO-CANADA,HWY 601 N,Dryden,ON,900,4.071433,,
67478,PETRO-CANADA,HWY 601 N,Dryden,ON,900,4.062150,,
67478,PETRO-CANADA,HWY 601 N,Dryden,ON,900,4.072033,,
67478,PETRO-CANADA,HWY 601 N,Dryden,ON,900,3.979502,,
67484,PETRO-CANADA,HWY 1 & HWY 207,Dugald,MB,900,3.563614,,
67484,PETRO-CANADA,HWY 1 & HWY 207,Dugald,MB,900,3.737116,,
67484,PETRO-CANADA,HWY 1 & HWY 207,Dugald,MB,900,3.560993,,
67484,PETRO-CANADA,HWY 1 & HWY 207,Dugald,MB,900,3.561779,,
67484,PETRO-CANADA,HWY 1 & HWY 207,Dugald,MB,900,3.729691,,
67484,PETRO-CANADA,HWY 1 & HWY 207,Dugald,MB,900,3.736565,,
67500,PETRO-CANADA,HWY 63,Fort Mcmurray,AB,85,4.183055,,
67500,PETRO-CANADA,HWY 63,Fort Mcmurray,AB,85,4.063046,,
67500,PETRO-CANADA,HWY 63,Fort Mcmurray,AB,85,4.062150,,
67500,PETRO-CANADA,HWY 63,Fort Mcmurray,AB,85,3.904575,,
67500,PETRO-CANADA,HWY 63,Fort Mcmurray,AB,85,4.063943,,
67500,PETRO-CANADA,HWY 63,Fort Mcmurray,AB,85,3.981552,,
67503,PETRO-CANADA,HWY-43,Grande Prairie,AB,80,3.673172,,
67503,PETRO-CANADA,HWY-43,Grande Prairie,AB,80,3.932484,,
67503,PETRO-CANADA,HWY-43,Grande Prairie,AB,80,3.675064,,
67503,PETRO-CANADA,HWY-43,Grande Prairie,AB,80,3.876093,,
67506,PETRO-CANADA,"HWY 2, EXIT 268",Calgary,AB,50,4.016214,,
67506,PETRO-CANADA,"HWY 2, EXIT 268",Calgary,AB,50,4.071433,,
67506,PETRO-CANADA,"HWY 2, EXIT 268",Calgary,AB,50,3.870102,,
67506,PETRO-CANADA,"HWY 2, EXIT 268",Calgary,AB,50,3.868109,,
67506,PETRO-CANADA,"HWY 2, EXIT 268",Calgary,AB,50,4.008234,,
67506,PETRO-CANADA,"HWY 2, EXIT 268",Calgary,AB,50,3.867256,,
67508,PETRO-CANADA,HWY-15,Fort Saskatchewan,AB,80,3.728045,,
67508,PETRO-CANADA,HWY-15,Fort Saskatchewan,AB,80,3.563614,,
67508,PETRO-CANADA,HWY-15,Fort Saskatchewan,AB,80,3.932484,,
67508,PETRO-CANADA,HWY-15,Fort Saskatchewan,AB,80,3.959810,,
67508,PETRO-CANADA,HWY-15,Fort Saskatchewan,AB,80,3.868109,,
67508,PETRO-CANADA,HWY-15,Fort Saskatchewan,AB,80,3.924672,,
67540,PETRO-CANADA,"HWY-97, SMITH AVE EXIT",Quesnel,BC,850,4.591148,,
67540,PETRO-CANADA,"HWY-97, SMITH AVE EXIT",Quesnel,BC,850,4.455215,,
67540,PETRO-CANADA,"HWY-97, SMITH AVE EXIT",Quesnel,BC,850,4.602319,,
67540,PETRO-CANADA,"HWY-97, SMITH AVE EXIT",Quesnel,BC,850,4.452920,,
67540,PETRO-CANADA,"HWY-97, SMITH AVE EXIT",Quesnel,BC,850,4.593175,,
67540,PETRO-CANADA,"HWY-97, SMITH AVE EXIT",Quesnel,BC,850,4.601640,,
67543,PETRO-CANADA,HWY 97,Fort St John,BC,850,4.648883,,
67543,PETRO-CANADA,HWY 97,Fort St John,BC,850,4.232315,,
67543,PETRO-CANADA,HWY 97,Fort St John,BC,850,4.434206,,
67543,PETRO-CANADA,HWY 97,Fort St John,BC,850,4.230135,,
67543,PETRO-CANADA,HWY 97,Fort St John,BC,850,4.229202,,
67543,PETRO-CANADA,HWY 97,Fort St John,BC,850,4.351131,,
67550,PETRO-CANADA,QEW EXIT 88/89,Hamilton,ON,430,3.653387,,
67550,PETRO-CANADA,QEW EXIT 88/89,Hamilton,ON,430,3.617476,,
67550,PETRO-CANADA,QEW EXIT 88/89,Hamilton,ON,430,3.652848,,
67550,PETRO-CANADA,QEW EXIT 88/89,Hamilton,ON,430,3.619339,,
67550,PETRO-CANADA,QEW EXIT 88/89,Hamilton,ON,430,3.646128,,
67550,PETRO-CANADA,QEW EXIT 88/89,Hamilton,ON,430,3.588835,,
67556,PETRO-CANADA,"HWY 401, EXIT 611",Kingston,ON,410,3.757546,,
67556,PETRO-CANADA,"HWY 401, EXIT 611",Kingston,ON,410,3.756716,,
67556,PETRO-CANADA,"HWY 401, EXIT 611",Kingston,ON,410,3.820282,,
67556,PETRO-CANADA,"HWY 401, EXIT 611",Kingston,ON,410,3.755887,,
67556,PETRO-CANADA,"HWY 401, EXIT 611",Kingston,ON,410,3.480027,,
67556,PETRO-CANADA,"HWY 401, EXIT 611",Kingston,ON,410,3.765026,,
67560,PETRO-CANADA,"HWY-401, EXIT 320 & HWY-8",Milton,ON,970,3.393941,,
67560,PETRO-CANADA,"HWY-401, EXIT 320 & HWY-8",Milton,ON,970,3.396439,,
67560,PETRO-CANADA,"HWY-401, EXIT 320 & HWY-8",Milton,ON,970,3.458019,,
67560,PETRO-CANADA,"HWY-401, EXIT 320 & HWY-8",Milton,ON,970,3.451148,,
67560,PETRO-CANADA,"HWY-401, EXIT 320 & HWY-8",Milton,ON,970,3.457509,,
67560,PETRO-CANADA,"HWY-401, EXIT 320 & HWY-8",Milton,ON,970,3.394690,,
67566,CIRCLE K,"HWYY 407, EXIT 48",Mississauga,ON,720,3.317981,,
67566,CIRCLE K,"HWYY 407, EXIT 48",Mississauga,ON,720,3.226889,,
67566,CIRCLE K,"HWYY 407, EXIT 48",Mississauga,ON,720,3.257127,,
67566,CIRCLE K,"HWYY 407, EXIT 48",Mississauga,ON,720,3.234741,,
67566,CIRCLE K,"HWYY 407, EXIT 48",Mississauga,ON,720,3.227601,,
67566,CIRCLE K,"HWYY 407, EXIT 48",Mississauga,ON,720,3.228314,,
67568,PETRO-CANADA,"HWY 403, EXIT 109",Burlington,ON,970,3.310415,,
67568,PETRO-CANADA,"HWY 403, EXIT 109",Burlington,ON,970,3.311146,,
67568,PETRO-CANADA,"HWY 403, EXIT 109",Burlington,ON,970,3.318470,,
67568,PETRO-CANADA,"HWY 403, EXIT 109",Burlington,ON,970,3.312852,,
67568,PETRO-CANADA,"HWY 403, EXIT 109",Burlington,ON,970,3.311877,,
67570,PETRO-CANADA,"HWY-401, EXIT 328 & HWY-3",Hornby,ON,970,3.395440,,
67570,PETRO-CANADA,"HWY-401, EXIT 328 & HWY-3",Hornby,ON,970,3.338994,,
67570,PETRO-CANADA,"HWY-401, EXIT 328 & HWY-3",Hornby,ON,970,3.588835,,
67570,PETRO-CANADA,"HWY-401, EXIT 328 & HWY-3",Hornby,ON,970,3.340714,,
67570,PETRO-CANADA,"HWY-401, EXIT 328 & HWY-3",Hornby,ON,970,3.430109,,
67570,PETRO-CANADA,"HWY-401, EXIT 328 & HWY-3",Hornby,ON,970,3.429603,,
67571,PETRO-CANADA,"HWY 401, EXIT 14",Windsor,ON,620,3.373792,,
67571,PETRO-CANADA,"HWY 401, EXIT 14",Windsor,ON,620,3.402199,,
67571,PETRO-CANADA,"HWY 401, EXIT 14",Windsor,ON,620,3.366099,,
67571,PETRO-CANADA,"HWY 401, EXIT 14",Windsor,ON,620,3.534711,,
67571,PETRO-CANADA,"HWY 401, EXIT 14",Windsor,ON,620,3.452164,,
67571,PETRO-CANADA,"HWY 401, EXIT 14",Windsor,ON,620,3.311146,,
67603,FLYING J #862,"HWY 401, EXIT 268",Ayr,ON,200,4.453903,,
67603,FLYING J #862,"HWY 401, EXIT 268",Ayr,ON,200,4.462770,,
67603,FLYING J #862,"HWY 401, EXIT 268",Ayr,ON,200,4.452920,,
67603,FLYING J #862,"HWY 401, EXIT 268",Ayr,ON,200,4.451938,,
67603,FLYING J #862,"HWY 401, EXIT 268",Ayr,ON,200,4.462112,,
67603,FLYING J #862,"HWY 401, EXIT 268",Ayr,ON,200,4.455215,,
67612,FLYING J TRAVEL PLAZA #914- TOWN PUMP,"I-90, EXIT 96 & US-93/SR-200",Missoula,MT,820,3.609000,,
67613,KWIK STAR #490,"US-20, EXIT 225 & SR-27/SR-58",Cedar Falls,IA,565,3.524000,,
67614,KWIK TRIP #622,US-14 & CR-5,Byron,MN,515,3.574000,44.0284512,-92.6481899
67615,KWIK TRIP #844,US-63,Lake City,MN,515,3.549000,,
67616,KWIK TRIP #887,"US-41, EXIT 139 & SR-15",Appleton,WI,582,3.302333,,
67617,Twice Daily Convenience Store #8046,"I-24, EXIT 31 & SR-249",Joelton,TN,460,3.349000,,
67618,7-ELEVEN #40441,I-80 MM 21E,West Unity,OH,550,3.662333,,
67619,7-ELEVEN #40442,"I-80, MM 21W",West Unity,OH,550,3.662333,,
67620,LOVES TRAVEL STOP #452,"I-35, EXIT 70",Pauls Valley,OK,253,3.649000,,
67621,FLYING J TRAVEL PLAZA #925- TOWN PUMP,"I-15, EXIT 277",Great Falls,MT,815,3.635667,,
67622,LOVES TRAVEL STOP #454,"I-5/US-12, EXIT 72",Chehalis,WA,977,4.589000,,
67623,LOVES TRAVEL STOP #301,"I-90, EXIT 2",Post Falls,ID,970,3.745667,,
67624,LOVES TRAVEL STOP #300,I-70 EXIT 304,Bennett,CO,800,3.325667,,
67625,LOVES TRAVEL STOP #453,"I-10, EXIT 130 & US-231",Cottondale,FL,20,3.553000,,
67625,LOVES TRAVEL STOPS #453,"I-10, EXIT 130 & US-231",Cottondale,FL,20,3.589000,,
67626,KWIK TRIP #316,SR-15 N/SR-22 E,Hutchinson,MN,451,3.279000,,
67627,PILOT #4556,"I-75, EXIT 329",Wildwood,FL,225,3.225667,,
67627,PILOT TRAVEL CENTER #4556,"I-75, EXIT 329",Wildwood,FL,225,3.319000,,
67628,LOVES TRAVEL STOP #394,"I-65,EXIT 230",Demotte,IN,365,3.512333,,
67629,KWIK TRIP #681,"I-94, EXIT 205",Saint Michael,MN,451,3.297333,,
67630,KWIK TRIP #630,US-151/SR-32/SR-57,Chilton,WI,582,3.365667,,
67634,54 TRUCK STOP,US-54,Mullinville,KS,357,3.465667,,
67635,LOVES TRAVEL STOP #456,I-280 EXIT 1B,Perrysburg,OH,550,3.760667,,
67636,LOVES TRAVEL STOPS #258,"I-35, EXIT 183",Ottawa,KS,336,3.239000,,
67636,LOVES TRAVEL STOP #258,"I-35, EXIT 183",Ottawa,KS,336,3.263000,,
67637,Power Gas & Truck Stop,US-1/US-9/US-46 & SR-5,Palisades Park,NJ,115,3.219000,40.8502843,-73.9864825
67641,DANIEL BOONE TRAVEL CENTER,US-23 /US-421/US-58 & SR-871,Duffield,VA,405,3.557333,,
67642,GO MART FOOD STORE #103,SR-16 & CR 50/39,Ellenboro,WV,44,3.699000,,
67643,QUALITY MART #62,I-77 EXIT 82,Jonesville,NC,65,2.859000,,
67644,PARKERS #31 (DISCOUNT AVAILABLE),US-80/SR-26 & US-280,Ellabell,GA,195,3.032333,32.1970798,-81.4381437
67645,CIRCLE K #2721416,US-441 & SR-20,Gainesville,FL,75,3.899000,,
67647,BUCHS TRUCK STOP,SR-7,Steubenville,OH,542,3.692333,,
67650,VIRGINIA FAST STOP,SR-78 & SR-125,Virginia,IL,318,3.759000,39.9534271,-90.2073919
67651,SIMMONS,US-60/SR-21,Ellsinore,MO,275,3.424000,,
67652,ON THE GO TRAVEL CENTER,"I-435, EXIT 8",Kansas City,KS,400,3.999000,,
67655,CIRCLE K #2706627,"I-10, EXIT 261",Slidell,LA,725,3.189000,,
67656,KWIK TRIP #888,US-10/US-49 & SR-54,Waupaca,WI,395,3.457333,,
67657,KWIK TRIP #463,US-52/SR-60,Zumbrota,MN,515,3.524000,,
67658,MIRABITO #41,I-81 EXIT 13,Tully,NY,12,4.299000,,
67664,CEFCO #16,SR-171,Godley,TX,637,2.982333,,
67665,ALL STAR,US-75 N,Sabetha,KS,553,3.499000,,
67666,5 STAR TRUCK STOP,"I-44, EXIT 137",Oklahoma City,OK,483,2.879000,,
67668,ADVENTURE TRUCK PLAZA,SR-3185 & SR-3107,Thibodaux,LA,623,3.399000,,
67669,ONE9 #1271,SR-86,Thermal,CA,900,4.299000,,
67669,CHEVRON DBA ONE9 #1271,SR-86,Thermal,CA,900,4.259000,,
67676,VALERO,"I-530/US-65, EXIT 34 & SR-365",White Hall,AR,695,3.165667,,
67677,BIGGAS TRUCK STOP,US-190/SR-6 & FM-2818,Bryan,TX,670,3.199000,,
67678,7-ELEVEN #40301,I-90/I-80,Genoa,OH,550,3.662333,,
67682,CASEYS #2739,1323 E MAIN ST,Beloit,KS,336,3.359000,39.4587777,-98.0927496
67683,CASEYS #2734,"I-80, EXIT 222",Cozad,NE,330,3.032333,,
67684,CASEYS #2490,"I-35, EXIT 124 & US-69",Story City,IA,320,3.062333,,
67685,CASEYS #2792,"I-380/US-218, EXIT 13",Cedar Rapids,IA,380,3.499000,,
67686,CASEYS #2956,"I-315/US-81, EXIT 40",Hesston,KS,570,3.199000,,
67690,CEFCO #64,ST RT 14,Mexia,TX,765,3.099000,,
67695,MOREHEAD TRUCKSTOP,"I-64, EXIT 133 & SR- 801",Morehead,KY,255,3.599000,38.1379427,-83.5493056
67697,FLORENCE TRAVEL PLAZA,"I-95, EXIT 150",Timmonsville,SC,42,3.999000,,
67698,FRONTIER TRAVEL CENTER,US-12 & US-85,Bowman,ND,807,3.532333,,
67699,GAP FARMS TRAVEL CENTER,"I-20, EXIT 69 & SR-151",Arcadia,LA,590,3.249000,,
67701,MARATHON,"I-94, EXIT 331",Casselton,ND,341,3.315667,,
67702,SPEEDWAY #6539,US-41/SR-45 & SR-52,Land O Lakes,FL,225,3.495667,,
67703,SPEEDWAY #6880,CR-611,Clearwater,FL,225,3.377333,,
67705,CITGO,US-1,North Brunswick,NJ,115,3.185667,,
67706,SPEEDWAY #3495,US-1/9,Elizabeth,NJ,115,3.599000,40.6468618,-74.1898723
67707,SPEEDWAY #3503,"I-95, EXIT 13 & I-278/US-1/US-9",Linden,NJ,115,3.429000,,
67711,HOUMA COTEAU TRAVEL PLAZA,I-90/SR-20,Houma,LA,725,3.062333,,
67712,CASEYS #3810,"I-29, EXIT 132 & US-14",Volga,SD,530,3.279000,44.3260517,-96.9278564
67715,HUTCH'S #109,"I-40, EXIT 38",Elk City,OK,483,2.969000,,
67716,HWY 19 SCALE,"SR-19/I-35, EXIT 66",Gaylord,MN,425,3.465667,,
67718,SUNSTOP #622,SR-52 & SR-167,Hartford,AL,715,3.599000,,
67720,REFUEL #1046,"I-20, EXIT 116 & US-15",Bishopville,SC,42,3.309000,,
67721,J AND D COUNTRYSIDE MARTHON,SR-76 & SR-173,Poplar Grove,IL,520,3.499000,42.3712091,-88.8515398
67723,JET FOOD STORE #80,US-221/SR-135 & SR-206,Douglas,GA,10,3.457333,,
67724,LOVES TRAVEL STOP #458,"I-44, EXIT 88",Strafford,MO,416,3.372333,,
67726,SPEEDWAY #7909,"US-264, EXIT 73",Greenville,NC,205,3.132333,,
67727,SPEEDWAY #7907,US-264 & SR-33,Greenville,NC,205,2.944000,,
67728,SPEEDWAY #7905,SR-43 & SR-118,Vanceboro,NC,205,3.375667,35.3124560,-77.1612549
67729,SPEEDWAY #6981,US-301 BYP,Rocky Mount,NC,177,3.432333,,
67732,Quik Pik,US-275 & SR-9,West Point,NE,470,3.215667,,
67734,TROTTER TRUCK PLAZA,ST 11,Ord,NE,330,3.299000,,
67735,Fast Fuel,US-81/SR-3,Kingfisher,OK,483,3.190667,,
67736,SPEEDWAY #9855,I-10 EXIT 49,Fabens,TX,640,3.235667,,
67738,SUPER JACK TRUCK STOP,US-84,Brookhaven,MS,620,3.115667,,
67739,STRIPES #40819,SR-359,Orange Grove,TX,625,3.065667,,
67742,STRIPES 7FLEET #42514,"I-20, EXIT 138",Midland,TX,710,3.459000,,
67743,STRIPES 7FLEET #42506,US-380 & US-277,Haskell,TX,575,3.539000,33.1537210,-99.7339357
67744,STRIPES #40715,SR-107,La Villa,TX,639,3.169000,,
67745,STRIPES #40628,"I-2, EXIT 134 & US-83",Mission,TX,639,3.259000,,
67746,STRIPES #40598,I-2/US-83,Mission,TX,639,2.869000,,
67747,STRIPES 7FLEET #42424,US-87/US-190,Brady,TX,740,3.599000,,
67748,STRIPES 7FLEET #42428,"I-20 EXIT, 115",Odessa,TX,710,3.069000,,
67749,STRIPES 7FLEET #42436,I-20 EXIT 134,Midland,TX,612,3.065667,,
67750,STRIPES #40729,FM-511 & FM-802,Brownsville,TX,598,2.999000,,
67753,STRIPES #40892,SR-359 & SR-16,Hebbronville,TX,625,3.285667,,
67754,Refuel #185,US-220,Stokesdale,NC,65,3.699000,,
67755,BLUE WATER #12,"I-526, EXIT 23",Charleston,SC,42,3.232333,,
67757,KEITH'S SUPERSTORE,"I-59, I-20, EXIT 160",Meridian,MS,705,3.049000,,
67758,CLARKS PUMP N SHOP #47,SR-10/SR-9,Vanceburg,KY,312,3.599000,38.5879481,-83.3813230
67762,CEFCO #2008,US-83/US-62 & US-287,Childress,TX,770,2.915667,,
67763,SHELL,US-72,Mount Pleasant,MS,435,3.399000,,
67764,NINNEKAH TRUCK STOP,US-277/US-81 & SR-19,Ninnekah,OK,483,3.229000,34.9785659,-97.9522840
67766,STOP IN Food Store #8143,US-221/US-460 & SR-607,Montvale,VA,185,3.365667,,
67768,SHELL,US-60 & SR-657,Lewisport,KY,487,3.499000,,
67769,PETRO-CANADA,HWY 1,Whitehorse,YT,503,4.008234,,
67769,PETRO-CANADA,HWY 1,Whitehorse,YT,503,4.015622,,
67769,PETRO-CANADA,HWY 1,Whitehorse,YT,503,4.016214,,
67769,PETRO-CANADA,HWY 1,Whitehorse,YT,503,4.007350,,
67769,PETRO-CANADA,HWY 1,Whitehorse,YT,503,4.006466,,
67769,PETRO-CANADA,HWY 1,Whitehorse,YT,503,3.925827,,
67771,DUCK THRU FOOD STORE #26,"I-95, EXIT 154 & SR-308 & SR-11/SR-42",Lewiston Woodville,NC,177,3.399000,,
67772,STEVES SHELL,"I-55, EXIT 42",Brookhaven,MS,620,3.199000,,
67774,7-ELEVEN #39329,I-278/US-1,Linden,NJ,79,3.375667,,
67777,CIRCLE K #2721270,"I-95, EXIT 358B, SR-105",Jacksonville,FL,75,3.342333,,
67779,REATA PETROLEUM,I-76 & BARLOW RD,Fort Morgan,CO,800,3.439000,,
67782,SAMS MART #45,"I-40, EXIT 24 & SR-209",Waynesville,NC,405,3.599000,,
67783,RUTTERS #4,US-30 & SR-1016/2011,Wrightsville,PA,70,3.989000,,
67784,HAVANA CONVENIENCE,US-136,Havana,IL,368,3.799000,,
67787,PWI #109,"I-20, EXIT 126",Midland,TX,710,2.999000,,
67789,BEAR RIVER VALLEY CO OP,SR-13/SR-83,Corinne,UT,835,3.419000,,
67791,KINGSPORT TRUCK STOP,"I-81, EXIT 63",Kingsport,TN,405,3.899000,,
67792,CUBBYS #113,US-20/US-275,Oneill,NE,470,3.225667,42.4550130,-98.6328495
67793,PILOT TRAVEL CENTER #131,"I-35, EXIT 34",Osceola,IA,320,3.459000,,
67793,PILOT TRAVEL CENTERS #131,"I-35, EXIT 34",Osceola,IA,320,3.439000,,
67794,ROAD RANGER #181,"I-55, EXIT 90",Springfield,IL,318,3.299000,,
67794,ROAD RANGER #181,"I-55, EXIT 90",Springfield,IL,318,3.399000,,
67794,ROAD RANGER #181,"I-55, EXIT 90",Springfield,IL,318,3.409000,,
67795,ROAD RANGER #263,"I-80, EXIT 93",Ottawa,IL,520,3.219000,,
67795,ROAD RANGER #263,"I-80, EXIT 93",Ottawa,IL,520,3.239000,,
67795,ROAD RANGER #263,"I-80, EXIT 93",Ottawa,IL,520,3.399000,,
67795,ROAD RANGER #263,"I-80, EXIT 93",Ottawa,IL,520,3.339000,,
67797,CHEVRON,US-71 & SR-179,Coushatta,LA,745,3.155667,,
67798,SUNSTOP #631,SR-231/SR-53 & SR-123,Ozark,AL,20,3.599000,31.5130900,-85.6553052
67801,SUNOCO,"I-275, EXIT 42/SR-747",Cincinnati,OH,407,3.099000,,
67804,SUNSTOP #616,US-84/SR-134 & CR-1,Daleville,AL,20,3.399000,31.2106990,-85.7901960
67806,84 QUICK STOP,I-84,Brookhaven,MS,620,3.149000,,
67811,QUICK FUEL #5301,SR-360,Grand Prairie,TX,637,3.024000,,
67813,LEROY TRUCK PLAZA,"I-74, EXIT 149",Le Roy,IL,280,3.479000,,
67815,LOVES TRAVEL STOP #254,"I-70, EXIT 59 & SR-39",Mooresville,IN,375,3.929000,,
67818,LOVES TRAVEL STOP #457,"I-30/US-67/US-70, EXIT 128",Little Rock,AR,695,3.242333,,
67819,BREW #31,US-71/US-18,Spencer,IA,440,3.465667,,
67820,CIRCLE K #2723487,US-17 & SR-211,Supply,NC,245,3.289000,,
67821,FAS MART #5261,SR-9 & SR-57,Tollesboro,KY,410,3.352333,,
67822,SPINX #178 (DISCOUNT AVAILABLE),"I-385, EXIT 42 & I-85, EXIT 51B & US-25",Travelers Rest,SC,210,3.192333,,
67823,FLASH MARKET #17032,"I-555/US-63, EXIT 29 & SR-69",Trumann,AR,435,3.407333,,
67824,CIRCLE K #2723641,US-231/SR-87/SR-10/SR-53 & CR-21,Troy,AL,720,3.799000,,
67826,VALLEN MART,US-14,Volga,SD,566,3.319000,,
67827,GAS N GO,US-280/SR-27 & SR-520,Richland,GA,10,3.199000,32.0880359,-84.6673968
67829,KWIK TRIP #721,SR-19 & SR-73,Marshall,WI,420,3.497333,,
67832,Sprint Mart #45,US-278/US-45,Tupelo,MS,742,3.189000,,
67833,PETES #05,US-59 & US-400,Parsons,KS,307,3.299000,,
67835,CIRCLE K #2723782,"I-40, EXIT 38 & US-421",Greensboro,NC,65,3.082333,,
67837,PILOT TRAVEL CENTER #1054,US-183 & SR-21,Buda,TX,740,3.415667,,
67839,EL TIGRE FOOD STORE #13,SR-336,Hidalgo,TX,639,3.215667,,
67841,CIRCLE K #2723844,US-15/US-501/US-1,Sanford,NC,177,3.049000,,
67842,CIRCLE K #4707627,"I-81, EXIT 48",Watertown,NY,220,4.099000,,
67844,UNCLE WILLIES #1288,US-13,Felton,DE,243,3.219000,,
67846,CEDAR RIVER PLAZA,SR-35,Stephenson,MI,360,3.419000,,
67847,E Z PICKENS,"US-20, EXIT 275 & SR-13",Manchester,IA,335,3.579000,42.3909013,-91.4808036
67848,JEMISON EXXON,"I-65, EXIT 219 & CR-42",Jemison,AL,615,3.299000,32.9240782,-86.8619315
67849,KUM & GO #0379,US-412/ US-63 & SR-25,Black Rock,AR,435,3.199000,36.1025484,-91.0980208
67850,SMILEYS FUEL CITY,"I-64/I-81, EXIT 205 & SR-206",Raphine,VA,185,3.539000,,
67854,CircleK #2709341,US-411,Chatsworth,GA,285,3.499000,,
67855,FAS MART #5262,"I-64, EXIT 94 & SR-1958/SR-2888",Winchester,KY,410,2.907333,,
67859,PILOT #1135,US-281,Falfurrias,TX,639,3.459000,,
67860,SHELL,"I-55, EXIT 227 & SR-32",Oakland,MS,435,2.999000,,
67861,CASEYS #4308,US-34,Chariton,IA,320,3.539000,,
67862,SUNOCO TRUCK STOP,"I-70, EXIT 123 & SR-3",Spiceland,IN,375,3.399000,,
67865,PILOT TRAVEL CENTER #897,"I-95, EXIT 12B, INTERSECTION OF SR-826 & 817",Opa Locka,FL,95,3.699000,,
67865,PILOT TRAVEL CENTERS #897,"I-95, EXIT 12B, INTERSECTION OF SR-826 & 817",Opa Locka,FL,95,3.699000,,
67866,QUICK DRAW TRAVEL PLAZA,"I-20, EXIT 49 & SR-531",Minden,LA,590,3.012333,,
67868,CHEVRON,SR-19,Huntsville,TX,670,2.979000,,
67871,BASIN MARKET #107,US-40,Vernal,UT,810,3.599000,,
67872,SMOKIES,US-45,Okolona,MS,576,3.099000,,
67874,RUTTERS #56,"I-83, EXIT 39A & SR-114",New Cumberland,PA,70,3.899000,,
67875,EXXON TIGER MART,"US-67/US-167, EXIT 28 & US-64",Beebe,AR,695,3.299000,35.0691242,-91.9222246
67876,KUM & GO #0880,"US-412, EXIT 36",Stillwater,OK,560,2.954000,,
67877,CIRCLE K #4703701,I-24 EXIT 70,Smyrna,TN,460,3.032333,,
67879,Strike,US-287/96/69 & SR-347,Beaumont,TX,610,3.499000,,
67883,CASH MAGIC HOLLYWOOD,US-90,Berwick,LA,725,3.399000,,
67884,ROADRUNNER FUELS,US-550/SR-544,Aztec,NM,614,3.775667,,
67886,MAVERIK #5200,"I-70 BUSINESS, EXIT 25, CR-24",De Beque,CO,800,3.442333,,
67887,AIRLINE CHEVRON,US-61,Kenner,LA,725,3.099000,,
67890,KUM & GO #0449,US-60/US-71,Neosho,MO,535,3.055667,,
67892,TURRELL FUEL STOP,"I-55, EXIT 21",Turrell,AR,435,3.465667,,
67894,CIRCLE K #2705098,US-27 & SR-44,Leesburg,FL,140,3.572333,28.8205055,-81.9531391
67897,KENT KWIK #273,SR-302 & SR-18,Kermit,TX,710,3.039000,31.8474577,-103.0865850
67900,SPRINT FOODS #725,"I-520, EXIT 16/SR-28",Beech Island,SC,135,3.349000,,
67906,ON THE GO,SR-239,Prescott,KS,400,3.199000,,
67908,CIRCLE K #2744062,"I-25, EXIT 74",Colorado City,CO,796,3.349000,,
67910,G FUEL,US-40 & SR-140,Penns Grove,NJ,243,3.399000,39.6862374,-75.4861766
67917,STRIPES 7FLEET #42510,"I-10, EXIT 256/US-285",Fort Stockton,TX,710,3.379000,,
67918,DELAWARE TRUCK STOP,"I-80, EXIT 4C/US-46",Delaware,NJ,90,3.079000,,
67922,EXXON,"I-20, EXIT 44 & US-371 & US-80/US-79",Minden,LA,745,3.399000,,
67923,MONROE CENTER BP OASIS,"I-39, EXIT 111/US-51 & SR-72",Monroe Center,IL,520,3.599000,,
67924,KUM & GO #0026,"I-90, EXIT 26",Adrian,MN,440,3.190667,,
67925,CHEVRON,US-61,Baton Rouge,LA,600,3.899000,,
67927,STONES TRUCK STOP,"I-29, EXIT 77/US-212",Watertown,SD,566,3.382333,44.8901664,-97.1171975
67929,Circle K,SR-574,Plant City,FL,225,3.325667,,
67930,CIRCLE K #2721426,US-98/SR-30A & SR-368,Panama City,FL,145,3.290667,,
67931,Forks 1&23,US-1/US-23/SR-4 & SR-19,Alma,GA,195,3.599000,,
67932,SPRINT MART #4144,US-82/US-45/SR-12 & SR-182,Columbus,MS,576,3.015667,,
67933,SUNOCO,SR-50 & SR-471,Webster,FL,140,3.335667,28.5551767,-82.0547022
67934,WHISPERING PINES,SR-10,Greensburg,LA,600,3.099000,,
67935,CIRCLE K #2707610,"I-10, EXIT 26",Milton,FL,155,3.232333,,
67938,TEXACO,"I-84, EXIT 376",Tremonton,UT,835,3.455667,,
67939,DELTA FUEL,"I-80, EXIT 242 & SR-339",Mifflinville,PA,138,3.365667,,
67940,MARTIN GENERAL STORE,US-22,Ebensburg,PA,14,3.524000,,
67941,FIESTA MART #21,"I-40, EXIT 278",Warner,OK,560,3.639000,,
67943,LOVES TRAVEL STOP #459,"I-65, EXIT 133 & SR-267",Whitestown,IN,375,3.622333,,
67949,7-ELEVEN #36835,"I-85, EXIT 32",Pelzer,SC,30,3.182333,,
67952,CIRCLE K #2707682,"I-75, EXIT 164 & US-17/SR-35",Punta Gorda,FL,225,3.399000,,
67957,CITGO,US-27,Hialeah,FL,64,3.472333,,
67965,DIAMOND #7,"I-65, EXIT 69",Brewton,AL,715,3.399000,,
67968,WHITESBURG BP,US-27/SR-16,Whitesburg,GA,18,3.699000,33.4802953,-84.9032493
67974,TALL TIMBERS TRUCKSTOP,"I-10, EXIT 23 & SR-108",Sulphur,LA,690,3.832333,,
67976,KWIK TRIP #587,US-141 & SR-22,Lena,WI,582,3.282333,,
67977,KUM & GO #4127,"I-29, EXIT 127",Sloan,IA,527,3.109000,,
67994,Pure,US-82/SR-520/SR-135,Willacoochee,GA,10,3.465667,,
67997,CIRCLE K #2745137,"I-75/SR-401, EXIT 149 & SR-49",Byron,GA,85,3.199000,32.6527227,-83.7553164
68002,CO RETAIL VENTURE DB,US-34 & SR-59,Yuma,CO,800,3.449000,,
68005,WESSON,"I-84, EXIT 22, SR-8, EXIT 22",Waterbury,CT,100,4.179000,,
68007,Highland oil,US-412,Hardy,AR,435,3.269000,,
68008,FAST LANE #3,US-64 & US-49,Mc Crory,AR,435,3.399000,,
68009,CIRCLE K #2741779,"US-270, EXIT 2",Hot Springs National Park,AR,695,3.369000,,
68012,ROYAL FARMS #120,US-13/CR-16,Greenwood,DE,194,3.259000,,
68016,Chevron #386730,"I-10, EXIT 139",Phoenix,AZ,930,3.299000,,
68017,TEXACO,SR-89,Prescott,AZ,930,3.739000,,
68019,PAC PRIDE CARDLOCK,CR-25/CR-826,Miami,FL,95,3.479000,,
68020,EXXON,"I-10, EXIT 335/SR-121",Macclenny,FL,75,3.499000,30.2785652,-82.1228723
68026,MINIT MART #600627,"I-57, EXIT 312",Kankakee,IL,399,3.449000,,
68029,MAPCO #3502,SR-151,Ringgold,GA,285,3.092333,,
68030,FIVE STAR EXPRESS,"I-520/SR-415, EXIT 16 & SR-28",Augusta,GA,135,3.499000,,
68031,ORCHARD STOP BP,US-30,Montgomery,IL,290,3.649000,,
68031,ORCHARD STOP BP,US-30,Montgomery,IL,290,3.549000,,
68033,CIRCLE K #2703175,"I-520/SR-415, EXIT 9 & SR-56",Augusta,GA,135,3.282333,,
68036,MOBIL,"I-95, EXIT 60",Salisbury,MA,178,3.599000,,
68040,MISHAWAKA ROAD FLEET SITE,SR-19 & CR-20,Elkhart,IN,465,3.689000,41.6562041,-86.0030678
68043,CARROLL MOTOR FUELS,US-40,Middle River,MD,22,3.139000,,
68048,CASEYS #3961,SR-3 & SR-143,Marcus,IA,527,3.299000,42.8080020,-95.7996121
68052,CUBBYS #302,SR-39 & SR-175,Odebolt,IA,319,3.315667,,
68053,KJ TRAVEL CENTER,"US-20, EXIT 310",Idaho Falls,ID,825,3.407333,,
68055,Gallops,US-20,Michigan City,IN,370,3.399000,,
68062,FARMERS UNION OIL,US-83,Wilton,ND,390,3.899000,,
68065,Caseys #4450,US-160,Ulysses,KS,525,3.399000,,
68067,PUMP & PANTRY #2,US-30 & US-281,Grand Island,NE,330,3.307333,,
68068,ELGIN ONE STOP,SR-14 & SR-70,Elgin,NE,470,3.137333,,
68070,PAULS TRUCK STOP,US-171,Leesville,LA,690,3.449000,,
68072,FAMILY FARE #834 (DISCOUNT AVAILABLE),"US-131, EXIT 175",Byron Center,MI,371,3.739000,,
68073,BIG BATS 2,US-20,Chadron,NE,506,3.699000,,
68076,JENNINGS TRUCKSTOP,"I-10, EXIT 65",Jennings,LA,690,2.999000,,
68079,NORTH FORK TRUCK STOP,US-12/CR-103,White Pigeon,MI,465,3.559000,41.7982523,-85.6426202
68079,NORTH FORK TRUCK STOP,US-12/CR-103,White Pigeon,MI,465,3.599000,41.7982523,-85.6426202
68080,SAMMYS TRUCK AUTO PLAZA,"I-49, EXIT 53",Bunkie,LA,730,3.399000,,
68081,SHELL,SR-308 & SR-654,Mathews,LA,725,3.459000,29.6775667,-90.5414748
68091,ALLTOWN MARKETS,"SR-101, EXIT 2",Auburn,NH,178,3.799000,,
68093,MARATHON,US-223/CR-52,Adrian,MI,385,3.599000,,
68095,ALEXS MARKET AND GRILL,"I-75, EXIT 101",Holly,MI,342,4.699000,,
68100,REFINED MARKETERS,"I-96, EXIT 31A/US-131, EXIT 88",Grand Rapids,MI,344,3.739000,,
68102,SUNOCO,ST 17,Carlstadt,NJ,115,3.162333,,
68107,SPEEDWAY #4500,"I-35, EXIT 171/CR-11",Pine City,MN,451,3.549000,,
68110,CIRCLE K #4705573,SR-82,Grafton,OH,414,3.749000,,
68112,QUICK FUEL #3138,"I-35, EXIT 98/CR-26",Saint Paul,MN,448,3.617333,,
68113,CIRCLE K #4705571,ST 2,Holland,OH,550,3.549000,,
68114,BP,US-130,Burlington,NJ,230,3.145667,,
68116,Circle K #2746335,"I-35, EXIT 22",Minneapolis,MN,448,3.799000,,
68122,CENEX,SR-11/SR-310,Roseau,MN,449,3.499000,,
68124,CIRCLE K #4705587,SR-585 & SR-57,Rittman,OH,249,3.659000,,
68129,CULVERS HAWKINS,"US-59/I-29, EXIT 43",Saint Joseph,MO,400,3.199000,,
68133,CASEYS #4256,US-71/SR-175,Joplin,MO,416,3.069000,,
68140,CROSSROADS RATON TRUCK STOP,"I-25/US-85, EXIT 451 & US-87",Raton,NM,803,3.499000,,
68147,Regal Truck Stop,SR 30,New Albany,MS,435,3.249000,,
68148,CIRCLE K #2723389,US-49,Gulfport,MS,715,2.944000,,
68151,KUM & GO #0498,SR-125,Rogersville,MO,535,3.052333,,
68154,LOVES TRAVEL STOP #395,"I-57, EXIT 308",Kankakee,IL,290,3.379000,,
68154,LOVES TRAVEL STOP #395,"I-57, EXIT 308",Kankakee,IL,290,3.449000,,
68154,LOVES TRAVEL STOP #395,"I-57, EXIT 308",Kankakee,IL,290,3.489000,,
68154,LOVES TRAVEL STOP #395,"I-57, EXIT 308",Kankakee,IL,290,3.429000,,
68154,LOVES TRAVEL STOP #395,"I-57, EXIT 308",Kankakee,IL,290,3.549000,,
68155,SHEETZ #181,"I-80, EXIT 158 & SR-220",Bellefonte,PA,14,3.729000,,
68156,A PLUS MINI MARKET,"I-95, EXIT 26",Philadelphia,PA,160,3.999000,,
68157,RAJS MINI MART,US-1/SR-29,Morrisville,PA,230,3.899000,,
68158,SUNOCO,"I-78, EXIT 29A/SR-61",Shoemakersville,PA,90,3.639000,,
68161,KWIK FILL #390,SR-15 & TABER RD,Blossburg,PA,138,3.684000,,
68165,GOLDEN GATE Fallon,US-50,Fallon,NV,966,3.549000,,
68167,CIRCLE K #4707628,SR-90 & SR-5,Montezuma,NY,220,3.999000,,
68169,GOLDEN GATE GOLDEN VALLEY,"US-395, EXIT 73",Reno,NV,966,3.949000,,
68174,MIRABITO #42,"I-81, EXIT 7",Castle Creek,NY,12,3.999000,,
68177,ONVO TRAVEL PLAZA - MIFFLINVILLE,"I-80, EXIT 242/CR-339",Mifflinville,PA,138,3.365667,,
68178,CIRCLE K #2723748,"I-20, EXIT 48",Pearl,MS,760,3.389000,,
68179,WEST PAK A POK,SR-8,Houston,MS,655,3.399000,,
68180,One9 #1374,"I-81, EXIT 143, SR-924",Hazleton,PA,200,3.862333,,
68185,CITGO,US-22/SR-72,Jonestown,PA,70,3.749000,,
68188,ONVO TRAVEL PLAZA - GIBSON,"I-81, EXIT 219 & SR-848",New Milford,PA,200,3.589000,41.8054507,-75.6532361
68189,EAGLE EXXON,US-27/SR-29,Dayton,TN,285,3.399000,,
68191,MARTIN GENERAL STORE # 207,SR-865/I-99 EXIT 41,Altoona,PA,14,3.539000,,
68196,CATDADDY MARKET,SR-33,Tazewell,TN,405,3.299000,,
68211,CEFCO #2005,"I-40, EXIT 73",Amarillo,TX,585,2.869000,,
68212,CIRCLE K #2723415,"I-26, EXIT 16",Spartanburg,SC,210,3.099000,,
68213,CADOO MILLS,"I-30/US-67, EXIT 87 & FM-1903",Caddo Mills,TX,253,2.800667,,
68215,COWBOY TRAVEL PLAZA,"I-10, EXIT 833",Hamshire,TX,610,2.899000,,
68217,CIRCLE K #2723881,US-701 & US-501,Conway,SC,46,3.184000,33.8159869,-79.0391745
68225,OASIS TRUCK STOP,US-60 & US-83,Canadian,TX,585,3.299000,,
68227,QUARLES #4914,"I-64 EXIT 297, US-13",Chesapeake,VA,130,3.525667,,
68234,CIRCLE K #2723705,"I-81, EXIT 80 & SR-121",Wytheville,VA,65,3.265667,,
68235,JOLLEY #113,"I-91, EXIT 28",Derby,VT,39,3.539000,,
68236,TEX BEST #506,"I-35, EXIT 84",Dilley,TX,747,3.099000,,
68243,PILOT EXPRESS #1173,"I-5, EXIT 135",Tacoma,WA,977,4.599000,,
68245,STRIPES #40705,US-77/SR-374,Combes,TX,665,2.912333,,
68253,KENT KWIK #262,"CR-18/I-20, EXIT 80",Monahans,TX,710,2.859000,,
68256,EXTRA MILE TRUCK STOP,I-30 EXIT 208,Hooks,TX,723,2.817333,,
68257,LOVES TRAVEL STOP #292,"I-55, EXIT 220",Dwight,IL,290,3.589000,,
68257,LOVES TRAVEL STOP #292,"I-55, EXIT 220",Dwight,IL,290,3.389000,,
68257,LOVES TRAVEL STOP #292,"I-55, EXIT 220",Dwight,IL,290,3.489000,,
68257,LOVES TRAVEL STOP #292,"I-55, EXIT 220",Dwight,IL,290,3.349000,,
68257,LOVES TRAVEL STOP #292,"I-55, EXIT 220",Dwight,IL,290,3.449000,,
68258,CIRCLE K #2741536,SR-83/CR-1015,Weslaco,TX,639,3.035667,,
68260,ALVARADO MARKET STATION,"I-35W, EXIT 26A & US-67",Alvarado,TX,637,2.844000,,
68261,STRIPES #2294,US-83 & FM-1120,Leakey,TX,740,2.949000,,
68266,FREDS FUEL AND FOOD #2,"I-57, EXIT 283 & US-24",Gilman,IL,280,3.189000,,
68266,FREDS FUEL AND FOOD #2,"I-57, EXIT 283 & US-24",Gilman,IL,280,3.269000,,
68266,FREDS FUEL AND FOOD #2,"I-57, EXIT 283 & US-24",Gilman,IL,280,3.049000,,
68268,SPEED SMART,"I-10, EXIT 114",Buckeye,AZ,930,3.372333,,
68270,MPC #2,US-67 & CR-A,Fredericktown,MO,574,2.990667,,
68271,PHOENIX #308,ST 210,Rocky Point,NC,245,3.619000,,
68273,CHISUM TRAVEL CENTER,US-70/US-54,Tularosa,NM,640,2.999000,33.0688170,-106.0151296
68274,CEFCO #6,SR-6 & SR-7,Marlin,TX,765,2.999000,,
68276,KWIK STAR #895,US-18/US-63 EXIT 204,New Hampton,IA,565,3.449000,,
68277,WHITE OAK STATION #15,US-65,Harrison,AR,735,3.599000,,
68279,MACS MARKET #101,ST 22A,Fair Haven,VT,12,3.599000,,
68282,SUNSTOP #612,US-84,Andalusia,AL,720,3.485667,,
68283,FLYING J# 852,"HWY-401, EXIT 814 & HWY-15",Lancaster,ON,720,4.730358,,
68283,FLYING J# 852,"HWY-401, EXIT 814 & HWY-15",Lancaster,ON,720,4.741168,,
68283,FLYING J# 852,"HWY-401, EXIT 814 & HWY-15",Lancaster,ON,720,4.731402,,
68283,FLYING J# 852,"HWY-401, EXIT 814 & HWY-15",Lancaster,ON,720,4.733840,,
68283,FLYING J# 852,"HWY-401, EXIT 814 & HWY-15",Lancaster,ON,720,4.741867,,
68283,FLYING J# 852,"HWY-401, EXIT 814 & HWY-15",Lancaster,ON,720,4.732446,,
68290,WALTON TRUCK STOP,US-78/SR-10 & SR-83,Monroe,GA,16,3.999000,,
68292,GAS N GO,US-280/US-19,Americus,GA,10,3.299000,32.0568741,-84.2538977
68294,BP,"I-74, EXIT 51",Galesburg,IL,270,3.499000,,
68298,MR FUEL #719,"I-80, EXIT 6",Gary,IN,365,3.565667,,
68301,LOVES TRAVEL STOP #463,I-10 EXIT 604,Seguin,TX,740,3.179000,,
68302,FLYING J #493,I-95 EXIT 77,Saint George,SC,42,3.519000,,
68303,KWIK TRIP #351,SR-13 & SR-64,Medford,WI,295,3.400667,45.1085676,-88.0162273
68306,BIG D #018,SR-387 & SR-59,Gillette,WY,790,3.459000,,
68307,EXPRESSWAY LUVERNE,"I-90, EXIT 12",Luverne,MN,432,3.239000,,
68308,PINECONE TRAVEL PLAZA,"I-94, EXIT 267",Johnson Creek,WI,420,3.219000,,
68311,SUN DO KWIK SHOP,SR-242,Evergreen,NC,63,3.159000,,
68314,Refuel #313,US-183 & SR-29,Liberty Hill,TX,595,2.909000,,
68315,SHELL,"I-40, EXIT 200 & SR-99",Seminole,OK,483,2.859000,,
68316,CIRCLE K #2723622,"I-75, EXIT 345",Ringgold,GA,285,3.075667,,
68318,NINOS TRUCK PLAZA,"I-10, EXIT 151",Port Allen,LA,600,3.039000,,
68319,HOLIDAY STATIONSTORE #2746484,US-61 & US-10,Hastings,MN,448,3.569000,44.7362830,-92.8526324
68321,Big's #304,"I-35, EXIT 141",Moore,TX,740,2.999000,,
68323,TRAINER MART,"I-10, EXIT 593",Marion,TX,740,2.999000,,
68328,TONKAWA TRAVEL CENTER,"I-35, EXIT 214 & US-60",Tonkawa,OK,500,3.099000,,
68330,SHREES TRUCK STOP,"I-90, EXIT 149 & SR-281",George,WA,920,3.709000,,
68330,SHREES TRUCK STOP,"I-90, EXIT 149 & SR-281",George,WA,920,3.569000,,
68330,SHREES TRUCK STOP,"I-90, EXIT 149 & SR-281",George,WA,920,3.739000,,
68330,SHREES TRUCK STOP,"I-90, EXIT 149 & SR-281",George,WA,920,3.759000,,
68332,CIRCLE K #2701526,"I-40, EXIT 208",Colfax,NC,65,2.957333,,
68333,GO MART FOOD STORE #106,US-250/US-219/SR-92/SR-55,Elkins,WV,44,3.499000,,
68335,PILOT #481,"I-75, EXIT 20",Mc Donald,TN,285,3.599000,,
68337,SPEEDWAY #1426,US-30 & SR-51,Merrillville,IN,290,3.885667,,
68339,LOVES TRAVEL STOP #464,"I-10, EXIT 523 & US-87",Comfort,TX,740,3.212333,30.0501884,-98.9159258
68343,HUTCH'S #119,I-40 EXIT 40,Elk City,OK,483,2.969000,,
68347,ENERGY EXPRESS TRAVEL CENTER,I-70 EXIT 247,Saint Louis,MO,540,2.909000,,
68348,HOT SPOT #6007,"I-85, EXIT 80",Spartanburg,SC,210,3.089000,,
68349,SAPP BROS TRAVEL CENTER,"US-75, EXIT 116",Le Mars,IA,527,3.269000,,
68350,JOAQUIN QUICK STOP,US-84,Joaquin,TX,618,3.432333,,
68354,LEERJAK TRAVEL CENTER,US-60,Ellsinore,MO,275,3.409000,,
68359,LOVES TRAVEL STOP #466,"I-78, EXIT 65",Jasper,AL,615,3.555667,,
68360,A PLUS MINI MARKET,"I-95, EXIT 19",Philadelphia,PA,160,4.049000,,
68361,DUCK THRU FOOD STORE #34,US-158 & US-17,Elizabeth City,NC,130,3.499000,,
68362,RUTTERS #5,US-30 & SR-997,Fayetteville,PA,70,3.859000,,
68364,Maplefields,"I-89, EXIT 19",Saint Albans,VT,39,3.539000,,
68365,7-ELEVEN #36834,SR-72,Abbeville,SC,30,3.619000,,
68366,MARATHON,US-68/SR-80,Russellville,KY,460,3.199000,,
68367,LOVES TRAVEL STOP #447,"I-10 E, EXIT 0",Anthony,TX,640,3.449000,,
68368,AKAL TRAVEL CENTER,I-80 EX 360,Waco,NE,413,2.799000,,
68369,WORKMANS TRAVEL CENTER,"I-40 EXIT, 35 & SR-23",Ozark,AR,735,3.297333,,
68370,GULF EXPRESS DIESEL AND GAS,"I-295, EXIT 4 & SR-14",Johnston,RI,175,3.799000,,
68372,SPEEDWAY #8062,SR-26/CR-00,Kokomo,IN,375,3.799000,,
68375,PILOT #491,"I-81, EXIT 251 & US-11",Harrisonburg,VA,185,3.659000,,
68377,PILOT #4568,I-20 EXIT 11,Graniteville,SC,135,3.392333,,
68378,PILOT TRAVEL CENTERS #596,I-69 EXIT 196,Smiths Creek,MI,342,3.959000,,
68381,Fast Stop Travel Centers #2241,US-26 S & SR-39,Blackfoot,ID,825,3.999000,,
68382,QUIKTRIP #766,US-29 & SR-316,Dacula,GA,18,3.320667,,
68383,AYERCO 32,US-61 & SR-P,Canton,MO,494,3.015667,,
68386,KWIK TRIP #884,US-45 & SR-22,Clintonville,WI,582,3.559000,44.5314608,-88.7471576
68389,WEBERS OF PLYMOUTH,SR-57 N/CR-PP E,Plymouth,WI,582,3.499000,43.7476873,-87.9869420
68394,CHEVRON,"I-84, EXIT 343/CR-104",Ogden,UT,835,3.442333,,
68396,TOOT N TOTUM #44,SR-287 E/CR-335 N,Amarillo,TX,585,3.042333,35.1786256,-101.8669031
68403,RUTTERS #16,"I-83, EXIT 10 & SR-214",York,PA,70,4.199000,,
68405,PILOT TRAVEL CENTER #1028,"I-45, EXIT 178/US-79 N",Buffalo,TX,765,3.549000,,
68406,TOOT N TOTUM #114,US-385/US-54,Dalhart,TX,585,3.199000,36.0624748,-102.5218376
68411,PAWNEE TRAVEL PLAZA,US-412 & SR-18,Pawnee,OK,560,3.044000,,
68416,STRIPES 7FLEET #42515,US-87 N,Lamesa,TX,710,3.099000,,
68417,7-ELEVEN #42072,"I-20, EXIT 599/SR-281",Longview,TX,766,3.207333,,
68419,ROAD RANGERS #270,"I-35, EXIT 114/SR-462",Moore,TX,740,3.169000,,
68420,SHELBINA Phillips 66,US-36 & SR-15,Shelbina,MO,494,3.099000,,
68421,STRIPES,US-77,Refugio,TX,625,3.074000,,
68423,GOLDEN GATE TRUCKSTOP,"I-80, EXIT 106 & SR-398",Lovelock,NV,966,3.649000,,
68424,MAVERICK TRAVEL CENTER,"I-20, EXIT 386/US-281",Santo,TX,637,3.099000,,
68428,STRIPES #40519,US-90/CR-1023,Uvalde,TX,740,3.359000,29.2157108,-99.7699190
68432,PAPA ROCK,US-79/SR-76,Clarksville,TN,460,3.199000,,
68434,Circle K #2741789,"I-30, EXIT 98 & US-270",Malvern,AR,695,3.439000,,
68440,EXPRESS GAS,"I-40, EXIT 2A/US-51",Memphis,TN,435,2.979000,,
68441,QUIKTRIP #1106,US-76,Anderson,SC,30,2.959000,,
68444,Sunoco,US-30,Roebling,NJ,160,3.159000,,
68446,J J OIL #07,US-160,Ulysses,KS,525,3.399000,,
68447,JUMPIN JACKS 419,SR-161,Rockport,IN,487,3.999000,,
68451,CASEYS #3439,US-63,Lime Springs,IA,433,3.565667,,
68453,Marathon,US-82/US-27,Cuthbert,GA,10,3.699000,31.7702659,-84.7775084
68458,SPEEDWAY #6278,"I-96, EXIT 16",Coopersville,MI,456,3.599000,,
68458,SPEEDWAY #6278,"I-96, EXIT 16",Coopersville,MI,456,3.499000,,
68462,CHEVRON,SR-24 & SR-660,Houma,LA,623,3.099000,,
68463,SPANISH LAKE TRUCK AND CASINO PLAZA,SR-182,New Iberia,LA,730,3.329000,,
68465,LOVES TRAVEL STOP #470,"I-75, EXIT 451",Jasper,FL,10,3.327333,,
68466,KWIK TRIP #462,SR-11 & SR-83,Burlington,WI,444,3.274000,,
68468,SHELL,SR-193/SR-163 & CR-26,Theodore,AL,715,3.039000,,
68469,8 MILE STORE,"US-64/I-40, EXIT 127",Conway,AR,695,3.399000,,
68471,B LINE SHELL,SR-710,Jupiter,FL,140,3.957333,,
68476,CREEK TRAVEL PLAZA,"I-65, EXIT 54",Atmore,AL,715,3.135667,,
68480,KUM & GO #0414,US-212/SR-265,Springdale,AR,645,3.142333,,
68482,PETRO-CANADA,HWY 91,Delta,BC,800,4.594527,,
68482,PETRO-CANADA,HWY 91,Delta,BC,800,4.341528,,
68482,PETRO-CANADA,HWY 91,Delta,BC,800,4.535464,,
68482,PETRO-CANADA,HWY 91,Delta,BC,800,4.621029,,
68482,PETRO-CANADA,HWY 91,Delta,BC,800,4.630228,,
68482,PETRO-CANADA,HWY 91,Delta,BC,800,4.657451,,
68493,FAST TRACK 427,"I-10, EXIT 225/US-19",Lamont,FL,20,3.739000,,
68494,LOVES TRAVEL STOPS #469,"I-85, EXIT 15 & US-1",South Hill,VA,180,3.949000,,
68494,LOVES TRAVEL STOP #469,"I-85, EXIT 15 & US-1",South Hill,VA,180,3.949000,,
68497,JACKSONS FOOD STORE #30,"I-86, EXIT 61",Pocatello,ID,825,3.459000,,
68499,DUBOIS TRAVEL STOP,I-15 & MAIN,Dubois,ID,825,4.299000,44.1761843,-112.2305333
68506,WARRIOR RIDGE,US-22 & SR-3035,Ashland,PA,14,3.699000,,
68511,PWI #675,I-10/US-85/US-180 EXIT 155 & SR-227,Vado,NM,640,2.949000,,
68512,BP,US-29/SR-154,Palmetto,GA,18,3.249000,,
68518,CHEVRON,SR-243,Gordon,GA,85,3.359000,,
68520,SPEED GAS,SR-56,Rosenhayn,NJ,150,3.459000,,
68522,MINIT MART #600632,"I-474, EXIT 9 & SR-29",Pekin,IL,368,3.739000,,
68524,Coastal Fuel,US-421,Wilmington,NC,245,3.399000,,
68531,CASEYS #2845,"SR-150, I-380, EXIT 41",Urbana,IA,380,3.449000,,
68533,MACH ONE FOOD SHOP #17,US-45/US-50,Flora,IL,510,3.899000,,
68534,BG FOOD MART,US-31,Bowling Green,KY,460,3.057333,,
68535,CASEYS #3295,SR-35 & SR-27,Prairie Du Chien,WI,420,3.499000,,
68541,DUCK THRU #3,SR-11 & SR-561,Ahoskie,NC,130,3.562333,,
68542,EXCELL FUELS,SR-5,Buffalo,NY,38,3.999000,,
68549,GOOD 2 GO #212,US-310/SR 789,Lovell,WY,780,3.657000,,
68552,HUCKS FOOD & FUEL #368,"US-41, EXIT 44/SR-281",Madisonville,KY,340,3.399000,,
68556,MONICARLO FUEL STOP,US-61 & SR-54,Garyville,LA,623,3.199000,,
68559,KUM & GO #0779,"I-35, EXIT 92 & US-136",Bethany,MO,320,2.955667,,
68562,CHEVRON,SR-3235,Galliano,LA,725,3.499000,,
68572,FOOD N FUN #17,US-90 & SR-83 & CR-605,New Iberia,LA,730,3.067000,,
68574,SPRING STREET SERVICE STATION,US-1/US-9,Elizabeth,NJ,115,3.099000,,
68581,CHEVRON #308195,"I-82, EXIT 58/US-12 & SR-223",Granger,WA,977,4.499000,,
68581,CHEVRON #308195,"I-82, EXIT 58/US-12 & SR-223",Granger,WA,977,4.329000,,
68588,SHELL,"US-202, EXIT 16",Orange,MA,175,3.649000,,
68592,Sprint Food #742,US-25/SR-121,North Augusta,SC,135,3.159000,,
68593,ONE9 #1285,"I-20, EXIT 386 & US-281",Santo,TX,575,2.924000,,
68594,CIRCLE K #2723796,SR-S-8-33 & SR-S-8-119,Charleston,SC,42,3.199000,,
68595,SUPER LUCKY LOUIES,US-190/SR-1,Port Allen,LA,600,3.032333,,
68596,FLASH MARKET SHELL,US-63,Koshkonong,MO,418,3.499000,,
68598,7-ELEVEN #41032,US-84 & US-259,Mount Enterprise,TX,618,3.349000,,
68602,NEW DIXIE MART #19,"I-95, EXIT150",Whitakers,NC,205,3.339000,,
68606,SAMS MART #95,SR-49,Harrisburg,NC,46,3.799000,,
68613,SHEETZ #236,SR-441 & SR-772,Marietta,PA,70,3.389000,,
68618,MINER TOWNE MART,206 R-11,Shullsburg,WI,335,3.399000,,
68621,CIRCLE K #2723367,"I-77, EXIT 8 & SR-148",Fancy Gap,VA,65,3.290667,,
68622,PILOT #474,"I-79, EXIT 67 & SR-19",Sutton,WV,44,3.865667,,
68623,FLYING J TRAVEL PLAZA #304,"I-469, EXIT 19 & US-30",New Haven,IN,370,3.859000,,
68623,FLYING J #304,"I-469, EXIT 19 & US-30",New Haven,IN,370,3.859000,,
68624,PILOT #586,"I-10, EXIT 69 & SR-63",Moss Point,MS,715,3.459000,,
68625,FLYING J #470 HUDSON,"I-94, EXIT 10 & US-65",Roberts,WI,450,3.559000,,
68626,BECKS EXPRESS MART #14,SR-26,Princeton,IL,270,3.249000,,
68630,DOWNSTREAM Q STORE,US-166/US-400,Joplin,MO,277,3.199000,,
68634,PETRO-CANADA,"HWY-111, EXIT 3",Dartmouth,NS,100,3.924672,,
68634,PETRO-CANADA,"HWY-111, EXIT 3",Dartmouth,NS,100,3.870102,,
68634,PETRO-CANADA,"HWY-111, EXIT 3",Dartmouth,NS,100,3.931905,,
68634,PETRO-CANADA,"HWY-111, EXIT 3",Dartmouth,NS,100,3.895957,,
68634,PETRO-CANADA,"HWY-111, EXIT 3",Dartmouth,NS,100,3.932484,,
68634,PETRO-CANADA,"HWY-111, EXIT 3",Dartmouth,NS,100,3.895098,,
68639,PETRO-CANADA,QEW-2,Calgary,AB,50,4.071433,,
68639,PETRO-CANADA,QEW-2,Calgary,AB,50,3.729691,,
68639,PETRO-CANADA,QEW-2,Calgary,AB,50,3.848755,,
68639,PETRO-CANADA,QEW-2,Calgary,AB,50,3.728045,,
68641,PETRO-CANADA,HWY-37,Kitwanga,BC,850,4.483077,,
68641,PETRO-CANADA,HWY-37,Kitwanga,BC,850,4.563306,,
68641,PETRO-CANADA,HWY-37,Kitwanga,BC,850,4.601640,,
68641,PETRO-CANADA,HWY-37,Kitwanga,BC,850,4.630228,,
68641,PETRO-CANADA,HWY-37,Kitwanga,BC,850,4.480768,,
68641,PETRO-CANADA,HWY-37,Kitwanga,BC,850,4.621029,,
68642,EXXON SANDY RIDGE MART,"I-40/US-421, EXIT 208",Colfax,NC,65,3.099000,,
68643,SHELL,"I-95, EXIT 58 & US-13",Wade,NC,63,3.199000,,
68644,SUPERPUMPER #32,US-2,Minot,ND,452,3.599000,,
68650,MARATHON,"I-75, EXIT 8",Cincinnati,OH,300,3.899000,,
68653,KWIK TRIP #679,"I-43, EXIT 128 & SR-42",Sheboygan,WI,444,3.215667,,
68656,TA Express Williston,US-2 & US-85,Williston,ND,807,3.447333,,
68659,KWIK TRIP #659,"US-52, EXIT 56 & CR-22",Rochester,MN,515,3.549000,,
68663,LOVES TRAVEL STOP #474,US-85/US-2 & CR-6,Williston,ND,273,3.519000,,
68665,BIG D 14,"I-90, EXIT 46/US-14/SR-79",Piedmont,SD,506,3.137333,,
68671,CASEYS #2969,US-81 & RD F,Fairmont,NE,350,3.282333,40.6257410,-97.5958004
68672,24 NORTH MOBIL,"I-495, EXIT 7A & SR-24, EXIT 14B",Bridgewater,MA,175,3.699000,,
68674,TEXACO,US-290 & SR-696,Elgin,TX,595,3.099000,30.3618008,-97.4056006
68684,Rebecca Plantation Truck Plaza,"US-90, EXIT 200 & SR-311",Schriever,LA,623,2.999000,29.7224049,-90.8036224
68685,QUICK FUEL #2403,"I-29/I-35/SR-71, EXIT 5B",Kansas City,MO,400,3.344000,,
68689,CHEVRON,"I-10, EXIT 59 & SR-395",Roanoke,LA,690,3.609000,,
68690,MARATHON,US-30 & SR-30,Mansfield,OH,315,3.499000,,
68691,BYRNE DAIRY #43,"I-81, EXIT 36 & SR-13",Pulaski,NY,220,4.099000,,
68692,DANDY MINI MART #57,SR-14,Horseheads,NY,190,3.899000,,
68693,SUPER STOPS,SR-70 & SR-308,Belle Rose,LA,623,3.499000,30.0002886,-91.0525711
68696,STRIPES #40800,FM-351 & US-181,Beeville,TX,625,3.015667,,
68697,STRIPES #40915,"I-35, EXIT 8 & SR-20 & FM-1472",Laredo,TX,693,2.979000,,
68698,GAS N WASH,"I-80, EXIT 145 & SR-84",Mokena,IL,365,3.499000,,
68699,ORGANIC CONNECTION MOBIL,SR-997,Homestead,FL,95,3.344000,,
68701,SPEEDWAY #1421,US-45 & CR-74,Frankfort,IL,293,3.399000,42.2260931,-87.9743191
68701,SPEEDWAY #1421,US-45 & CR-74,Frankfort,IL,293,3.359000,42.2260931,-87.9743191
68701,SPEEDWAY #1421,US-45 & CR-74,Frankfort,IL,293,3.299000,42.2260931,-87.9743191
68701,SPEEDWAY #1421,US-45 & CR-74,Frankfort,IL,293,3.369000,42.2260931,-87.9743191
68702,QUIKTRIP #1120,"I-85, EXIT 90 & SR-105",Gaffney,SC,210,3.190667,,
68708,LOVES TRAVEL STOP #476,"I-80, EXIT 292 & SR-130",Davenport,IA,270,3.862333,,
68716,ALLTOWN MARKETS #833,I-95 EXIT 41,Milford,CT,100,3.599000,,
68722,Pilot #140,US-40/US-191,Roosevelt,UT,835,3.759000,40.2926282,-109.9918212
68730,KENT KWIK #315,SR-158 & FM-1788,Midland,TX,710,3.437333,32.0458356,-102.2740157
68733,PETRO-CANADA,TCH/HWY 11,Cochrane,ON,460,3.701837,,
68733,PETRO-CANADA,TCH/HWY 11,Cochrane,ON,460,3.700203,,
68733,PETRO-CANADA,TCH/HWY 11,Cochrane,ON,460,3.709206,,
68733,PETRO-CANADA,TCH/HWY 11,Cochrane,ON,460,3.708659,,
68734,LOVES TRAVEL STOP #478,"I-15, EXIT 113",Idaho Falls,ID,825,3.755667,,
68737,KWIK TRIP #691,"I-39, EXIT 161",Stevens Point,WI,395,3.559000,,
68738,CASEYS #2316,US-136/SR-5 & SR-5,Unionville,MO,320,3.214000,,
68740,Certified Oil #400352,US-20 & SR-510 & SR-101,Clyde,OH,550,3.379000,,
68741,COUNTY LINE TRUCK STOP,SR-22,Dickinson,ND,273,3.532333,,
68742,ARTESIA #401,SR-82 & SR-285,Artesia,NM,593,3.439000,,
68796,MR FUEL #731,"I-70, EXIT 123 & SR-3",Spiceland,IN,375,3.699000,,
68797,SPEEDWAY #1412,SR-43,Frankfort,IL,293,3.359000,,
68798,PILOT DEALER #1179,SR-189,Nogales,AZ,980,4.249000,,
68798,PILOT #1179,SR-189,Nogales,AZ,980,4.249000,,
68799,SHELL FOOD MART # 25,"I-20, EXIT 77 & SR-13",Morton,MS,705,3.199000,,
68801,7-ELEVEN #40574,US-281,Blanco,TX,740,3.399000,,
68803,SHELL,"I-45, EXIT 152",Madisonville,TX,670,3.182333,,
68806,SHELL,US-90,Westwego,LA,725,3.065667,,
68808,SPEEDWAY #4574,US-701,Loris,SC,245,3.269000,,
68813,SPEEDWAY #8741,"I-96, EXIT 86 & SR-100",Eagle,MI,406,3.789000,,
68814,TA HOLBROOK,"I-40/US-180, EXIT 283",Holbrook,AZ,580,3.655667,,
68815,LOVES TRAVEL STOP #471,"I-35, EXIT 127 & FM-471",Natalia,TX,740,3.203000,,
68815,LOVES TRAVEL STOPS #471,"I-35, EXIT 127 & FM-471",Natalia,TX,740,3.289000,,
68821,Joe's Kwik Mart #473,CR-139,Lancaster,NY,38,3.799000,,
68821,Joe's Kwik Mart #473,CR-139,Lancaster,NY,38,3.659000,,
68822,CASEYS #3919,"I-35/US-50, EXIT 148 & SR-131",Lebo,KS,400,3.089000,,
68823,FRIENDS FOOD MART,SR-13,Mansfield,OH,249,4.199000,,
68824,EXPRESSWAY,SR-60 & CR-9,Heron Lake,MN,425,3.299000,45.7744240,-94.5339713
68825,ALLTOWN MARKETS #832,"I-95, EXIT 40",Milford,CT,100,3.599000,,
68826,HIGHWAY SERVICE,US-44,Seekonk,MA,175,3.319000,,
68828,CIRCLE K #2721540,US-78 & SR-15,New Albany,MS,435,3.759000,,
68831,KWIK TRIP #896,SR-65 & CR-J,Minneapolis,MN,451,3.599000,,
68835,SPEEDWAY #7954,US-258/SR-24,Richlands,NC,205,3.324000,,
68836,Corner Market #160,US-60,Pampa,TX,585,3.399000,,
68839,CHOCTAW TRAVEL PLAZA #641,US-69/SR-43,Stringtown,OK,560,3.159000,,
68840,LOVES TRAVEL STOP #475,"I-20/US-84, EXIT 242 & FM-142",Sweetwater,TX,575,3.189000,,
68841,PILOT TRAVEL CENTER #575,"I-95, EXIT 1",Saint Marys,GA,75,3.599000,,
68841,PILOT TRAVEL CENTERS #575,"I-95, EXIT 1",Saint Marys,GA,75,3.599000,,
68843,PILOT #467,"I-37, EXIT 125",San Antonio,TX,740,3.399000,,
68844,FLYING J #553,"I-10, EXIT 259",Fort Stockton,TX,710,3.659000,,
68845,PILOT TRAVEL CENTER #4651,"I-95, EXIT 4",Skippers,VA,180,3.799000,,
68847,CIRCLE K #2741553,US-190/US-183 & US-281,Lampasas,TX,595,2.759000,,
68848,CIRCLE K #2741328,"I-35, EXIT 328 & FM-2063",Hewitt,TX,765,2.865667,,
68849,Circle K #2706632,US-80/SR-8 & CR-480,Selma,AL,720,3.699000,32.3532576,-86.9700768
68850,SPRINT MART #67,US-84/US-425,Vidalia,LA,730,3.082333,,
68855,FLYING J #861,"TCH 1, EXIT 168",Hope,BC,800,5.121276,,
68855,FLYING J #861,"TCH 1, EXIT 168",Hope,BC,800,5.120146,,
68855,FLYING J #861,"TCH 1, EXIT 168",Hope,BC,800,5.131847,,
68855,FLYING J #861,"TCH 1, EXIT 168",Hope,BC,800,5.122407,,
68855,FLYING J #861,"TCH 1, EXIT 168",Hope,BC,800,5.123915,,
68855,FLYING J #861,"TCH 1, EXIT 168",Hope,BC,800,5.132604,,
68856,KWIK N EZ #1,"I-40, EXIT 265",Checotah,OK,645,2.909000,,
68860,PETRO STOP #394,"I-35, EXIT 101 & FM-140",Pearsall,TX,740,3.535667,,
68861,KWIK TRIP #733,SR-76/SR-44,Caledonia,MN,515,3.490667,,
68864,QUICK FUEL #3190,"I-75, EXIT 68",Dayton,OH,317,3.677333,,
68865,QUICK FUEL #3192,"I-275, EXIT 42B & SR-747",Cincinnati,OH,300,3.252333,,
68868,PUMP & PANTRY #14,SR-92/SR-2,Broken Bow,NE,330,3.299000,,
68869,PUMP & PANTRY #4,SR-2 & SR-11,Cairo,NE,330,3.327333,,
68873,ONVO TRAVEL PLAZA - MOUNTAIN COBB,"I-84, EXIT 8",Lake Ariel,PA,200,3.585667,,
68874,QUIKTRIP #492,"I-10, EXIT 114 & SR-85",Buckeye,AZ,930,3.369000,,
68875,SHEETZ #512,"I-40, EXIT 203 & SR-66",Kernersville,NC,65,2.844000,,
68882,CAPITAL FUELS MYTON,US-40/191,Myton,UT,835,3.502333,,
68883,CBH TRAVEL CENTER,US-85,Belle Fourche,SD,506,3.299000,,
68885,FLYING J #488,"I-35, EXIT 69",Cotulla,TX,693,3.599000,,
68886,BEBO'S,SR-38,Kentwood,LA,600,3.015667,,
68888,Express Lane,"US-80, EXIT 33 & US-6/SR-78",Annawan,IL,270,3.299000,,
68888,Express Lane,"US-80, EXIT 33 & US-6/SR-78",Annawan,IL,270,3.399000,,
68890,Circle K #2741795,"I-430, EXIT 12 & SR-100",Maumelle,AR,695,3.185667,,
68891,LOVES TRAVEL STOP #480,I-40 EXIT 364,Lenoir City,TN,405,3.439000,,
68892,OLIVE EXXON,US-31,Holland,MI,371,3.799000,,
68893,J & H FAMILY STORE,"I-96, EXIT 52 & SR-50",Lowell,MI,371,3.789000,,
68894,ROCKFORD MOBIL MART,"US-131, EXIT 97",Rockford,MI,344,3.599000,,
68894,ROCKFORD MOBIL MART,"US-131, EXIT 97",Rockford,MI,344,3.299000,,
68895,J & H FAMILY STORE #103,"I-196, EXIT 62",Hudsonville,MI,344,3.399000,,
68897,TA CARYVILLE,"I-75, EXIT 141",Pioneer,TN,405,3.007333,,
68899,XTRAMART,SR-9,Westborough,MA,175,3.649000,,
68900,DUCK THRU #41,US-17/SR-37,Hertford,NC,130,3.599000,,
68901,SPEEDWAY #1224,"SR-741 & I-71, EXIT 25",Mason,OH,300,3.159000,,
68902,CASEYS #3062,SR-281 & SR-160,Medicine Lodge,KS,357,3.114000,,
68903,BIG D KWIK SHOP,SR-59,Gillette,WY,836,3.379000,,
68907,QUIKTRIP #943,"I-35E, EXIT 405 & US-77",Waxahachie,TX,630,2.895667,,
68908,SPEEDWAY #1804,"I-270, EXIT 32 & I-71, EXIT 116",Columbus,OH,315,3.692333,,
68912,Chisholm Corner #13,"SR-19 & I-35, EXIT 72",Pauls Valley,OK,569,3.089000,35.3200258,-97.4915246
68913,CASEYS #3263,"I-90, EXIT 43 & SR-60",Worthington,MN,530,3.142333,,
68915,PUMP & PANTRY #53,US-20,Jackson,NE,527,3.412333,,
68916,YESWAY #1075,"I-20, EXIT 278",Tye,TX,575,2.875667,,
68919,GULF MART 5150,"I-90 E, MM 117",Natick,MA,34,4.065667,,
68921,GAS N GO,US-341/SR-7 & SR-96/SR-49,Fort Valley,GA,85,3.182333,32.5539606,-83.8834182
68923,STRIPES 7FLEET #42509,US-67 & SR-137,Big Lake,TX,612,3.599000,31.1917268,-101.4673279
68924,KWIK TRIP #326,"I-90, EXIT 171 & US-51 & US-14",Janesville,WI,420,3.374000,42.7303001,-89.0331688
68925,KWIK TRIP #874,"I-35, EXIT 132 & US-8",Chisago City,MN,448,3.327333,,
68926,KWIK TRIP #872,SR-26,Jefferson,WI,420,3.382333,,
68927,MARATHON,US-19 & SR-80,Rosedale,VA,185,3.749000,,
68928,PILOT TRAVEL CENTER #475,"I-40, EXIT 196 & SR-41",Moriarty,NM,580,3.244000,,
68929,SPEEDWAY #6953,"I-74/US-311, EXIT 65",High Point,NC,65,3.529000,,
68930,PILOT #4569,"I-95, EXIT 5",Hardeeville,SC,195,3.375667,,
68933,RUTTERS #23,US-30 & SR-462,Mountville,PA,70,3.979000,,
68935,JACKSONS FOOD STORES #144,I-84 & SR-55,Nampa,ID,785,3.899000,,
68936,AMOCO,US-421/SR-11 & SR-53,Burgaw,NC,245,3.599000,,
68937,LANTZ CORNERS MINI MART #255,US-6 & US-219,Kane,PA,240,3.715667,41.7083317,-78.6940111
68938,TOOT N TOTUM #23,SR-136/207 & SR-152,Borger,TX,585,3.015667,,
68941,ALLTOWN MARKETS #2743,"US-3, EXIT 28",North Billerica,MA,178,3.682333,,
68946,FLYING J #97,"I-75, EXIT 64",Vandalia,OH,317,3.352333,,
68947,PILOT TRAVEL CENTER #593,"I-10, EXIT 268",Tucson,AZ,980,3.302333,,
68949,JOES KWIK MARTS #475,US-15 & SR-20,Orange,VA,180,3.332333,,
68950,KWIK TRIP #608,US-52 & SR-30,Chatfield,MN,515,3.482333,,
68951,KWIK TRIP #313,US-10 & SR-73,Neillsville,WI,395,3.339000,,
68952,MAVERIK COUNTRY STORE #425,"I-84, EXIT 376, US-30/US-95",Fruitland,ID,785,3.365667,,
68956,SPEEDWAY #4533,"US-18/US-12, EXIT 146",Madison,WI,448,3.599000,,
68957,TA EXPRESS #6259,US-85/SR-200,Alexander,ND,273,3.525667,,
68959,SPEEDWAY #5215,"I-70, EXIT 66 & SR-54",South Vienna,OH,315,3.159000,,
68960,MAVERIK COUNTRY STORE #484,"I-15/84, EXIT 343 & SR-126",Ogden,UT,835,3.392333,,
68964,JIFFY TRIP #201,US-64/SR-58,Cherokee,OK,337,3.269000,,
68969,MAVERIK COUNTRY STORE #474,"I-80, EXIT 115, CR-154",Salt Lake City,UT,835,3.389000,,
68971,FLYING J #580,"I-20, EXIT 121",Odessa,TX,710,3.565667,,
68972,SUNOCO CLARA BARTON PLAZA #7005,NJTP MM 5 SB,Penns Grove,NJ,115,3.899000,,
68974,STRIPES #40801,US-181 & SR-123 & CR-347,Karnes City,TX,625,3.174000,,
68976,MAVERIK COUNTRY STORE #453,"I-80, EXIT 223 & SR-305",Battle Mountain,NV,835,3.389000,,
68977,MAVERIK COUNTRY STORE #444,US-491 & US-666,Monticello,UT,835,3.489000,,
68978,MAVERIK COUNTRY STORE #287,"I-84, EXIT 36 & US-30",Nampa,ID,785,3.385667,,
68979,MAVERIK COUNTRY STORE #478,"I-40, EXIT 286 & SR-77",Holbrook,AZ,930,3.224000,,
68981,PETRO-CARD 24 #910450,US-63 & US-36,Macon,MO,494,3.239000,39.7521198,-92.4678606
68982,SHELL,US-23,Grand Blanc,MI,342,3.799000,,
68985,LOVES TRAVEL STOP #500,"I-35, EXIT 106",Eagleville,MO,320,3.789000,,
68987,STRIPES #40535,I-35,Cotulla,TX,625,3.339000,,
68988,7-ELEVEN #40547,US-281 & SR-29,Burnet,TX,740,2.957333,,
68989,QUARLES #4907,SR-166,Norfolk,VA,130,3.809000,,
68990,LOVES TRAVEL STOP #490,"I-24, EXIT 158",Jasper,TN,285,3.252333,,
68991,LOVES TRAVEL STOP #514,"I-90/US-395, EXIT 221 & SR-261",Ritzville,WA,970,3.959000,,
68991,LOVES TRAVEL STOP #514,"I-90/US-395, EXIT 221 & SR-261",Ritzville,WA,970,4.049000,,
68991,LOVES TRAVEL STOP #514,"I-90/US-395, EXIT 221 & SR-261",Ritzville,WA,970,3.989000,,
68991,LOVES TRAVEL STOP #514,"I-90/US-395, EXIT 221 & SR-261",Ritzville,WA,970,3.919000,,
68991,LOVES TRAVEL STOPS #514,"I-90/US-395, EXIT 221 & SR-261",Ritzville,WA,970,4.019000,,
68992,SHORT STOP #24,US-24,Saint Marys,KS,553,2.967333,,
68993,SHORT STOP #22,SR-15,Clay Center,KS,316,2.972333,,
68994,SHORT STOP #25,US-36 & SR-15,Washington,KS,316,2.902333,,
68995,ALLTOWN MARKETS #839,"I-95, EXIT 10",Darien,CT,100,3.832333,,
68996,BLU / DRIVEN FUELS,"I-15, EXIT 113",Idaho Falls,ID,825,3.479000,,
69002,KWIK TRIP #863,US-10,Stevens Point,WI,395,3.584000,,
69004,Maplefields,HWY 9 N & ROUTE 22,Ticonderoga,NY,39,3.749000,43.8855211,-73.4479770
69005,SPEEDWAY #1017,"I-70, EXIT 186 & SR-285",Lore City,OH,315,3.232333,,
69006,PILOT #449,"I-70, EXIT 208",Belmont,OH,165,3.539000,,
69007,SPEEDWAY #7136,US-41 & US-70,Nashville,TN,460,3.242333,,
69008,SPEEDWAY #7137,SR-42 & SR-111,Cookeville,TN,460,3.077333,,
69009,PILOT #1140,US-287,Rhome,TX,630,3.175667,,
69010,PILOT TRAVEL CENTER #1023,US-69 & US-59/SR-287,Lufkin,TX,610,3.659000,,
69013,SPEEDWAY #7124,US-231/SR-10,Lebanon,TN,460,3.024000,,
69014,SPEEDWAY #4100,"I-94, EXIT 308 & US-41",Milwaukee,WI,448,3.599000,,
69015,Joe's Kwik Mart,"I-75, EXIT 7 & US-11 & US-64",Chattanooga,TN,285,3.149000,,
69016,SPEEDWAY #7606,"I-75, EXIT 25",Corbin,KY,405,3.519000,,
69017,SHELL,US-71 & SR-511,Bossier City,LA,745,2.999000,,
69021,SWEET CRUDE TRAVEL CENTER,HWY 85 & SR 200,Grassy Butte,ND,273,3.640667,,
69027,SPINX #134 (DISCOUNT AVAILABLE),SR-55 & 418,Simpsonville,SC,30,3.065667,,
69028,LOVES TRAVEL STOP #427,"I-75, EXIT 51",Dayton,OH,317,3.319000,,
69029,LOVES TRAVEL STOP #461,"I-70, EXIT 246A",Saint Louis,MO,540,3.114000,,
69030,LOVES TRAVEL STOP #424,"I-20, EXIT 51",Lexington,SC,135,3.407333,,
69031,LOVES TRAVEL STOP #492,"I-20, EXIT 42 & US-285",Pecos,TX,710,3.455000,,
69031,LOVES TRAVEL STOPS #492,"I-20, EXIT 42 & US-285",Pecos,TX,710,3.449000,,
69032,FLYING J #866,HIGHWAY 11/17,Pass Lake,ON,700,4.341528,,
69032,FLYING J #866,HIGHWAY 11/17,Pass Lake,ON,700,4.908602,,
69032,FLYING J #866,HIGHWAY 11/17,Pass Lake,ON,700,4.899572,,
69032,FLYING J #866,HIGHWAY 11/17,Pass Lake,ON,700,4.897410,,
69032,FLYING J #866,HIGHWAY 11/17,Pass Lake,ON,700,4.909326,,
69032,FLYING J #866,HIGHWAY 11/17,Pass Lake,ON,700,4.901015,,
69036,REFUEL #1038,US-15 & SR-151,Hartsville,SC,46,3.365667,,
69037,CIRCLE K #2723192,US-64 & US-421,Siler City,NC,177,2.949000,,
69038,REFUEL #1028,US-421/US-52 & US-15,Society Hill,SC,63,3.399000,34.5456292,-79.8711946
69041,SPEEDWAY #7960,US-258/US-13,Farmville,NC,205,2.899000,35.5344214,-77.6004979
69042,Joes Kwik Mart #7012,US-17/701,Georgetown,SC,205,2.999000,,
69043,KWIK TRIP #204,"US-51, EXIT 188",Wausau,WI,395,3.332333,,
69045,TA BRUNSWICK #6258,"I-95, EXIT 29",Brunswick,GA,75,3.460667,,
69046,SPEEDWAY #6303,"I-96, EXIT 4 & US-31",Muskegon,MI,456,3.299000,,
69046,SPEEDWAY #6303,"I-96, EXIT 4 & US-31",Muskegon,MI,456,3.319000,,
69046,SPEEDWAY #6303,"I-96, EXIT 4 & US-31",Muskegon,MI,456,3.359000,,
69046,SPEEDWAY #6303,"I-96, EXIT 4 & US-31",Muskegon,MI,456,3.379000,,
69046,SPEEDWAY #6303,"I-96, EXIT 4 & US-31",Muskegon,MI,456,3.279000,,
69047,SPEEDWAY #7461,I-294 & SR-50/SR-31,Alsip,IL,293,3.219000,,
69048,QUICK FUEL #2104,"I-74, EXIT 11",Indianapolis,IN,375,3.662333,,
69049,CIRCLE K #2741787,"I-440, EXIT 7 & US-165",North Little Rock,AR,695,3.369000,,
69051,PILOT TRAVEL CENTER #1225,"I-64, EXIT 23 & SR-4",Mascoutah,IL,540,3.799000,,
69051,PILOT TRAVEL CENTER #1225,"I-64, EXIT 23 & SR-4",Mascoutah,IL,540,3.859000,,
69051,PILOT #1225,"I-64, EXIT 23 & SR-4",Mascoutah,IL,540,3.859000,,
69052,PILOT DEALER #1193,US-93,Wikieup,AZ,930,3.839000,,
69052,PILOT #1193,US-93,Wikieup,AZ,930,3.899000,,
69053,PILOT #1192,US-60,Wittmann,AZ,930,4.899000,,
69053,PILOT DEALER #1192,US-60,Wittmann,AZ,930,4.899000,,
69055,PILOT DEALER #1058,US-301 & SR-200,Waldo,FL,140,3.799000,,
69055,PILOT TRAVEL CENTER #1058,US-301 & SR-200,Waldo,FL,140,3.799000,,
69057,MACH ONE FOOD SHOP #18,US-45/SR-15,Fairfield,IL,340,3.759000,38.3791510,-88.3473701
69057,MACH ONE FOOD SHOP #18,US-45/SR-15,Fairfield,IL,340,3.729000,38.3791510,-88.3473701
69058,FOOD N FUEL,SR-53,Joliet,IL,365,3.599000,,
69058,FOOD N FUEL,SR-53,Joliet,IL,365,3.499000,,
69059,LOVES TRAVEL STOP #530,"I-20, EXIT 147",Moody,AL,615,3.175667,,
69061,SPINX #125 (DISCOUNT AVAILABLE),US-25 & SR-331,Piedmont,SC,30,3.065667,,
69064,DUCK THRU #7,US-258,Rich Square,NC,130,3.699000,,
69067,AP FUEL STOP,"I-75, EXIT 120",Lima,OH,411,3.080667,,
69069,SPINX #179 (DISCOUNT AVAILABLE),SR-291,Greenville,SC,210,3.799000,,
69073,LOVES TRAVEL CENTER #518,"I-15, EXIT 260 & SR-77",Springville,UT,835,3.689000,,
69073,LOVES TRAVEL STOP #518,"I-15, EXIT 260 & SR-77",Springville,UT,835,3.809000,,
69076,A PLUS MINI MARKET,"I-95, MM 82",Aberdeen,MD,22,3.832333,,
69077,FLYING J #554,"I-37, EXIT 56",George West,TX,740,3.199000,,
69078,PILOT #559,"I-20, EXIT 178",Big Spring,TX,612,3.659000,,
69079,Circle K #2746432,SR-2,Stanley,ND,452,3.549000,,
69084,TIGER MART #79,SR-287 & FM-664,Waxahachie,TX,630,2.849000,,
69085,FATDOGS OGALLALA,"US-80, EXIT 126 & US-26/SR-61",Ogallala,NE,475,3.014000,41.1634880,-101.7350239
69088,SPEEDWAY #3478,US-9 & SR-184,Perth Amboy,NJ,115,3.419000,,
69091,SPEEDWAY #6670,US-36/SR-67,Indianapolis,IN,375,3.229000,,
69095,JACKSONS FOOD STORE #23,"SR-395, EXIT 78",Reno,NV,966,3.999000,,
69096,SPEEDWAY #2907,US-62 & SR-18,Hermitage,PA,165,3.937333,,
69097,CIRCLE K #2741192,"I-30, EXIT 42B & SR-180",Dallas,TX,630,2.899000,,
69098,CIRCLE K #2741318,SR-285 & CR-160,Dripping Springs,TX,595,3.049000,,
69099,LOVES TRAVEL STOP #523,"I-10, EXIT 92",Rayne,LA,600,3.149000,,
69100,DADS NORTH YELLOWSTONE,US-26,Idaho Falls,ID,825,3.599000,,
69101,BROMPTON VALERO,"I-20, EXIT 147 WEST",Moody,AL,615,3.122333,,
69102,CIRCLE K #4701445,"I-57, EXIT 250 & US-36",Rantoul,IL,280,3.599000,,
69102,CIRCLE K #4701445,"I-57, EXIT 250 & US-36",Rantoul,IL,280,3.799000,,
69103,LOVES TRAVEL STOP #539,US-385 & FM-1910,Andrews,TX,710,3.689000,,
69104,QUIKTRIP #970,SR-12 & SR-180,Dallas,TX,630,2.975667,32.8637340,-96.6719937
69106,SPINX #201,"I-185, EXIT 1A, I-385, EXIT 30",Simpsonville,SC,30,2.965667,,
69109,SHEETZ #497,"I-99, EXIT 15 & US-220 (BUSINESS)",Claysburg,PA,14,3.644000,,
69110,SHEETZ #498,US-22/US-119,Blairsville,PA,165,3.527333,,
69112,LOVES TRAVEL STOP #529,"I-39, EXIT 54",Oglesby,IL,290,3.489000,,
69112,LOVES TRAVEL STOP #529,"I-39, EXIT 54",Oglesby,IL,290,3.589000,,
69112,LOVES TRAVEL STOP #529,"I-39, EXIT 54",Oglesby,IL,290,3.389000,,
69115,BP,"I-90, EXIT 387/CR-151",Hartford,SD,530,2.977333,,
69117,SPEEDWAY #6395,US-24 & SR-64,Waterville,OH,550,3.699000,,
69119,CIRCLE K #2741217,"I-24, EXIT 242 & US-550/SR-24",Bernalillo,NM,580,3.525667,35.3203345,-106.5503373
69122,DOUBLE QUICK #61,US-82,Leland,MS,655,3.299000,,
69123,LATTA TRAVEL STOP,SR-1,Ada,OK,569,3.107333,,
69124,LOVES TRAVEL STOP #467,"I-95, EXIT 131 & SR-68",Fort Pierce,FL,95,3.505667,,
69125,TA BROOKLYN,"I-80, EXIT 197",Brooklyn,IA,380,3.819000,,
69127,TALL TIMBERS TRUCK STOP,"I-55, EXIT 46 & SR-16",Amite,LA,600,2.999000,,
69128,BEACON & BRIDGE #34,"US-127, EXIT 194 & SR-55",Houghton Lake,MI,260,3.399000,,
69132,PILOT #1001,US-67 & SR-137,Big Lake,TX,710,4.059000,31.1917268,-101.4673279
69133,PILOT TRAVEL CENTERS #557,US-180 & US-62,Hobbs,NM,593,3.729000,,
69134,LOVES TRAVEL STOP #486,"I-40 & US-270, EXIT 166",Choctaw,OK,483,3.337333,,
69135,SPEEDWAY #8013,"I-70, EXIT 21",Brookville,OH,317,3.340667,,
69137,CIRCLE K #2741564,"I-35/US-77, EXIT 338B",Waco,TX,765,2.889000,,
69139,CIRCLE K #2741545,SR-72 & US-87,Cuero,TX,747,3.099000,,
69141,LOVES TRAVEL STOP #558,US-283 & US-400/US-56,Dodge City,KS,570,3.789000,,
69142,LOVES TRAVEL STOP #517,"I-70, EXIT 26 & US-50/6",Grand Junction,CO,800,3.989000,,
69143,MACH 1 #21,US-45 & SR-34,Harrisburg,IL,510,3.689000,,
69144,STRIPES 7FLEET #42530,SR-71 & SR-16,Llano,TX,740,3.232333,,
69145,SPEEDWAY #9561,"I-77, EXIT 132",Ripley,WV,44,3.499000,,
69146,DRUMS FUEL STOP,I-80 EXIT 262,Drums,PA,200,3.569000,,
69149,BLU STATION- LAMAR AVE,"I-240, EXIT 30",Memphis,TN,435,2.969000,,
69150,BLU STATION,"I-70, EXIT 66 & SR-267",Plainfield,IN,375,3.479000,,
69151,PILOT #592,"I-70, EXIT 26 & US-50",Grand Junction,CO,800,3.999000,,
69151,PILOT TRAVEL CENTER #592,"I-70, EXIT 26 & US-50",Grand Junction,CO,800,3.999000,,
69152,LOVES TRAVEL STOP #557,"US-64/167, EXIT 44 & SR-367",Searcy,AR,695,3.362333,,
69153,Pilot Travel Center #1550,"I-65, EXIT 304 & SR-69/CR-437",Cullman,AL,615,3.859000,34.1359578,-86.8520260
69153,PILOT #1550,"I-65, EXIT 304 & SR-69/CR-437",Cullman,AL,615,3.859000,34.1359578,-86.8520260
69155,PILOT TRAVEL CENTERS #1004,"I-35, EXIT 214 & US-60",Tonkawa,OK,500,3.595667,,
69156,BLU STATION,"I-55, EXIT 5A",Memphis,TN,435,2.969000,,
69159,EXXON,US-15 & SR-49,Lawrenceville,PA,32,3.699000,,
69162,Shell,US-20 & SR-15,Goshen,IN,370,3.549000,41.6673911,-85.8213803
69163,CUBBYS #406,"I-229, EXIT 9 & SR-115",Sioux Falls,SD,530,3.099000,,
69164,CIRCLE K #2741557,US-190 & SR-195 & SR-3470,Killeen,TX,765,2.762333,,
69165,EL TIPI QUICK STOP,US-283 & SR-15,Shattuck,OK,337,3.232333,,
69167,HOBO TRUCK STOP 2,US-50/400 & US-83,Garden City,KS,525,3.399000,37.9604456,-100.8398566
69168,STRIPES 7FLEET #42470,I-20 EXIT 324 & CR-134,Cisco,TX,575,3.127333,,
69169,LAMBOS #5,"I-57, EXIT 212 & SR-36/CR-950",Tuscola,IL,280,3.229000,,
69170,SPEEDWAY #9381,US-50 & SR-14,Parkersburg,WV,430,3.464000,,
69171,KWIK STAR #215,US-61,Davenport,IA,270,3.649000,,
69172,KWIK TRIP #210,"US-53, EXIT 90",Eau Claire,WI,295,3.407333,,
69173,KWIK TRIP #231,US-61 & SR-310,Boscobel,WI,335,3.474000,,
69174,KWIK TRIP #860,SR-17,Rhinelander,WI,395,3.452333,,
69175,KWIK TRIP #854,US-212 & CR-33,Norwood Young America,MN,453,3.674000,,
69176,FLYING J TRAVEL PLAZA #1015- TOWN PUMP,SR-200/SR-16 & CR-123,Sidney,MT,780,3.384000,47.6889585,-104.1756684
69177,LOVES TRAVEL STOP #426,"I-80, EXIT 34",Shelby,IA,433,3.649000,,
69178,LOVES TRAVEL STOP #495,"I-75, EXIT 143 & CR-78",North Fort Myers,FL,225,3.789000,,
69182,XtraMart #1513,"I-87, EXIT 10 & US-9",Clifton Park,NY,12,3.899000,,
69183,SPEEDWAY #7611,"I-71, EXIT 65 & SR-435",Jeffersonville,OH,315,3.229000,,
69185,LOVES TRAVEL STOP #560,US-258 & US-58,Franklin,VA,130,3.889000,,
69185,LOVES TRAVEL STOPS #560,US-258 & US-58,Franklin,VA,130,3.889000,,
69186,LOVES TRAVEL STOP #551,US-20 & CR-127,Angola,IN,465,3.889000,,
69187,LOVES TRAVEL STOP #559,US-82 & US-49,Indianola,MS,655,3.315667,,
69188,PILOT TRAVEL CENTER #1013-TOWN PUMP,"I-90, EXIT 298",Belgrade,MT,786,3.630667,,
69189,LOVES TRAVEL STOP #542,"I-10, EXIT 261/US-67 & I-10 BUS",Fort Stockton,TX,710,3.649000,,
69190,LOVES TRAVEL STOP #561,"I-10, EXIT 70 & US-90 & SR-285",Defuniak Springs,FL,20,3.609000,30.7215848,-86.1194058
69193,Certified Oil #400305,SR-2 & SR-7,New Martinsville,WV,317,3.317333,,
69194,CHESAPEAKE HOUSE SUNOCO,"I-95, EXIT 97",North East,MD,243,3.832333,,
69200,BECKS EXPRESS MART #22,"I-55, EXIT 126",Lincoln,IL,280,3.299000,,
69201,CASEYS #3654,SR-210,Brainerd,MN,522,3.445667,,
69203,SPEEDWAY #1414,US-45,Mokena,IL,293,3.339000,,
69207,CIRCLE K #2705988,"I-10, EXIT 209A & US-90/SR-10",Tallahassee,FL,20,3.619000,,
69211,KWIK TRIP #213,"I-35/US-61, EXIT 139 & CR-19",Stacy,MN,451,3.377333,,
69213,Circle K #2741498,SR-72 & SR-16,Tilden,TX,747,3.199000,,
69214,MAVERIK #5031,"I-70, EXIT 90 & US-24",Rifle,CO,800,3.462333,,
69215,GASWAY,US-1,North Brunswick,NJ,115,3.159000,,
69217,Circle K #4705624,"I-76, EXIT 2 & US-224",Seville,OH,249,3.065667,,
69218,DANDY MINI MART #58,"I-86, EXIT 41 & US-17/15",Campbell,NY,32,3.899000,,
69218,DANDY MINI MART #58,"I-86, EXIT 41 & US-17/15",Campbell,NY,32,3.999000,,
69220,CIRCLE K #2705097,"I-275, EXIT 2 & US-41",Palmetto,FL,225,3.699000,27.5096054,-82.5725233
69221,PILOT TRAVEL CENTER #483,"I-80, EXIT 112 & SR-47",Morris,IL,290,3.799000,,
69222,PILOT TRAVEL CENTERS #1003,US-287 & US-283,Childress,TX,585,3.799000,,
69223,LOVES TRAVEL STOP #566,"US-231/CR-53, EXIT 12",Ozark,AL,20,3.989000,,
69226,STRIPES #40812,US-77,Odem,TX,625,3.199000,,
69228,QUIKTRIP #993,"I-20, EXIT 501 & SR-34",Terrell,TX,630,2.870667,,
69229,SPEEDWAY #7154,"I-40, EXIT 87 & US-70",Jackson,TN,460,3.399000,35.7910032,-88.6437343
69230,JOES KWIK MARTS #6013,SR-16 & SR-73,Denver,NC,46,3.189000,35.4463581,-80.9972202
69233,PILOT TRAVEL CENTER #597,US-23 & US-50,Chillicothe,OH,315,3.799000,,
69234,KWIK TRIP #220,US-53/SR-194,Duluth,MN,334,3.499000,,
69235,KWIK TRIP #203,US-2 & SR-35,Superior,WI,334,3.339000,,
69236,KWIK TRIP #225,SR-54/SR-55,Seymour,WI,582,3.390667,,
69237,KWIK TRIP #239,"I-43, EXIT 50 & SR-164",Big Bend,WI,444,3.332333,,
69238,KWIK TRIP #242,"US-41, EXIT 97",Fond Du Lac,WI,444,3.340667,,
69239,LOVES TRAVEL STOP #580,SR-20/157 & SR-133,Tuscumbia,AL,615,3.849000,34.7108153,-87.6663245
69245,SPEEDWAY #7946,SR-24,Newport,NC,205,3.699000,,
69250,MAVERIK #5150,"I-25, EXIT 278 & SR-1",Wellington,CO,800,3.199000,,
69252,SPEEDWAY #6977,SR-96,Youngsville,NC,205,2.952333,,
69255,THE LANDING,US-82,Greenwood,MS,655,3.199000,,
69257,CATARINA ONE STOP,US-83,Catarina,TX,693,3.024000,,
69258,TEX-BEST #525,"I-37, EXIT 109 & SR-97",Pleasanton,TX,740,3.099000,,
69259,SPEEDWAY #7162,US-74/SR-311,Cleveland,TN,285,3.449000,,
69261,THORNTONS #314,SR-83,Bensenville,IL,290,3.449000,,
69261,THORNTONS #314,SR-83,Bensenville,IL,290,3.409000,,
69261,THORNTONS #314,SR-83,Bensenville,IL,290,3.459000,,
69263,LOVES TRAVEL STOP #564,US-82 & SR-50 & SR-12,Columbus,MS,615,3.249000,,
69288,KWIK STAR #207,"US-61, EXIT 311B & US-30",De Witt,IA,270,3.624000,,
69289,KWIK TRIP #224,"I-35, EXIT 254",Duluth,MN,334,3.499000,,
69290,LOVES TRAVEL STOP #587,"I-41/US-45, EXIT 97",Fond Du Lac,WI,444,3.445667,,
69291,LOVES TRAVEL STOP #581,"I-70, EXIT 56 & US-89",Salina,UT,835,3.705667,,
69294,KWIK TRIP #317,"I-90, EXIT 28 & SR-16",Sparta,WI,515,3.242333,,
69295,FLYING J #864,HWY 11 S & RAILWAY ST,Davidson,SK,550,4.899572,,
69295,FLYING J #864,HWY 11 S & RAILWAY ST,Davidson,SK,550,4.909326,,
69295,FLYING J #864,HWY 11 S & RAILWAY ST,Davidson,SK,550,4.908602,,
69295,FLYING J #864,HWY 11 S & RAILWAY ST,Davidson,SK,550,4.897410,,
69295,FLYING J #864,HWY 11 S & RAILWAY ST,Davidson,SK,550,4.898491,,
69295,FLYING J #864,HWY 11 S & RAILWAY ST,Davidson,SK,550,4.901015,,
69296,KWIK TRIP #234,"I-35, EXIT 239",Cloquet,MN,334,3.319000,,
69297,KWIK TRIP #241,"US-51, EXIT 208 & SR-64",Merrill,WI,395,3.407333,,
69299,SPEEDWAY #7912,US-421/SR-16,Wilkesboro,NC,65,3.134000,,
69300,SPEEDWAY #8262,SR-306 & SR-55,Grantsboro,NC,205,3.440667,35.1404030,-76.8427495
69301,SPEEDWAY #6969,US-264 & SR-99,Belhaven,NC,205,3.197333,,
69305,ROAD RANGER #268,"I-64, EXIT 130 & SR-1",Grayville,IL,340,3.799000,,
69306,PILOT TRAVEL CENTER #500,"I-75, EXIT 460 & SR-6",Jasper,FL,10,3.369000,,
69307,LOVES TRAVEL STOP #578,I-55 EXIT 30 & SR-140,Hamel,IL,540,3.569000,,
69307,LOVES TRAVEL STOP #578,I-55 EXIT 30 & SR-140,Hamel,IL,540,3.419000,,
69307,LOVES TRAVEL STOP #578,I-55 EXIT 30 & SR-140,Hamel,IL,540,3.429000,,
69307,LOVES TRAVEL STOP #578,I-55 EXIT 30 & SR-140,Hamel,IL,540,3.689000,,
69308,LOVES TRAVEL STOP #535,SR-283,Middletown,PA,70,3.759000,,
69309,PILOT TRAVEL CENTER #1012,"US-218, EXIT 42B & US-34",Mount Pleasant,IA,270,3.565667,,
69310,PILOT TRAVEL CENTER #1006,"I-10, EXIT 456 & US-377",Junction,TX,740,3.599000,,
69311,GOLDEN GATE TRUCKSTOP HAWTHORNE,US-95/SR-362,Hawthorne,NV,966,4.079000,,
69312,ONVO TRAVEL PLAZA - DUNCANNON,US-11/15,Duncannon,PA,70,3.552333,,
69313,PETERSONS DIESEL FUELING,"I-5, EXIT 156",Seattle,WA,962,4.399000,,
69314,Circle K #4706799,"I-55, EXIT 283 & SR-43",Bridgeview,IL,291,3.919000,,
69315,ROAD RANGER #269,"I-70, EXIT 147 & SR-1",Marshall,IL,510,3.449000,39.4786643,-87.6819248
69315,ROAD RANGER #269,"I-70, EXIT 147 & SR-1",Marshall,IL,510,3.249000,39.4786643,-87.6819248
69315,ROAD RANGER #269,"I-70, EXIT 147 & SR-1",Marshall,IL,510,3.309000,39.4786643,-87.6819248
69318,FUEL ONE,US-9 & SR-35,Avenel,NJ,115,3.372333,,
69319,SPEEDWAY #8190,US-117/13 BYP S,Goldsboro,NC,205,3.599000,,
69321,CIRCLE K #2741546,US-90,Gonzales,TX,747,2.875667,,
69322,SHELL SERVICE STATION,"I-10, EXIT 828 & SR-73",Winnie,TX,610,3.232333,,
69324,CIRCLE K #4707006,"I-95, EXIT 302 & US-1",Houlton,ME,170,3.899000,46.0756008,-67.8500480
69330,KWIK TRIP #292,"I-43, EXIT 183",Green Bay,WI,582,3.390667,,
69333,SPEEDWAY #3578,"US-131, EXIT 64",Wayland,MI,456,3.599000,,
69333,SPEEDWAY #3578,"US-131, EXIT 64",Wayland,MI,456,3.499000,,
69333,SPEEDWAY #3578,"US-131, EXIT 64",Wayland,MI,456,3.699000,,
69336,SPEEDWAY #7148,"I-40, EXIT 232 & SR-109",Lebanon,TN,460,2.922333,,
69338,SPEEDWAY #6139,US-30 & SR-13,Pierceton,IN,465,3.729000,41.2044177,-85.7052669
69339,SPEEDWAY #9383,"I-75, EXIT 29 & SR-63",Monroe,OH,300,3.202333,,
69341,CIRCLE K #2741067,"I-410/US-281, EXIT 41",San Antonio,TX,740,2.899000,,
69342,WARREN OIL,"I-90, EXIT 3 & US-41 & SR-912",Hammond,IN,365,3.439000,,
69344,CIRCLE K #2741078,SR-97 & SR-123,Stockdale,TX,747,3.079000,,
69345,RUTTERS #20,"I-76, EXIT 247 & I-283, EXIT 1A",Middletown,PA,70,3.822333,,
69346,D AND C FUEL SALES,US-6 & CR-4019,Tunkhannock,PA,200,3.699000,,
69353,SPEEDWAY #2910,"I-79, EXIT 55",Pittsburgh,PA,165,3.909000,,
69354,CIRCLE K #4702411,US-36,Danville,IN,375,3.789000,,
69359,PETRO-CANADA,TCH,Medicine Hat,AB,50,4.091797,,
69359,PETRO-CANADA,TCH,Medicine Hat,AB,50,4.099338,,
69359,PETRO-CANADA,TCH,Medicine Hat,AB,50,4.099943,,
69362,HART MARATHON,US-31,Hart,MI,456,3.499000,,
69362,HART MARATHON,US-31,Hart,MI,456,3.449000,,
69365,Circle K #4703911,SR-109 & SR-52,Portland,TN,460,2.959000,36.5772185,-86.5121395
69369,SPEEDWAY #2912,SR-65,Baden,PA,165,3.912333,,
69374,7-ELEVEN #40558,SR-6 & CR-185,Woodway,TX,765,2.985667,,
69377,CIRCLE K #4705628,SR-21 & SR-585,Barberton,OH,249,3.582333,,
69379,Kum & Go #0535,US-6 & US-65,Des Moines,IA,320,2.987333,,
69380,CASEYS #2967,SR-43 & SR-2,Bennet,NE,413,3.229000,,
69383,PETRO-CANADA,"ALASKA HWY, MILE 635",Watson Lake,YT,850,4.490017,,
69383,PETRO-CANADA,"ALASKA HWY, MILE 635",Watson Lake,YT,850,4.490680,,
69384,KWIK TRIP #209,"US-41, EXIT 148 & SR-55",Kaukauna,WI,582,3.369000,,
69390,MINIT MART #600625,"I-57, EXIT 283 & US-24",Gilman,IL,280,3.399000,,
69390,MINIT MART #600625,"I-57, EXIT 283 & US-24",Gilman,IL,280,3.489000,,
69392,LOVES TRAVEL STOP #600,"I-69, EXIT 214",Pendleton,IN,457,3.575667,,
69393,LOVES TRAVEL STOP #594,US-35 & SR-850,Bidwell,OH,315,3.849000,,
69394,SPEEDWAY #3424,"I-75, EXIT 73 & SR-55",Troy,OH,411,3.135667,,
69395,SPEEDWAY #3766,US-52,Indianapolis,IN,375,3.599000,,
69396,SPEEDWAY #7158,"I-40, EXIT 320 & SR-98",Crossville,TN,460,3.072333,,
69397,SPEEDWAY #7163,"I-40/US-412, EXIT 85",Jackson,TN,460,3.349000,,
69398,SPEEDWAY #7114,"I-75, EXIT 4, SR-153, EXIT 1 & US-64/US-11",Chattanooga,TN,285,3.082333,,
69399,SPEEDWAY #7147,"I-75, EXIT 49 & SR-30",Athens,TN,285,3.349000,,
69400,CASEYS #4411,US-641 & SR-58,Benton,KY,490,3.199000,,
69401,CASEYS #3205,"I-29, EXIT 47 & US-275/SR-92",Council Bluffs,IA,319,3.599000,,
69402,SHELL,"I-71, EXIT 151 & SR-95",Mount Gilead,OH,315,3.759000,,
69403,SHORTYS ONE STOP,US-83/12/SR-20,Selby,SD,248,3.089000,,
69405,FLYING J #551,"I-20, EXIT 330 & SR-206",Cisco,TX,575,3.142333,,
69407,Cenex,US-14/CR-812 & US-83,Blunt,SD,571,3.101500,,
69410,LOVES TRAVEL STOP #602,"I-90, EXIT 67B",Box Elder,SD,506,3.989000,,
69412,CIRCLE K #4705724,US-127 & CR-144,Paulding,OH,411,3.699000,,
69413,ASAP GENERAL STORE #300,"I-40, EXIT 66 & US-183",Clinton,OK,483,3.149000,,
69414,FLEX MARKET,"I-65 EXIT20, US-31 W EXIT 4",Bowling Green,KY,460,2.999000,37.0001175,-86.4291984
69416,CIRCLE K #2740541,HWY 90,Roans Prairie,TX,670,3.072333,,
69417,LOVLEN FOODS,US-58 & SR-615,Drewryville,VA,130,3.049000,,
69421,CIRCLE K #2741257,"I-10, EXIT 19B",El Paso,TX,640,2.915667,,
69423,FAST MARKET #4574,SR-375 & CR-258,El Paso,TX,640,2.905667,,
69425,5R TRAVEL CENTER,"I-10, US HWY 180, EXIT 82A",Deming,NM,640,3.049000,,
69426,LOVES TRAVEL STOP #553,"I-40 E, EXIT 163",Williams,AZ,930,3.595667,,
69434,CIRCLE K #2741559,US-281 & SR-29,Burnet,TX,595,2.915667,,
69436,CIRCLE K #2741077,SR-97 & CR-433,Pleasanton,TX,747,2.949000,,
69437,CountryMark,SR-66,Evansville,IN,340,3.699000,,
69438,LOVES TRAVEL STOP #585,"I-49/US-71, EXIT 27 & SR-86",Neosho,MO,277,3.397333,,
69439,LOVES TRAVEL STOP #608,"I-135, EXIT 60 & US-56",Mcpherson,KS,570,3.324000,,
69440,LOVES TRAVEL STOP #592,US-24 & SR-101,Woodburn,IN,370,3.849000,41.0885461,-84.8652462
69441,LOVES TRAVEL STOP #610,"I-20, EXIT 307 & US-283",Baird,TX,575,3.107333,,
69442,Eagle #51,US-83 & FM-1917,Carrizo Springs,TX,740,3.279000,,
69446,SUPER SAVE #4,SR-33 & SR-15,Farmerville,LA,719,3.479000,32.7421246,-92.4295684
69448,STRIPES #42525,"I-27/US-87, EXIT 2",Lubbock,TX,700,2.957333,,
69451,LOVES TRAVEL STOP #603,I-95 EXIT 366 AT PECAN PARK RD,Jacksonville,FL,75,3.399000,30.5176766,-81.6267076
69452,DANDY MINI MART #5,HWY 6,Towanda,PA,32,3.999000,,
69453,7-ELEVEN #41033,US-69,Woodville,TX,610,3.149000,,
69454,SPEEDWAY #6092,"I-65, EXIT 76A & US-31",Taylorsville,IN,375,3.357333,,
69455,SPEEDWAY #4214,"I-45, EXIT 46 & US-100",Milwaukee,WI,448,3.365667,,
69458,PEOSTA KWIK STOP,"US-20, EXIT 308",Peosta,IA,335,3.489000,,
69459,LOVES TRAVEL STOP #583,"I-64, EXIT 27 & SR-161",New Baden,IL,540,3.849000,,
69462,LOVES TRAVEL STOP #619,"I-59, EXIT 29 & SR-26",Poplarville,MS,725,3.175667,,
69465,MAVERIK COUNTRY STORE #476,US-59,Gillette,WY,790,3.365667,,
69467,CIRCLE K #2741547,US-181,Floresville,TX,740,2.995667,,
69468,TOOT N TOTUM #100,US-83,Perryton,TX,585,2.999000,,
69469,QUIKTRIP #1110,"I-85, EXIT 60 & US-101",Greer,SC,210,3.085667,,
69471,Circle K #2741501,"I-37, EXIT 3A",Corpus Christi,TX,625,3.104000,,
69474,LOVES TRAVEL STOP #577,"I-85, EXIT 22",Shorter,AL,720,3.220667,,
69475,GUTHRIE TRAVEL CENTER,I-35 EXT 138C,Guthrie,OK,483,2.965667,,
69477,LOVES TRAVEL STOP #621,US-36 & SR-110,Bevier,MO,310,3.439000,,
69480,VAN HOOK TRAVEL CENTER,US-23,New Town,ND,452,3.562333,,
69483,LOVES TRAVEL STOP #607,"US-63, EXIT 40 & SR-463",Jonesboro,AR,435,3.439000,,
69484,KWIK TRIP #774,SR-13,Adams,WI,395,3.274000,,
69485,7-ELEVEN #41036,US-96,San Augustine,TX,618,3.159000,,
69486,DUCK THRU FOOD STORE #42,SR-186 & SR-305,Seaboard,NC,130,3.299000,,
69487,CIRCLE K #2742034,"I-35, EXIT 176",Schertz,TX,740,2.794000,,
69489,SPRINT FOODS #728,SR-38,Bennettsville,SC,63,3.399000,,
69492,GOOD 2 GO #418,"I-15, EXIT 273 & US-54 & US-91",Mona,UT,835,3.429000,,
69494,TMI FUEL STOP,SR 1,Port Allen,LA,600,3.065667,,
69495,QUIKTRIP #72,US-69 & US-62,Muskogee,OK,560,3.032333,35.7590997,-95.4025666
69496,LOVES TRAVEL STOP #601,"I-70, EXIT 115 & SR-109",Knightstown,IN,375,3.949000,,
69497,MACH ONE FOOD SHOP #10,"I-70 & EXIT 129, SR-49",Casey,IL,510,3.499000,,
69497,MACH ONE FOOD SHOP #10,"I-70 & EXIT 129, SR-49",Casey,IL,510,3.299000,,
69497,MACH ONE FOOD SHOP #10,"I-70 & EXIT 129, SR-49",Casey,IL,510,3.199000,,
69499,HANKS TRUCK STOP,US-39 & US-30,Hanna,IN,457,3.499000,,
69500,ROAD RANGER #271,"I-20, EXIT 108",Odessa,TX,710,3.515667,,
69501,VALLEY COUNTRY STORE,"I-84, EXIT 16B & SR-79",Jerome,ID,787,3.432333,,
69504,KWIK TRIP #245,SR-42,Plainview,MN,515,3.624000,,
69505,KWIK TRIP #282,"I-43, EXIT 43 & SR-83",Mukwonago,WI,444,3.337333,,
69506,KWIK TRIP #290,"I-94/US-41, EXIT 321",Oak Creek,WI,444,3.719000,,
69508,KWIK TRIP #777,SR-49 & CR-F,Berlin,WI,582,3.425667,,
69510,CLARK #3121,SR-46 & SR-24,Caro,MI,260,3.399000,,
69512,LOVES TRAVEL STOP #589,"I-27/US-87, EXIT 8 & FM-2641",Lubbock,TX,700,3.332333,,
69513,KWIK TRIP #885,WI-29 EXIT 132,Abbotsford,WI,395,3.452333,,
69514,Flying J #1033,"I-20, EXIT 138 & SR-158",Midland,TX,710,3.565667,,
69520,SPEEDWAY #2908,SR-51,Perryopolis,PA,165,3.915667,,
69521,CASEYS #3319,"US-30, EXIT 158",Nevada,IA,320,2.989000,,
69522,FUEL EXPRESSO 17,"I-35 & EXIT 187, SR-68",Ottawa,KS,400,3.172333,,
69524,CONCORD XTRAMART,"I-93, EXIT 17 & US-4",Concord,NH,178,3.659000,,
69525,DILLEY TRUCK STOP,"I-35 & EXIT 85, FM 117",Dilley,TX,740,3.065667,,
69526,STRIPES 7FLEET #42469,"I-20, US-80 EXIT 15A",Santo,TX,575,2.917333,,
69527,Exxon,"I-96, EXIT 129",Fowlerville,MI,406,3.749000,,
69528,KWIK STAR #283,"I-380/US-218/SR-27, EXIT 13",Cedar Rapids,IA,380,3.532333,,
69530,CIRCLE K #2741030,"I-35, EXIT 160",San Antonio,TX,740,2.999000,,
69531,Kwik Star#223,"I-35, EXIT 194 & US-18/SR-122",Clear Lake,IA,433,3.079000,,
69532,JACKSONS FOOD STORE #147,"I-84, EXIT 27/US-20 & SR-19",Caldwell,ID,785,3.579000,,
69534,CAIRO TRAVEL CENTER,US-84/SR-38,Cairo,GA,20,3.424000,,
69536,7-ELEVEN #40802,US-87,Nixon,TX,740,3.079000,,
69541,PILOT #1027,US-385 & CR-E,Vega,TX,585,3.305667,,
69542,PILOT #1030,"I-57, EXIT 353",Alsip,IL,290,3.359000,,
69542,PILOT TRAVEL CENTER #1030,"I-57, EXIT 353",Alsip,IL,290,3.459000,,
69542,PILOT TRAVEL CENTER #1030,"I-57, EXIT 353",Alsip,IL,290,3.499000,,
69542,PILOT TRAVEL CENTER #1030,"I-57, EXIT 353",Alsip,IL,290,3.599000,,
69542,PILOT #1030,"I-57, EXIT 353",Alsip,IL,290,3.459000,,
69545,LOVES TRAVEL STOP #628,"I-35E, EXIT 386 & FM-1134",Italy,TX,630,3.102333,,
69546,KWIK TRIP #186,"I-35, EXIT 183",Hinckley,MN,334,3.352333,,
69547,KWIK TRIP #297,"US-10, WI-441",Menasha,WI,582,3.490667,,
69549,KWIK TRIP #178,"I-494, EXIT 64B & SR-156",South Saint Paul,MN,451,3.607333,,
69550,KWIK TRIP #273,"I-35, EXIT 251B & SR-23",Duluth,MN,334,3.499000,,
69553,SPEEDWAY #2120,US-30,Oswego,IL,293,3.249000,,
69553,SPEEDWAY #2120,US-30,Oswego,IL,293,3.259000,,
69553,SPEEDWAY #2120,US-30,Oswego,IL,293,3.299000,,
69554,SPEEDWAY #8047,"I-70, EXIT 104 & SR-9",Greenfield,IN,375,3.599000,,
69558,CIRCLE K #2741070,FM-1560,San Antonio,TX,740,2.914000,,
69559,CASEYS #3424,"I-35, EXIT 26 & SR-30",Ellendale,MN,433,3.499000,,
69560,LOVES TRAVEL STOP #614,"I-40, EXIT 149",Albuquerque,NM,580,3.520667,,
69561,SPEEDWAY #7156,"I-40/75, EXIT 374 & SR-131",Knoxville,TN,405,3.265667,,
69562,SPEEDWAY #8796,"I-496, EXIT 11",Lansing,MI,406,3.699000,,
69563,SPEEDWAY #9651,"I-75, EXIT 104",Lexington,KY,410,3.149000,,
69564,SPEEDWAY #7106,"I-40, EXIT 280 & SR-56",Baxter,TN,460,3.065667,,
69565,PILOT #1021,"I-196, EXIT 49",Holland,MI,406,3.999000,,
69565,PILOT #1021,"I-196, EXIT 49",Holland,MI,406,4.099000,,
69566,PILOT TRAVEL CENTER #1024,"I-80, EXIT 132B & SR-53",Joliet,IL,290,3.799000,,
69566,PILOT #1024,"I-80, EXIT 132B & SR-53",Joliet,IL,290,3.799000,,
69567,KWIK TRIP #166,"I-35, EXIT 214",Moose Lake,MN,334,3.319000,,
69568,KWIK TRIP #295,SR-26 & SR-59,Milton,WI,420,3.399000,,
69570,CENEX CONVENIENCE,SR-34 & CR-21,Detroit Lakes,MN,341,3.499000,,
69572,AC & T GARLAND GROH,I-81 EXIT 7B,Hagerstown,MD,70,3.559000,,
69573,AC & T Falling Waters,"I-81, EXIT 23",Falling Waters,WV,70,3.849000,,
69574,LOVES TRAVEL STOP #622,"I-94, EXIT 45 & CR-B",Menomonie,WI,450,3.579000,,
69575,LOVES TRAVEL STOP #537,"I-68, EXIT 46 & US-220/SR-144",Cumberland,MD,14,4.249000,39.6494767,-78.7658551
69576,PILOT #498,US-69/75 & SR-7,Atoka,OK,253,3.499000,34.3747379,-96.1348380
69580,GORES TRAVEL PLAZA,US-270/SR-3,Seiling,OK,483,3.149000,,
69581,BYRNE DAIRY #22,"I-81, EXIT 15 & US-20",La Fayette,NY,220,4.299000,,
69584,LOVES TRAVEL STOP #648,US-70,Valliant,OK,253,3.099000,,
69585,LOVES TRAVEL STOP #618,"I-75, EXIT 136 & SR-32",Sadieville,KY,300,3.139000,,
69586,FLYING J #853,TCH-17,Sault Ste Marie,ON,460,4.453903,,
69586,FLYING J #853,TCH-17,Sault Ste Marie,ON,460,4.462112,,
69586,FLYING J #853,TCH-17,Sault Ste Marie,ON,460,4.451938,,
69586,FLYING J #853,TCH-17,Sault Ste Marie,ON,460,4.452920,,
69586,FLYING J #853,TCH-17,Sault Ste Marie,ON,460,4.455215,,
69586,FLYING J #853,TCH-17,Sault Ste Marie,ON,460,4.462770,,
69587,LAMBOS #3,"I-57, EXIT 190A & SR-16",Mattoon,IL,280,3.399000,,
69588,FUEL CITY,"I-30, EXIT 52B & US-80",Mesquite,TX,630,2.965667,,
69589,LOVES TRAVEL STOP #604,I-35 EXIT 157 & SR-33,Guthrie,OK,483,3.319000,,
69590,LOVES TRAVEL STOP #654,US-81,Union City,OK,483,3.375667,,
69591,REBEL PLUS #841,"I-75, EXIT 116 & CR-865",Bonita Springs,FL,225,3.539000,,
69592,SPEEDWAY #6131,"I-465, EXIT 49",Indianapolis,IN,375,3.799000,,
69594,SPEEDWAY #8480,US-30 & CR-36,Plainfield,IL,293,3.279000,,
69594,SPEEDWAY #8480,US-30 & CR-36,Plainfield,IL,293,3.339000,,
69595,SPEEDWAY #7176,US-31/SR-6,Columbia,TN,460,3.359000,,
69596,SPEEDWAY #4250,SR-72,Des Plaines,IL,293,3.289000,,
69596,SPEEDWAY #4250,SR-72,Des Plaines,IL,293,3.499000,,
69597,SPEEDWAY #2918,US-119,Uniontown,PA,165,3.915667,,
69598,SPEEDWAY #8133,SR-237,Berea,OH,305,3.499000,,
69599,One9 SPEEDWAY #2917,SR-48 & SR-130,Monroeville,PA,165,3.992333,,
69601,LOVES TRAVEL STOP #638,US-54,Texhoma,OK,585,3.509000,,
69605,CASEYS #3305,SR-23 & SR-47,Ogilvie,MN,333,3.371000,,
69607,PANOLA PINES PLAZA,I-59,Carthage,TX,618,3.139000,,
69608,STRIPES,FM 1924,Mission,TX,639,3.099000,,
69611,CUBBYS #2104,CR-131,Shelby,NE,313,3.399000,41.1875452,-97.4262191
69612,ROAD RANGER #272,"I-35, EXIT 39 & SR-44",Encinal,TX,693,3.539000,,
69614,RUTTERS #36,US-15 & SR-234,York Springs,PA,70,4.299000,,
69615,LOVES TRAVEL STOP #631,US-275/SR-64,Valley,NE,270,3.345667,,
69616,FLYING J #552,"I-71, EXIT 32 & SR-350",Lebanon,OH,407,3.399000,,
69618,LOVES TRAVEL STOP #656,US-50/400,Holcomb,KS,525,3.729000,,
69621,Circle K #2741096,"I-10/US-90, EXIT 591 & FM-1518",Converse,TX,740,2.935667,,
69625,RUTTERS #34,US-30 & SR-23,Leola,PA,70,4.199000,,
69626,CASEYS #2860,US-160 & FM-6070,West Plains,MO,535,3.419000,,
69627,STRIPES #40601,US-83 & FM-2360,Rio Grande City,TX,639,2.995667,,
69629,SWANTON MOBIL,"I-89, EXIT 21 & SR-78",Swanton,VT,39,3.539000,44.9230941,-73.1280209
69630,MANSFIELD TRAVEL PLAZA,SR-175 & SR-509,Mansfield,LA,745,3.019000,32.0438193,-93.6921623
69632,Circle K #2709300,US-72/SR-2,Huntsville,AL,460,2.977333,,
69633,ONE9 EXPRESS FUEL,"I-10, EXIT 42 & FM-1110",Clint,TX,640,2.802333,,
69634,FLYING J #863,HWY 1 & HWY 46,Balgonie,SK,550,4.508617,,
69634,FLYING J #863,HWY 1 & HWY 46,Balgonie,SK,550,4.507622,,
69634,FLYING J #863,HWY 1 & HWY 46,Balgonie,SK,550,4.517923,,
69634,FLYING J #863,HWY 1 & HWY 46,Balgonie,SK,550,4.509612,,
69634,FLYING J #863,HWY 1 & HWY 46,Balgonie,SK,550,4.510940,,
69634,FLYING J #863,HWY 1 & HWY 46,Balgonie,SK,550,4.518589,,
69636,PETRO WILMINGTON,"I-55, EXIT 240",Wilmington,IL,290,3.399000,,
69636,PETRO WILMINGTON,"I-55, EXIT 240",Wilmington,IL,290,3.499000,,
69636,PETRO WILMINGTON,"I-55, EXIT 240",Wilmington,IL,290,3.449000,,
69636,PETRO WILMINGTON,"I-55, EXIT 240",Wilmington,IL,290,3.539000,,
69637,PILOT #1041,SR-64 & CR-23,Carol Stream,IL,290,3.759000,,
69637,PILOT TRAVEL CENTER #1041,SR-64 & CR-23,Carol Stream,IL,290,3.699000,,
69637,PILOT #1041,SR-64 & CR-23,Carol Stream,IL,290,3.799000,,
69637,PILOT TRAVEL CENTER #1041,SR-64 & CR-23,Carol Stream,IL,290,3.799000,,
69643,Tex-Best #524,SR-44 E,Alice,TX,625,2.899000,,
69646,Arco One9,"I-10, EXIT 19",Quartzsite,AZ,930,3.379000,,
69646,Arco dba One9 #1258,"I-10, EXIT 19",Quartzsite,AZ,930,3.359000,,
69647,SPEEDWAY #6207,SR-25,Batavia,IL,293,3.699000,,
69647,SPEEDWAY #6207,SR-25,Batavia,IL,293,3.599000,,
69648,BP-GIANT OIL #440,"I-71, EXIT 204 & SR-83",Burbank,OH,249,3.232333,,
69649,SPEEDWAY #2921,"I-80, EXIT 29 & SR-8",Harrisville,PA,573,3.434000,,
69651,LOVES TRAVEL STOP #074,SR-19 & SR-76,Lindsay,OK,483,3.090667,,
69652,LOVES TRAVEL STOP #633,US-30,Plymouth,IN,365,3.849000,,
69653,LOVES TRAVEL STOP #644,"I-70, EXIT 437 & US-385",Burlington,CO,800,3.889000,39.0554819,-102.2791422
69654,LOVES TRAVEL STOP #636,US-169,Nowata,OK,500,3.399000,,
69657,JIFFY MART,US-7 & SR-22A,Ferrisburgh,VT,39,3.599000,,
69658,Missouri Travel,"I-29, EXIT 75 & US-30",Missouri Valley,IA,319,3.424000,,
69659,QUIKTRIP #1092,"I-77, EXIT 77 & US-21/SR-5",Rock Hill,SC,46,3.134000,34.9295987,-81.0237821
69662,STRIPES 7FLEET #42472,US-377,Brownwood,TX,575,2.962333,,
69663,STRIPES #2484,SR-480 & FM-1021,Eagle Pass,TX,740,3.199000,,
69664,7-ELEVEN #40544,US-281,Lampasas,TX,765,2.915667,,
69666,7-ELEVEN #40587,SR-21 & FM-150,Maxwell,TX,595,3.152333,,
69668,LOVES TRAVEL STOP #643,"I-55/57, EXIT 66A & US-60",Sikeston,MO,490,3.549000,,
69669,LOVES TRAVEL STOP #623,"I-20/SR-349, EXIT 131",Midland,TX,710,3.555667,,
69670,LOVES TRAVEL STOP #611,"I-90, EXIT B3 & SR-22",Canaan,NY,12,3.989000,,
69670,LOVES TRAVEL STOP #611,"I-90, EXIT B3 & SR-22",Canaan,NY,12,3.979000,,
69671,LOVES TRAVEL STOP #655,US-83 & SR-96,Scott City,KS,525,3.637333,,
69672,STRIPES 7FLEET #42507,US-285,Pecos,TX,710,3.379000,,
69673,QUIKTRIP #1863,"SEC HWY 114, I-35",Roanoke,TX,630,2.975667,,
69674,WEIGLES #64,"I-75, EXIT 122 & SR-61",Clinton,TN,405,2.995667,,
69676,SPEEDWAY #8495,"US-19/SR-400, EXIT 12",Alpharetta,GA,18,3.349000,,
69679,LOVES TRAVEL STOP #627,US-27 & SR-54,Davenport,FL,140,3.552333,,
69680,PILOT #1042,I-55 EXIT 283,Bridgeview,IL,290,3.799000,,
69680,PILOT TRAVEL CENTER #1042,I-55 EXIT 283,Bridgeview,IL,290,3.799000,,
69681,PILOT #1549,"I-20, EXIT168 & SR-77",Lincoln,AL,615,3.199000,,
69681,PILOT TRAVEL CENTER #1549,"I-20, EXIT168 & SR-77",Lincoln,AL,615,3.109000,,
69682,PILOT #1577,"I-75, EXIT 141 & SR-63",Pioneer,TN,405,3.025667,,
69683,GOOD TO GO #88,"I-55, EXIT 283",Chicago,IL,291,3.619000,,
69684,KWIK TRIP #140,"SR-29, EXIT 177",Schofield,WI,395,3.424000,,
69686,CASEYS #3472,SR-125 & SR-78,Virginia,IL,368,3.759000,39.9534271,-90.2073919
69686,CASEYS #3472,SR-125 & SR-78,Virginia,IL,368,3.659000,39.9534271,-90.2073919
69686,CASEYS #3472,SR-125 & SR-78,Virginia,IL,368,3.799000,39.9534271,-90.2073919
69687,CASEYS #3470,US-421 & SR-16,Monon,IN,375,3.779000,,
69688,CASEYS #3431,US-150 & SR-54,Farmer City,IL,368,3.339000,,
69693,MAVERIK COUNTRY STORE #527,"US-89, EXIT 405",Ogden,UT,835,3.439000,,
69694,MAVERIK COUNTRY STORE #533,US-91 & SR-101,Wellsville,UT,835,3.444000,,
69695,MAVERIK COUNTRY STORE #488,"I-15/US-89, EXIT 288",Draper,UT,835,3.445667,,
69696,MAVERIK COUNTRY STORE #531,"I-80/15, EXIT 305D",Logan,UT,835,3.430667,,
69698,KUM & GO #0891,I-44 (EASTBOUND),Vinita,OK,560,3.059000,,
69699,CIRCLE K #2741552,"SR-969, SR-130, EXIT 444",Austin,TX,595,2.932333,,
69701,PUMP & PANTRY #48,US-30 & SR-25,Fremont,NE,486,3.319000,,
69702,SPEEDWAY #7159,"I-40/SR-66, EXIT 412",Dandridge,TN,405,3.259000,,
69703,CIRCLE K #2741831,"I-35, EXIT 8B & SR-20",Laredo,TX,693,2.902333,,
69707,SUPER S TRAVEL PLAZA,"I-49, EXIT 241",Ida,LA,745,3.059000,,
69708,TA Express #289,US-59,Nacogdoches,TX,618,3.139000,,
69709,LOVES TRAVEL STOP #626,US-287,Dumas,TX,585,3.415667,,
69710,LOVES TRAVEL STOP #625,"I-80, EXIT 59 & SR-17J",Sidney,NE,475,3.472333,,
69711,PILOT TRAVEL CENTER #1047,"I-295, EXIT 25",Jacksonville,FL,75,3.384000,,
69711,PILOT #1047,"I-295, EXIT 25",Jacksonville,FL,75,3.359000,,
69712,LOVES TRAVEL STOP #650,"I-84/US-30, EXIT 159",Boardman,OR,935,3.522333,,
69713,EAGLE #56,"I-45, Exit 189",Teague,TX,765,3.482333,,
69715,CASEYS #2712,SR-8/SR-14,Superior,NE,413,3.362333,,
69719,SHEETZ #033,"I-99/US-220, EXIT 41 & SR-865",Altoona,PA,14,3.529000,,
69720,PILOT #1046,US-27 & SR-80,South Bay,FL,176,3.799000,,
69720,PILOT TRAVEL CENTER #1046,US-27 & SR-80,South Bay,FL,176,3.799000,,
69721,MFA,US-36,Brookfield,MO,276,3.249000,,
69723,SPEEDWAY #5036,I-90 & US-20,Hampshire,IL,293,3.369000,,
69727,PETRO-CARD 24 #910880,SR-6/13,Gallatin,MO,276,3.299000,,
69729,MFA OIL,US-63 & HWY E,Queen City,MO,494,3.249000,,
69731,PETRO-CARD 24 #910561,"I-49, EXIT 102A",Nevada,MO,277,3.349000,,
69732,PETRO-CARD 24 #911043,US-65,Sedalia,MO,392,3.249000,,
69735,PETRO-CARD 24 #910200,US-65 & BUS US-36,Chillicothe,MO,276,3.289000,,
69740,LOVES TRAVEL STOP #613,"I-81, EXIT 24 & SR-80",Meadowview,VA,185,3.599000,,
69741,LOVES TRAVEL STOP #659,"I-10, EXIT 133B",Tolleson,AZ,930,3.569000,,
69742,LOVES TRAVEL STOP #630,US-412/64,Enid,OK,337,3.787333,,
69743,LOVES TRAVEL STOP #647,US-81,Belleville,KS,523,3.815667,,
69744,LOVES TRAVEL STOP #632,US-54 & US-83,Liberal,KS,585,3.665667,,
69745,PILOT #1070,"I-40/US-54, EXIT 277 & US-84",Santa Rosa,NM,580,3.462333,,
69746,Maverik Country Store #5014,I-80 E EXIT 110 & HWY169,De Soto,IA,320,3.099000,41.1425477,-94.0526025
69747,SUNOCO,I-69 & YS HWY 30,Fort Wayne,IN,370,3.604000,,
69748,SUNOCO,SR-930 E,Fort Wayne,IN,370,3.597333,,
69750,CIRCLE K #2704041,"I-35, EXIT 183",New Braunfels,TX,740,2.859000,,
69751,MFA,CR-37,Purdy,MO,416,3.349000,,
69755,PILOT #1082,"I-526, EXIT 19",Charleston,SC,42,3.415667,,
69758,MAVERIK COUNTRY STORE #537,I-215 EXIT 21,Salt Lake City,UT,835,3.382333,,
69764,MAVERIK COUNTRY STORE #538,I-15 & SR-99,Fillmore,UT,835,3.387333,,
69765,7-ELEVEN #40509,I-90/80 EB,Howe,IN,465,3.899000,,
69766,Marathon,"I-75, EXIT 99 & SR-119",Anna,OH,411,3.029000,,
69770,SASSYS TRUCK STOP,"I-86, EXIT 23 & US-219",Limestone,NY,240,3.159000,,
69772,CIRCLE K #2741825,"I-410, EXIT 2 & FM-2536",San Antonio,TX,740,3.099000,,
69780,Bolingbrook Mart,"I-55, EXIT 269",Bolingbrook,IL,293,3.639000,,
69782,BYRNE DAIRY #14,SR-414 & SR-318,Waterloo,NY,190,3.999000,42.9610144,-76.8463175
69783,SHEETZ #603,"I-78 US-22, EXIT 13 & SR-501",Bethel,PA,208,3.327333,,
69784,KWIK TRIP #158,US-10 & SR-23,Saint Cloud,MN,451,3.277333,45.5573530,-94.1619249
69785,LOVES TRAVEL STOP #662,US-287 & SR-285,Quanah,TX,585,3.849000,,
69786,LOVES TRAVEL STOP #671,"I-55, EXIT 63 & US-61",Blytheville,AR,275,3.455667,,
69787,LOVES TRAVEL STOP #616,"I-49, EXIT 158",Harrisonville,MO,400,3.429000,,
69788,LOVES TRAVEL STOP #612,"SR-370, EXIT 9 & SR-141",Bridgeton,MO,540,3.120667,,
69789,LOVES TRAVEL STOP #620,US-301 & SR-20,Hawthorne,FL,140,3.789000,,
69790,LOVES TRAVEL STOP #641,I-155/US-412 EXIT 13 & SR-78,Dyersburg,TN,275,3.402333,,
69791,PILOT #1083,US-287 & US-54,Stratford,TX,585,3.499000,,
69792,FLYING J #1061,"I-44, EXIT 72",Springfield,MO,416,3.382333,,
69797,KWIK TRIP #149,US-10,Saint Cloud,MN,451,3.210667,,
69798,LOVES TRAVEL STOP #060,US-36 & US-283,Norton,KS,525,3.109000,,
69799,MAVERIK COUNTRY STORE #387,"I-40, EXIT 253",Winslow,AZ,930,3.235667,,
69800,MAVERIK COUNTRY STORE #502,US-385 & SR-2,Alliance,NE,795,3.259000,,
69801,MAVERIK COUNTRY STORE #409,"I-580, EXIT 41 & SR-531",Carson City,NV,966,3.589000,,
69803,THORNTONS #319,"I-55, EXIT 248 & US-6",Channahon,IL,399,3.249000,,
69803,THORNTONS #319,"I-55, EXIT 248 & US-6",Channahon,IL,399,3.299000,,
69804,KWIK TRIP #184,"I-94, EXIT 293",Pewaukee,WI,444,3.449000,,
69809,KWIK TRIP #162,"I-94, EXIT 202",Elk River,MN,451,3.297333,,
69811,Chisholm Corner #16,US-81 & SR-7,Marlow,OK,569,3.015667,,
69813,SHEETZ #608,"I-81, EXIT 24 & CR-696",Shippensburg,PA,70,3.285667,,
69814,Allsup's #2454,US-87 & SR-163,Sterling City,TX,612,3.224000,,
69815,CENEX ZIP TRIP #75,"I-94/US-12, EXIT 138 & US-59",Miles City,MT,780,3.497333,,
69816,STRIPES #42503,"I-27, EXIT 1",Lubbock,TX,700,2.950667,,
69817,LOVES TRAVEL STOP #639,"I-20, EXIT 96",Lake,MS,705,3.162333,,
69818,LOVES TRAVEL STOP #675,US-75,Okmulgee,OK,560,3.217333,,
69819,FLYING J #1086,SR-18 & SR-5,Marion,IN,457,3.489000,,
69819,FLYING J TRAVEL PLAZA #1086,SR-18 & SR-5,Marion,IN,457,3.649000,,
69820,CUBBYS #304,SR-7,Manson,IA,319,3.299000,,
69821,FUEL CITY HALTOM CITY,"I-35W, EXIT 52B & TX-121",Haltom City,TX,630,2.965667,,
69823,LOVES TRAVEL STOP #664,US-41,Terre Haute,IN,375,3.949000,,
69824,LOVES TRAVEL STOP #663,US-190 & LA-103,Port Barre,LA,730,3.124000,30.5466605,-91.9674614
69825,KWIK TRIP #154,MN-15,Sauk Rapids,MN,451,3.302333,,
69826,LOVES TRAVEL STOP #629,I-65 EXIT 108 & SR-76,White House,TN,460,3.159000,36.4685913,-86.6537798
69827,KWIK TRIP #164,US-12/SR-29,Menomonie,WI,295,3.499000,,
69830,RUTTERS #69,"I-78/US-22, EXIT 29 & SR-61",Hamburg,PA,208,3.865667,,
69832,LOVES TRAVEL STOP #595,"I-10, EXIT 28 & SR-49",Gulfport,MS,733,3.144000,,
69833,LOVES TRAVEL STOP #658,US-412,Watts,OK,416,3.347333,,
69835,LOVES TRAVEL STOP #653,US-287,Eads,CO,800,3.475667,,
69837,LOVES TRAVEL STOP #606,"I-94, EXIT 73B & US-6",South Holland,IL,290,3.489000,,
69837,LOVES TRAVEL STOP #606,"I-94, EXIT 73B & US-6",South Holland,IL,290,3.449000,,
69837,LOVES TRAVEL STOP #606,"I-94, EXIT 73B & US-6",South Holland,IL,290,3.329000,,
69837,LOVES TRAVEL STOP #606,"I-94, EXIT 73B & US-6",South Holland,IL,290,3.549000,,
69840,KUM & GO #0370,"I-80, EXIT 439 & SR-370",Gretna,NE,486,2.920667,,
69842,KUM & GO #0863,"I-44, EXIT 215 & SR-97",Sapulpa,OK,560,3.232333,,
69845,Maverik Country Store #5013,US-40 & SR-13,Craig,CO,800,3.459000,,
69847,KWIK STAR #145,US-52,Guttenberg,IA,335,3.599000,,
69848,KWIK TRIP #173,SR-17,Rhinelander,WI,395,3.452333,,
69850,KUM & GO #0539,"I-80 E, & SR-415 EXIT 135",Des Moines,IA,320,3.072333,,
69851,SPEEDWAY #3995,I-90,Belvidere,IL,293,3.849000,,
69852,KWIK TRIP #141,SR-61,Two Harbors,MN,334,3.499000,,
69854,LOVES TRAVEL STOP #637,"I-39, EXIT 115 & CR-CS",Poynette,WI,420,3.789000,,
69855,LOVES TRAVEL STOP #670,US-18,Floyd,IA,433,3.649000,,
69856,LOVES TRAVEL STOP #657,"I-77, EXIT 5 & SR-48",Cayce,SC,46,3.397333,,
69858,TEX-BEST #528,US-181,Elmendorf,TX,740,2.892333,,
69859,BIG BOSS TRAVEL PLAZA,I-12 EXIT 22,Livingston,LA,600,3.165667,,
69861,HUCKS FOOD & FUEL #379,"I-57, EXIT 53",Marion,IL,340,3.549000,,
69861,HUCKS FOOD & FUEL #379,"I-57, EXIT 53",Marion,IL,340,2.929000,,
69861,HUCKS FOOD & FUEL #379,"I-57, EXIT 53",Marion,IL,340,2.999000,37.7302608,-88.9661929
69862,CASEYS #3503,US-69/SR-52,Pleasanton,KS,400,3.199000,,
69863,GOLDEN GATE,I-80 EXIT 352A & US-93,Wells,NV,835,3.415667,,
69865,7-ELEVEN #40036,SR-33 & SR-632,Lanexa,VA,180,3.659000,,
69870,CIRCLE K #4705720,"I-280, EXIT 7 & SR-2",Oregon,OH,550,3.609000,,
69871,CIRCLE K #2741595,SR-71 & FM-1209,Bastrop,TX,595,2.954000,30.1225088,-97.4327685
69873,KWIK TRIP #142,"US-10, EXIT 186 & SR-13",Marshfield,WI,395,3.479000,,
69874,LOVES TRAVEL STOP #687,"I-72, EXIT 64 & US-67",Jacksonville,IL,540,3.589000,,
69874,LOVES TRAVEL STOP #687,"I-72, EXIT 64 & US-67",Jacksonville,IL,540,3.489000,,
69875,LOVES TRAVEL STOP #680,US-81,Norfolk,NE,470,3.315667,,
69876,LOVES TRAVEL STOP #684,"I-35, EXIT 133 & SR-175",Ellsworth,IA,433,3.689000,42.3104487,-93.5847356
69877,LOVES TRAVEL STOP #669,US-61 & SR-19,New London,MO,345,3.235667,,
69878,SPEEDWAY #7412,SR-83 & SR-19,Bensenville,IL,293,3.379000,,
69879,SPEEDWAY #3700,I-70 EXIT 77,Indianapolis,IN,375,3.319000,,
69880,Speedway #6809,"I-290, EXIT 13A",Franklin Park,IL,293,3.329000,,
69880,Speedway #6809,"I-290, EXIT 13A",Franklin Park,IL,293,3.379000,,
69881,KWIK TRIP #458,SR-55,Buffalo,MN,451,3.549000,,
69882,SPEEDWAY #7103,US-43,Lawrenceburg,TN,460,3.574000,,
69884,AKAL TRAVEL CENTER,"I-40, EXIT 267 & SR-379",Santa Rosa,NM,721,2.879000,,
69885,BELL STORES #146,SR-43 & SR-183,Malvern,OH,249,3.579000,,
69886,LOVES TRAVEL STOP #676,SR-50,Syracuse,NE,413,3.444000,,
69887,CIRCLE K #2701869,SR-21 & SR-307,Savannah,GA,195,3.115667,,
69888,OASIS STOP N GO #17,US-30,Twin Falls,ID,787,3.699000,,
69892,MAVERIK COUNTRY STORE #547,US-26,Casper,WY,790,3.185667,,
69893,DOMINO EXPRESS #24,US-412/US-270/US-183/SR-3 & SR-15,Woodward,OK,337,2.999000,,
69894,Circle K #2746446,US-2,Williston,ND,452,4.042333,,
69895,Shell,"I-80, EXIT 122",Minooka,IL,290,3.149000,,
69895,Shell,"I-80, EXIT 122",Minooka,IL,290,3.249000,,
69895,Shell,"I-80, EXIT 122",Minooka,IL,290,3.199000,,
69900,LOVES TRAVEL STOP #605,"I-70, EXIT 59 & SR-41",Springfield,OH,315,3.479000,,
69901,KWIK TRIP #638,SR-42,Two Rivers,WI,582,3.390667,,
69902,MAVERIK COUNTRY STORE #441,"I-182/US-12, EXIT 9",Pasco,WA,925,4.279000,,
69903,LOVES TRAVEL STOP #642,US-60 & US-385,Hereford,TX,585,3.415667,,
69904,LOVES TRAVEL STOP #695,US-54/400,Cunningham,KS,570,3.657333,,
69905,KWIK TRIP #105,"I-41, EXIT 157",De Pere,WI,582,3.352333,,
69906,LOVES TRAVEL STOP #692,US-169 & SR-39,Chanute,KS,570,3.275667,,
69907,STRIPES #41023,SR-358 & FM-665,Corpus Christi,TX,625,3.070667,,
69908,LOVES TRAVEL STOP #685,"I-74, EXIT 51",Knoxville,IL,270,3.889000,,
69912,AMPM,"I-10, EXIT 140",Phoenix,AZ,930,3.282333,,
69913,ROSS FUEL CENTER,US-60/US-67,Poplar Bluff,MO,275,3.490667,36.7273712,-90.4601492
69914,PETRO COLUMBIA,"I-77, EXIT 5 & SR-48",Columbia,SC,46,3.412333,,
69915,PETES #16,"I-49/US-71, EXIT 120 & CR-B",Rich Hill,MO,277,3.149000,,
69921,LOVES TRAVEL STOP #688,"I-70, EXIT 119 & SR-130",Greenup,IL,510,3.389000,39.1947987,-88.1544755
69921,LOVES TRAVEL STOP #688,"I-70, EXIT 119 & SR-130",Greenup,IL,510,3.449000,39.1947987,-88.1544755
69921,LOVES TRAVEL STOP #688,"I-70, EXIT 119 & SR-130",Greenup,IL,510,3.489000,39.1947987,-88.1544755
69921,LOVES TRAVEL STOP #688,"I-70, EXIT 119 & SR-130",Greenup,IL,510,3.349000,39.1947987,-88.1544755
69921,LOVES TRAVEL STOP #688,"I-70, EXIT 119 & SR-130",Greenup,IL,510,3.289000,39.1947987,-88.1544755
69922,LOVES TRAVEL STOP #686,"I-84/I-15, EXIT 363",Brigham City,UT,835,3.755667,,
69923,Circle K #2741821,FM 471 & SR 211,San Antonio,TX,740,3.032333,29.5227220,-98.8058037
69926,TONKAWA TRADING POST,"I-35, EXIT 214 & US-60",Tonkawa,OK,500,2.999000,,
69927,LOVES TRAVEL STOP #682,"I-81, EXIT 10A",Hagerstown,MD,22,3.949000,,
69928,KUM & GO #1837,SR-51,Broken Arrow,OK,560,3.052333,,
69929,PETES #14,US-69/SR 7,Fort Scott,KS,307,3.199000,,
69930,CONCORDE TRAVEL CENTER,"I-65, EXIT 219 & CR-42",Jemison,AL,720,3.299000,32.9240782,-86.8619315
69931,SHELL,"I-565, EXIT 7 & CR-127",Madison,AL,615,3.349000,,
69932,CIRCLE K #2741847,SR-16,San Antonio,TX,740,3.072333,,
69933,Flyers #3202,"I-17, EXIT 201",Phoenix,AZ,930,3.369000,,
69934,KWIK TRIP #135,SR-35 N,Superior,WI,334,3.499000,,
69935,KWIK TRIP #586,"I-41, EXIT 45",Butler,WI,444,3.474000,,
69936,LOVES TRAVEL STOP #683,US-27,Moore Haven,FL,176,3.789000,,
69937,MAVERIK COUNTRY STORE #385,"I-15, EXIT 119",Idaho Falls,ID,825,3.425667,,
69938,MAVERIK COUNTRY STORE #388,US-60 & SR-77,Show Low,AZ,930,3.229000,,
69939,MAVERIK COUNTRY STORE #377,"I-15, EXIT 244 & US-6",Santaquin,UT,835,3.402333,39.9785715,-111.8379662
69940,SAPP BROS TRAVEL CENTER,"I-49, EXIT 157",Harrisonville,MO,400,3.402333,,
69941,QUIKTRIP #949,"I-20 E, EXIT 406",Weatherford,TX,630,2.917333,,
69943,ASAP GENERAL STORE #313,US-81,Duncan,OK,483,3.132333,,
69944,TRUCK WORLD,"I-76, EXIT 57",North Jackson,OH,573,3.259000,,
69945,BP,"I-465, EXIT 49",Indianapolis,IN,375,3.799000,,
69946,KUM & GO #0119,"I-35, EXIT 214 & SR-105",Northwood,IA,433,3.115667,,
69947,THORNTONS #607,I-24 EXIT 62 & SR-171,Antioch,TN,460,2.899000,,
69948,CIRCLE T,US-190/SR-21,Bryan,TX,670,3.459000,,
69949,THE CROSSING TRAVEL MARK,US-83 & SR-153,Winters,TX,575,3.040667,,
69952,HUTCH'S #120,"I-40, EXIT 25",Sayre,OK,483,2.984000,,
69954,Exxon,"I-80, EXIT 27A & US-46",Budd Lake,NJ,79,3.119000,,
69955,QUIKTRIP #1044,"I-85, EXIT 63 & SR-2180",Kannapolis,NC,46,3.154000,,
69957,LOVES TRAVE STOP #698,"I-75/SR-401, EXIT 153",Macon,GA,85,3.369000,,
69958,LOVES TRAVEL STOP #693,US-30/23 & SR-199,Upper Sandusky,OH,411,3.889000,,
69959,BISCUIT HILL TRAVEL PLAZA,"I-40, EXIT 192",Shawnee,OK,483,2.909000,,
69960,PILOT CENTER #1014- TOWN PUMP,"I-94, EXIT 213 & SR-16",Glendive,MT,807,3.419000,47.1328633,-104.7214422
69962,LUFKIN TRAVEL PLAZA,US-59 & CR-819,Lufkin,TX,618,2.815667,,
69963,7 CLANS RED ROCK GASINO,US-177,Red Rock,OK,500,3.089000,,
69964,SHEETZ #621,"I-77 & US-70, Exit 49A",Statesville,NC,46,2.849000,,
69969,USA GAS,SR-47,Newfield,NJ,150,3.169000,,
69974,LOVES TRAVEL STOP #672,US-77BUS & FM-1945,Sinton,TX,625,3.149000,,
69975,LOVES TRAVEL STOP #703,US-50,South Hutchinson,KS,570,3.300667,,
69976,KWIK TRIP #583,"I-94, EXIT 89 & SR-23",Wisconsin Dells,WI,420,3.237333,43.6277720,-89.7770241
69977,KWIK TRIP #855,US-12,Baraboo,WI,420,3.115667,,
69978,LOVES TRAVEL STOP #678,US-271,Paris,TX,630,3.365667,,
69979,LOVES TRAVEL STOP #681,"I-82/US-12, EXIT 80",Prosser,WA,925,4.589000,,
69980,RUTTERS #70,SR-896 & SR-741,Strasburg,PA,208,4.199000,,
69981,RANCHLAND GAS STATION,US-82,Benjamin,TX,770,3.299000,,
69982,RUTTERS #68,US-422 & SR-934,Annville,PA,70,4.299000,40.3482375,-76.5260163
69983,MICKEY MART #57,US-250,Strasburg,OH,249,3.492333,,
69986,YESWAY #1061,US-180 & SR-137,Lamesa,TX,612,3.099000,,
69987,LOVES TRAVEL STOP #679,"I-90, EXIT 495 & SR-47",Hardin,MT,780,3.704000,,
69988,LOVES TRAVEL STOP #640,"I-43, EXIT 120 & CR-OK",Sheboygan,WI,444,3.289000,,
69989,LOVES TRAVEL STOP #677,US-45A,West Point,MS,615,3.259000,,
69990,LOVES TRAVEL STOP #691,US-50/93 & US-6,Ely,NV,910,3.649000,,
69991,WA SHE SHU TRAVEL PLAZA,US-395,Gardnerville,NV,966,3.699000,,
69992,KWIK TRIP #120,SR-15 & CR-4,Saint Cloud,MN,451,3.277333,,
69993,CEFCO #99,US-290,Giddings,TX,595,3.159000,,
69995,PILOT EXPRESS #1178,"I-10, EXIT 273",Tucson,AZ,980,3.219000,,
69996,YESWAY #1078,US-83 & SR-153,Winters,TX,575,2.999000,,
69998,CASEYS #3604,US-75,Hinton,IA,527,3.299000,,
69999,RUTTERS #71,"I-99, EXIT 28 & US-22",Duncansville,PA,14,4.099000,,
70001,LOVES TRAVEL STOP #690,US-23,Circleville,OH,315,3.789000,,
70002,LOVES TRAVEL STOP #699,US-49,Magee,MS,620,3.607333,,
70003,SPEEDWAY #2926,SR-837,Clairton,PA,165,3.925667,,
70004,SPEEDWAY #7775,US-23 & CR-192,Delaware,OH,315,3.619000,,
70007,FLYING J #1096,"I-95, EXIT 201 & CR-524",Cocoa,FL,143,3.699000,,
70007,FLYING J TRAVEL PLAZA #1096,"I-95, EXIT 201 & CR-524",Cocoa,FL,143,3.699000,,
70008,Amigo's,"I-10, EXIT 661 & FM-609",Flatonia,TX,610,3.082333,,
70009,KWIK TRIP #661,SR-69 & BUS-11,Monroe,WI,420,3.362333,42.5999801,-89.6516846
70010,Kwik Star #567,US-65 & SR-3,Hampton,IA,565,3.504000,42.7446283,-93.2024581
70011,KWIK TRIP #279,"US-63, EXIT 59",Rochester,MN,515,3.549000,,
70012,MAVERIK COUNTRY STORE #549,"I-70, EXIT 283",Aurora,CO,800,3.185667,,
70014,PETRO-CARD 24 #919141,SR-179,Jamestown,MO,310,3.479000,,
70016,CASEYS #2743,SR-43/SR-2 & SR-66A,Palmyra,NE,413,3.199000,40.7117456,-96.4607126
70017,PACIFIC PRIDE,I-79 & US-19,Morgantown,WV,430,3.459000,,
70019,QUICKLEES #1,"I-390, EXIT 9 & SR-15",Avon,NY,190,3.999000,,
70022,SHEETZ #583,US-322 & SR-655,Reedsville,PA,14,3.415667,,
70024,KWIK TRIP #827,"I-41, EXIT 167",Green Bay,WI,582,3.499000,,
70025,SPEEDWAY #6245,SR-43,Carrollton,OH,249,3.559000,,
70026,SPEEDWAY #8883,I-80 EXIT 73,Peru,IL,293,3.149000,,
70026,SPEEDWAY #8883,I-80 EXIT 73,Peru,IL,293,3.199000,,
70027,SPEEDWAY #8851,SR-31,South Elgin,IL,293,3.659000,,
70027,SPEEDWAY #8851,SR-31,South Elgin,IL,293,3.559000,,
70028,LOVES TRAVEL STOP #697,"US-321, EXIT 37",Newton,NC,46,3.689000,,
70029,LOVES TRAVEL STOP #696,"I-10, EXIT 843",Beaumont,TX,610,3.294000,,
70030,SPEEDWAY #3991,"I-80 E, & I-94 E",Gary,IN,290,3.712333,,
70031,SPEEDWAY #8020,US-30,Upper Sandusky,OH,550,3.799000,,
70032,Kwik Star #569,US-20,Waterloo,IA,565,3.574000,,
70033,KWIK TRIP #111,SR-36 & CR-15,Stillwater,MN,448,3.540667,,
70034,SPEEDWAY #8799,I-55 EXIT 282A & SR-171,Bedford Park,IL,293,3.599000,,
70035,SPEEDWAY #8064,"I-55, EXIT 178 & SR-43",West Lafayette,IN,375,3.582333,,
70036,Speedway #3994,SR-38 & CR-21,West Chicago,IL,293,3.599000,,
70037,SPEEDWAY #8738,"I-70, EXIT 23 & SR-59",Brazil,IN,375,3.699000,,
70038,SPEEDWAY #1830,US-31,Grand Haven,MI,456,3.899000,,
70039,TEX-BEST #527,SR-162 & SR-16,Jourdanton,TX,747,2.920667,28.9083945,-98.5396290
70040,TEX BEST #503,"I-35, EXIT 215 & CR-210",Kyle,TX,595,2.805667,,
70041,LOVES TRAVEL STOP #705,"I-64/SR-33, EXIT 211 & SR-609",Providence Forge,VA,180,3.889000,,
70042,Kwik Star #103,US-65,Iowa Falls,IA,565,3.374000,,
70043,KWIK TRIP #571,"I-35, EXIT 235 & SR-210",Carlton,MN,515,3.319000,,
70044,Thorntons #325,"I-94, EXIT 73B & US-6",South Holland,IL,365,3.699000,,
70049,KWIK STAR #581,"I-380, EXIT 17",Cedar Rapids,IA,380,3.540667,,
70050,KWIK TRIP #124,US-51,De Forest,WI,420,3.235667,,
70053,KWIK TRIP #964,"US-12, EXIT 250 & CR-M",Middleton,WI,420,3.529000,45.2344958,-91.1729583
70054,KWIK TRIP #976,CR-241 & CR-ZZ,Oak Creek,WI,444,3.579000,,
70058,KWIK TRIP #590,CR-4 & CR-22,Rochester,MN,515,3.624000,,
70059,KWIK TRIP #118,US-2 & LAKESHORE DRIVE,Ashland,WI,334,3.699000,46.6094256,-90.8439992
70062,KWIK TRIP #970,SR-164 & SR-59,Waukesha,WI,444,3.532333,43.0139890,-88.2003405
70063,QUICK FUEL #2206,US-41,Marietta,GA,18,3.519000,,
70066,KWIK TRIP #957,US-18 & CR-PD,Madison,WI,420,3.604000,43.0154625,-89.4727463
70067,KWIK TRIP #240,"I-94, EXIT 115 & CR-A",Black River Falls,WI,395,3.312333,,
70068,LOVES TRAVEL STOP #712,"I-44, EXIT 107",Newcastle,OK,483,3.425667,,
70069,CASEYS #3486,"I-49, EXIT 159",Harrisonville,MO,400,3.229000,,
70074,CASEYS #3430,US-71 & US-136/SR-46,Maryville,MO,400,3.137333,,
70075,KWIK TRIP #815,US-63 & SR-48,Cumberland,WI,295,3.624000,45.5322698,-92.0314680
70076,PETRO-CARD 24 #910681,SR-32,Salem,MO,392,3.099000,,
70078,KWIK TRIP #573,I-94 & CR-EE,Eau Claire,WI,295,3.399000,,
70079,PILOT #1118,US-60,Clovis,NM,593,4.079000,,
70080,FLYING J #1117,SR-25,Rochester,IN,370,3.859000,,
70080,FLYING J TRAVEL PLAZA #1117,SR-25,Rochester,IN,370,3.859000,,
70081,PILOT EXPRESS #1032,SR-7,Steubenville,OH,249,3.629000,,
70082,KWIK TRIP #588,US-51 & SR-70,Woodruff,WI,395,3.095667,45.9207186,-89.6954872
70083,KWIK TRIP #596,US-14,Black Earth,WI,420,3.444000,,
70084,SPEEDWAY #4440,SR-131,Waukegan,IL,293,3.789000,,
70084,SPEEDWAY #4440,SR-131,Waukegan,IL,293,3.659000,,
70085,Pilot Travel Center #1114,SR-83,Bensenville,IL,290,3.559000,,
70085,Pilot #1114,SR-83,Bensenville,IL,290,3.389000,,
70085,Pilot Travel Center #1114,SR-83,Bensenville,IL,290,3.389000,,
70085,Pilot Travel Center #1114,SR-83,Bensenville,IL,290,3.659000,,
70085,Pilot #1114,SR-83,Bensenville,IL,290,3.599000,,
70087,PILOT EXPRESS  #1098,"I-95, EXIT 14",Newark,NJ,105,3.999000,,
70088,KWIK TRIP #138,SR-13,Park Falls,WI,395,3.147333,,
70090,SPEEDWAY #7111,"I-40, EXIT 143 & SR-13",Hurricane Mills,TN,460,3.032333,,
70091,SPEEDWAY #7503,I-70 & I-57 EXIT 159,Effingham,IL,293,3.199000,,
70091,SPEEDWAY #7503,I-70 & I-57 EXIT 159,Effingham,IL,293,3.299000,,
70093,LOVES TRAVEL STOP #694,US-45/SR-5 & SR-57,Ramer,TN,435,3.462333,,
70095,LOVES TRAVEL STOP #713,US-380 & FM-1304,Bridgeport,TX,630,2.949000,,
70096,LOVES TRAVEL STOP #661,US-65 & SR-81,Pine Bluff,AR,695,3.319000,34.1947468,-91.9215657
70097,KWIK TRIP #112,SR-32 & SR-23,Sheboygan Falls,WI,444,3.292333,,
70098,KWIK TRIP #110,US-2,Ashland,WI,334,3.699000,,
70099,QUIKTRIP #1883,"I-35, EXIT 497 & US-82",Gainesville,TX,253,2.975667,33.6406493,-97.1487245
70100,LOVES TRAVEL STOP #718,"I-65, EXIT 158",Hope Hull,AL,720,3.265667,,
70104,LOVES TRAVEL STOP #649,"I-76/US-6, EXIT 89",Brush,CO,800,4.089000,,
70105,LOVES TRAVEL STOP #708,"I-75, EXIT 314 & CR-48",Bushnell,FL,225,3.295667,28.6541297,-82.1077264
70106,LOVES TRAVEL STOPS #719,"I-35, EXIT 308",Troy,TX,765,3.159000,,
70106,LOVES TRAVEL STOP #719,"I-35, EXIT 308",Troy,TX,765,3.167000,,
70107,LOVES TRAVEL STOP #711,"I-71, EXIT 165 & SR-97",Bellville,OH,315,3.709000,40.6199138,-82.5177720
70108,RICKY ROCKETS FUEL CENTER,SR-50 & SR-83,Midlothian,IL,291,3.199000,,
70108,RICKY ROCKETS FUEL CENTER,SR-50 & SR-83,Midlothian,IL,291,3.099000,,
70111,KWIK TRIP #557,"I-39, EXIT 126 & CR-V",De Forest,WI,420,3.310667,,
70117,RUTTERS #72,"I-81, EXIT 16 & US-30",Saint Thomas,PA,70,4.399000,,
70118,SPEEDWAY #7118,US-41,Smyrna,TN,460,3.015667,,
70122,Circle K #2709301,SR-67,Decatur,AL,615,3.899000,,
70124,TA Express Lamar,US-50/385,Lamar,CO,525,3.439000,,
70125,SPEEDWAY #7391,I-76 EXIT 232,North Lima,OH,305,3.699000,,
70126,SPEEDWAY #3535,"I-71,EXIT 165 & SR-97",Bellville,OH,315,3.599000,40.6199138,-82.5177720
70127,SPEEDWAY #2929,"US-22, US-119",New Alexandria,PA,165,3.972333,,
70128,CIRCLE K #4703913,"I-40 E, EXIT 87",Jackson,TN,460,3.349000,,
70130,SIDE TRACK,SR-57,Wrightsville,GA,85,3.315667,,
70131,THORNTONS #323,SR-64,Lombard,IL,290,3.349000,,
70131,THORNTONS #323,SR-64,Lombard,IL,290,3.299000,,
70131,THORNTONS #323,SR-64,Lombard,IL,290,3.349000,,
70131,THORNTONS #323,SR-64,Lombard,IL,290,3.299000,,
70131,THORNTONS #323,SR-64,Lombard,IL,290,3.299000,,
70131,THORNTONS #323,SR-64,Lombard,IL,290,3.299000,,
70135,KUM & GO #1455,"I-44, EXIT 130",Lebanon,MO,535,3.092333,,
70136,FUEL CITY SAGINAW,CR-156,Fort Worth,TX,630,2.965667,,
70137,RUTTERS #8,"I-83, EXIT 14 & SR-182",York,PA,70,4.199000,,
70140,CASEYS #3593,SR-7 & US-50,North Vernon,IN,375,3.592333,,
70142,ONVO TRAVEL PLAZA - AVIS,"US-220, EXIT 118",Avis,PA,138,3.539000,,
70143,KWIK TRIP #104,"I-94, HWY-24, EXIT 178",Clearwater,MN,448,3.277333,,
70144,LOVES TRAVEL STOP #635,"I-49, EXIT 24 & SR-282",Alma,AR,645,3.459000,,
70145,MAVERIK COUNTRY STORE #578,US-26 & US-91,Idaho Falls,ID,825,3.402333,,
70146,MAVERIK COUNTRY STORE #567,"I-90, EXIT 291A",Spokane,WA,970,3.969000,,
70146,MAVERIK COUNTRY STORE #567,"I-90, EXIT 291A",Spokane,WA,970,3.989000,,
70146,MAVERIK COUNTRY STORE #567,"I-90, EXIT 291A",Spokane,WA,970,3.979000,,
70146,MAVERIK COUNTRY STORE #567,"I-90, EXIT 291A",Spokane,WA,970,3.999000,,
70150,LOVES TRAVEL STOP #704,"I-29, EXIT 35B & US-34",Pacific Junction,IA,319,3.789000,,
70151,LOVES TRAVEL STOP #721,"I-45, EXIT 246 & FM-1183",Ennis,TX,630,3.035667,32.2775961,-96.5662438
70154,Stinker,"US-34, CR-56",Kersey,CO,800,3.499000,,
70155,MARATHON,"US-24, I-96 EXIT 179",Redford,MI,549,4.999000,,
70156,MAVERIK COUNTRY STORE #348,"US-91, SR-130",Cedar City,UT,791,3.452333,,
70157,LOVES TRAVEL STOP #702,US-63,Waterloo,IA,565,3.769000,,
70158,FLYING J #1068,"I-26, EXIT 194 & SR-16",Summerville,SC,42,3.509000,,
70159,LOVES TRAVEL STOP #717,US-460 & SR-156,Disputanta,VA,180,3.562333,,
70160,COMMON CENTS #212,I-90 & SR-337,Sheridan,WY,836,3.560667,,
70161,FLYING J #839,HWY 75 & PR-305,Ste Agathe,MB,900,4.257044,,
70161,FLYING J #839,HWY 75 & PR-305,Ste Agathe,MB,900,4.266772,,
70161,FLYING J #839,HWY 75 & PR-305,Ste Agathe,MB,900,4.267401,,
70161,FLYING J #839,HWY 75 & PR-305,Ste Agathe,MB,900,4.257983,,
70161,FLYING J #839,HWY 75 & PR-305,Ste Agathe,MB,900,4.260177,,
70161,FLYING J #839,HWY 75 & PR-305,Ste Agathe,MB,900,4.258923,,
70162,PILOT #1049,US-58,Suffolk,VA,130,3.899000,,
70163,KWIK TRIP #598,SR-23,Paynesville,MN,451,3.399000,,
70164,ONVO TRAVEL PLAZA - BLAKESLEE,I-80 EXIT 284,Blakeslee,PA,200,3.565667,,
70168,KWIK TRIP #575,CR-75,Saint Joseph,MN,451,3.302333,,
70169,ROCKING Oil,SR-21,Caldwell,TX,670,3.099000,,
70170,LOVES TRAVEL STOP #716,SR-3005,Elizabethtown,KY,460,3.599000,,
70171,CITGO HERITAGE RIDGE,US-151 & SR-26,Waupun,WI,582,3.147333,,
70172,MACH 1 #3,I-57 & SR-14,Benton,IL,540,3.599000,,
70172,MACH 1 #3,I-57 & SR-14,Benton,IL,540,3.379000,,
70174,LOVES TRAVEL STOP #701,"I-69, EXIT 176",Capac,MI,342,3.949000,,
70176,MAVERIK COUNTRY STORE #565,I-84,Boise,ID,785,3.395667,,
70177,MAVERIK COUNTRY STORE #497,US-160 & SR-145,Cortez,CO,614,3.415667,,
70179,WORKMANS TRAVEL CENTER,"I-49, EXIT 78 & SR-264",Lowell,AR,645,3.402333,,
70180,Gulf,SR-83,Bensenville,IL,297,3.099000,,
70180,Gulf,SR-83,Bensenville,IL,297,3.059000,,
70181,CIRCLE K #2723778,US-501 & SR-78/CR-1303,Sanford,NC,177,3.049000,,
70182,SHELL,US-169,Blue Earth,MN,425,3.299000,,
70183,PILOT # 1134,US-285 & CR-652,Orla,TX,593,3.759000,,
70185,PILOT # 1147,SR-302,Kermit,TX,710,3.255667,,
70187,PILOT # 1146,I-20 & SR-17,Pecos,TX,710,3.465667,,
70188,KUM & GO #0890,I-44 (WESTBOUND),Vinita,OK,560,3.059000,,
70189,HUDSON IRVING 24,SR-3A,Hudson,NH,34,3.799000,,
70190,LOVES TRAVEL STOP #726,I-25 EXIT 191,Belen,NM,580,3.522333,,
70191,LOVES TRAVEL STOP #734,"I-44, EXIT 5 & US-70",Randlett,OK,770,3.120667,,
70192,LOVES TRAVEL STOP #720,"I-49, EXIT 94 & SR-1",Boyce,LA,730,3.174000,,
70207,PILOT TRAVEL CENTERS #1344,I-20 EXIT 425,Fort Worth,TX,630,2.909000,,
70208,GOLDEN GATE PETRO,SR-648,Sparks,NV,966,3.985667,,
70209,PUMP N PETES #42,"I-49, EXIT 66 & CR-K",Jasper,MO,416,3.199000,,
70210,CASEYS #3889,SR-29 & CR-1350,Henry,IL,368,3.349000,,
70214,RACETRAC #688,I-20 & SR-6,Lithia Springs,GA,18,2.972333,,
70216,PILOT TRAVEL CENTER #1110,I-25 & SR-105,Monument,CO,803,3.639000,,
70216,PILOT #1110,I-25 & SR-105,Monument,CO,803,3.579000,,
70217,MR GAS #20,I-84 EXIT 165,Jerome,ID,785,3.407333,,
70218,LOVES TRAVEL STOP #725,I-69 & SR-260,Hanson,KY,490,3.599000,,
70219,LOVES TRAVEL STOP #709,US-59 & SR-116,Lufkin,TX,610,3.649000,,
70220,LOVES TRAVEL STOP #497,"I-40, EXIT 154 & US-64",Statesville,NC,46,3.689000,,
70221,PILOT #1092,CR-70 E,Cedar Rapids,IA,380,3.779000,,
70221,PILOT TRAVEL CENTER #1092,CR-70 E,Cedar Rapids,IA,380,3.779000,,
70222,GOOD TO GO #45,"US-52 & SR-55, SR-18",Fowler,IN,375,3.699000,,
70223,SPEEDWAY #8749,"I-75, EXIT 116",Flint,MI,342,3.089000,,
70223,SPEEDWAY #8749,"I-75, EXIT 116",Flint,MI,342,3.289000,,
70223,SPEEDWAY #8749,"I-75, EXIT 116",Flint,MI,342,3.259000,,
70224,GOLDEN GATE PETROLEUM,I-70 EXIT 42,Palisade,CO,810,3.549000,,
70225,Union 76 Pilot,US-130,Riverton,NJ,105,3.999000,,
70227,LOVES TRAVEL STOP #724,"I-75, EXIT 414 & US-41",Lake City,FL,225,3.339000,,
70229,TA EXPRESS HENDERSON #969,I-11 EXIT 15A,Henderson,NV,910,3.639000,,
70232,RUTTERS #73,"I-81, EXIT 8 & CR-32",Inwood,WV,70,3.659000,,
70233,RUDS,SR-31 & I-94 EXIT 127,New Salem,ND,390,3.499000,,
70236,LOVES TRAVEL STOP #733,"I-25, EXIT 347",Las Vegas,NM,580,3.489000,,
70238,ROAD RANGER #275,"I-10, EXIT 400 & US-277",Sonora,TX,740,3.549000,,
70239,GOOD 2 GO #717,"I-25, EXIT 145",Colorado Springs,CO,803,3.479000,,
70240,MAVERIK COUNTRY STORE #370,"I-15, EXIT 10",Saint George,UT,910,3.541500,,
70241,MAVERIK COUNTRY STORE #460,SR-88,Minden,NV,966,3.525667,,
70242,ROAD RANGER #276,"I-35, EXIT 342A",Waco,TX,765,3.049000,,
70243,CASEYS #4415,US-68 & US-31W /SR-526,Bowling Green,KY,460,2.999000,,
70245,YESWAY #1168,US-287 & CR-368,Iowa Park,TX,770,2.889000,,
70246,7-Eleven #37565,SR-944 & SR-9,Miami,FL,95,3.249000,,
70247,EXXON DBA ONE9 #1416,I-20 EXIT 458,Dallas,TX,630,2.992333,,
70249,Caseys #4466,US-231 & SR-100,Scottsville,KY,460,3.312333,,
70251,Marathon,SR-42 & US-49,Hattiesburg,MS,620,3.032333,,
70254,LOVES TRAVEL STOP #732,I-70 & CR-829,Abilene,KS,523,3.762333,,
70255,J&H  FAMILY STORE #152,SR-55,Cadillac,MI,344,3.259000,,
70255,J&H  FAMILY STORE #152,SR-55,Cadillac,MI,344,3.559000,,
70256,PILOT TRAVEL CENTER #1128,SR-60,Bartow,FL,140,3.599000,,
70256,PILOT #1128,SR-60,Bartow,FL,140,3.599000,,
70257,LOVES TRAVEL STOP #739,I-2,Donna,TX,639,3.649000,,
70258,CASEYS #3677,US-59 & SR-30,Slayton,MN,530,3.299000,,
70262,ASAP GENERAL STORE #332,US-70 & US-377,Madill,OK,569,3.015667,,
70263,ENMARKET #769,US-301,Statesboro,GA,195,3.699000,,
70265,Speedee Mart # 2875,I-80 & CR-238,Milford,NE,413,3.432333,,
70266,PILOT #1161,I-20,Odessa,TX,710,3.565667,,
70267,LOVES TRAVEL STOP #728,"I-5, EXIT 238 & SR-164",Albany,OR,935,3.847333,,
70268,CASEYS #3396,SR-92 & SR-149,Sigourney,IA,380,3.362333,41.3368755,-92.1809450
70269,CASEYS #3589,"I-29, EXIT 2",North Sioux City,SD,527,3.059000,,
70270,CASEYS #3685,US-50/US400  & SR-25,Lakin,KS,525,3.192333,,
70271,CASEYS #1160,US-20,Plainview,NE,470,3.229000,,
70273,SPEEDWAY #5457,"I-264 E, EXIT 14 & SR-864 N",Louisville,KY,415,3.029000,,
70274,Kwik Star #920,US-18 & US-69,Garner,IA,433,3.399000,,
70276,STAR EXPRESS #5,US-301 & SR-648,Petersburg,VA,180,3.049000,,
70277,KWIK TRIP #595,SR-46,Amery,WI,448,3.560667,,
70278,KWIK TRIP #923,"I-41, EXIT 146 & CR-N",Little Chute,WI,582,3.269000,,
70279,KWIK TRIP #926,SR-19 & SR-21,New Prague,MN,448,3.290667,,
70280,LOVES TRAVEL STOP #668,"I-25, EXIT 250 & SR-56",Berthoud,CO,800,3.390667,40.3052736,-105.0506209
70281,LOVES TRAVEL STOP #645,"I-75, EXIT 18",Monroe,MI,325,3.339000,,
70281,LOVES TRAVEL STOP #645,"I-75, EXIT 18",Monroe,MI,325,3.239000,,
70281,LOVES TRAVEL STOP #645,"I-75, EXIT 18",Monroe,MI,325,3.429000,,
70281,LOVES TRAVEL STOP #645,"I-75, EXIT 18",Monroe,MI,325,3.489000,,
70281,LOVES TRAVEL STOP #645,"I-75, EXIT 18",Monroe,MI,325,3.549000,,
70281,LOVES TRAVEL STOP #645,"I-75, EXIT 18",Monroe,MI,325,3.389000,,
70282,PLEASANT SPRINGS TRAVEL,"I-39, EXIT 147 & CR-N",Cottage Grove,WI,420,3.390667,,
70283,SPEEDWAY #3996,US-12 & SR-120,Round Lake,IL,293,3.399000,42.3230051,-88.1645701
70283,SPEEDWAY #3996,US-12 & SR-120,Round Lake,IL,293,3.479000,42.3230051,-88.1645701
70283,SPEEDWAY #3996,US-12 & SR-120,Round Lake,IL,293,3.449000,42.3230051,-88.1645701
70284,ROBINSON CORINTH IRVING,"I-395 N, EXIT 3",Corinth,ME,170,3.932333,,
70285,IRVING MAINWAY,SR-16 E,Dover Foxcroft,ME,170,3.865667,,
70286,ROBINSONS IRVING,SR-7,Corinna,ME,170,3.932333,,
70287,LOVES TRAVEL STOP #710,US-31 & SR 28,Tipton,IN,457,3.847333,40.2753344,-86.1269168
70290,FLYING J #868,TCH 1,Medicine Hat,AB,50,4.620009,,
70290,FLYING J #868,TCH 1,Medicine Hat,AB,50,4.618990,,
70290,FLYING J #868,TCH 1,Medicine Hat,AB,50,4.630228,,
70290,FLYING J #868,TCH 1,Medicine Hat,AB,50,4.629546,,
70290,FLYING J #868,TCH 1,Medicine Hat,AB,50,4.622390,,
70290,FLYING J #868,TCH 1,Medicine Hat,AB,50,4.621029,,
70291,LOVES TRAVEL STOP #723,"I-80, EXIT 310 & CR-322",Laramie,WY,795,3.615667,,
70292,FLYING J #1171,I-15,Mesquite,NV,910,3.705667,,
70293,KWIK TRIP #922,US-8,Cameron,WI,295,3.664000,,
70295,SPEEDWAY #8080,I-69 & US-20,Angola,IN,465,3.599000,,
70296,MAVERIK COUNTRY STORE #573,SR-68 & SR-154,Riverton,UT,835,3.135667,,
70297,KWIK STAR #509,SR-169 & BUS-20,Fort Dodge,IA,433,3.202333,,
70298,LOVES TRAVEL STOP #740,"I-95, EXIT 38 & SR-68",Yemassee,SC,42,3.419000,,
70299,Mr Fuel dba Pilot Express #1149,"I-295, EXIT 41 & SR-105",Jacksonville,FL,75,3.239000,,
70299,PILOT EXPRESS #1149,"I-295, EXIT 41 & SR-105",Jacksonville,FL,75,3.239000,,
70299,Mr Fuel Travel Center dba Pilot Express #1149,"I-295, EXIT 41 & SR-105",Jacksonville,FL,75,3.239000,,
70300,PILOT #1194,I-10 & US-60,Phoenix,AZ,930,6.039000,,
70300,PILOT DEALER #1194,I-10 & US-60,Phoenix,AZ,930,6.039000,,
70301,GOLDEN GATE TRUCKSTOP,I-80 & SR-535,Elko,NV,787,3.599000,,
70302,KWIK TRIP #117,CR-9 & CR-4,Duluth,MN,334,3.499000,48.6411397,-95.6040390
70303,Kwik Star #1004,US-63,Waterloo,IA,565,3.574000,,
70304,Rusty Lantern,"I-95, EXIT 109A & SR-202",Augusta,ME,170,3.887333,,
70305,LOVES TRAVEL STOP #737,I-40/US-270,El Reno,OK,483,3.344000,,
70306,KWIK STAR #1001,US-6,Newton,IA,320,3.249000,,
70307,KWIK TRIP #592,"I-35, EXIT 159 & CR-1",Rush City,MN,451,3.377333,,
70308,KWIK TRIP #946,SR-32,Pulaski,WI,582,3.457333,,
70309,PILOT #1165,SR-18 & SR-128,Jal,NM,593,3.365667,,
70310,LANCASTER CONVENIENCE,US-2 & US-70,Lancaster,MA,34,3.705667,,
70311,RACING MART,SR-8,Adams,MA,215,3.699000,,
70313,Flyer's #3207,"SR-143, EXIT 2",Phoenix,AZ,930,3.389000,,
70314,CASEYS #2721,US-34,Lincoln,NE,413,3.336500,,
70318,LOVES TRAVEL STOP #738,"I-30/US-67, EXIT 122 & SR-19/SR-11",Sulphur Springs,TX,723,3.309000,33.1172910,-95.6352410
70319,SPEEDWAY #3650,"I-76, EXIT 11 & SR-261",Wadsworth,OH,305,3.699000,,
70320,SPEEDWAY #7177,"I-24, EXIT 158 & SR-27",Jasper,TN,285,3.014000,35.0391543,-85.5795440
70321,PILOT TRAVEL CENTER #1132,SR-171 & SR-78,Brawley,CA,900,4.759000,,
70321,PILOT TRAVEL CENTER #1132,SR-171 & SR-78,Brawley,CA,900,4.799000,,
70321,PILOT #1132,SR-171 & SR-78,Brawley,CA,900,4.859000,,
70321,PILOT #1132,SR-171 & SR-78,Brawley,CA,900,4.899000,,
70322,INDIAN HILL IRVING,SR 6,Greenville,ME,170,3.865667,,
70323,LOVES TRAVEL STOP #750,I-74 EXIT 206,Oakwood,IL,280,3.589000,,
70323,LOVES TRAVEL STOP #750,I-74 EXIT 206,Oakwood,IL,280,3.389000,,
70323,LOVES TRAVEL STOP #750,I-74 EXIT 206,Oakwood,IL,280,3.489000,,
70324,LOVES TRAVEL STOP #729,CR-17 & US-20,Goshen,IN,465,3.722333,,
70325,KWIK STAR #927,US-169 & US-169 BUS/US-20 BUS,Fort Dodge,IA,433,3.202333,42.4779225,-94.2073258
70326,PILOT #1207,"I-20, EXIT 79 & SR-464",Monahans,TX,710,3.465667,,
70328,Thorntons #7,US-12 & US-45,Franklin Park,IL,290,3.329000,,
70328,Thorntons #7,US-12 & US-45,Franklin Park,IL,290,3.379000,,
70328,Thorntons #7,US-12 & US-45,Franklin Park,IL,290,3.679000,,
70329,1 STOP TRAVEL PLAZA,US-14 & US-83,Pierre,SD,571,3.382333,,
70331,LOVES TRAVEL STOP #707,"I-64, EXIT 21",Covington,VA,185,3.649000,,
70332,FLYING J #1201,HWY 10 & HWY 9,Inglewood,ON,720,4.201360,,
70332,FLYING J #1201,HWY 10 & HWY 9,Inglewood,ON,720,4.202287,,
70332,FLYING J #1201,HWY 10 & HWY 9,Inglewood,ON,720,4.204452,,
70333,KWIK STAR #932,"I-80, EXIT 143 & CR-S14",Altoona,IA,320,2.959000,,
70334,KWIK TRIP #1021,SR-11 & CR-E,Brodhead,WI,420,3.415667,44.0179120,-90.6635901
70335,PILOT #1200,HWY 43,Valleyview,AB,80,4.622390,,
70336,SPEEDWAY #3962,"I-39,  EXIT 3 & SR-9",Roscoe,IL,293,3.469000,,
70337,LOVES TRAVEL STOP #700,I-10 EXIT 404 & SR-467,Sonora,TX,710,3.647333,,
70338,LOVES TRAVEL STOP #747,"I-75, EXIT 90",Sidney,OH,411,3.345667,,
70339,FLYING J #1197,HWY 3,Jaffray,BC,50,4.787098,,
70339,FLYING J #1197,HWY 3,Jaffray,BC,50,4.796979,,
70339,FLYING J #1197,HWY 3,Jaffray,BC,50,4.788155,,
70339,FLYING J #1197,HWY 3,Jaffray,BC,50,4.789565,,
70339,FLYING J #1197,HWY 3,Jaffray,BC,50,4.797687,,
70339,FLYING J #1197,HWY 3,Jaffray,BC,50,4.786042,,
70340,PIT STOP,SR-53 & SR-74,Joliet,IL,399,3.499000,,
70341,LOVES TRAVEL STOP #741,US-29,Reidsville,NC,65,3.999000,,
70342,AF TRUCK CENTER,"I-294, EXIT 33 & SR-64",Melrose Park,IL,293,3.459000,,
70343,PILOT TRAVEL CENTER #1103,"I-5, EXIT 208 & SR-530",Arlington,WA,962,4.559000,,
70344,KWIK TRIP #928,US-169,Princeton,MN,451,3.399000,,
70345,LOVES TRAVEL STOP #742,"I-196, EXIT 52",Holland,MI,406,4.089000,,
70346,Kwik Star #924,SR-17 & US-20 EXIT 140,Webster City,IA,433,3.202333,,
70349,WEIGELS #90,SR-139 & SR-66,Kodak,TN,405,3.199000,,
70350,CIRCLE K #2741859,CR-802,Brownsville,TX,665,3.029000,,
70351,MAVERIK COUNTRY STORE #606,US-91,Franklin,ID,825,3.579000,,
70352,KWIK TRIP #1019,CR-5 & SR-65,Isanti,MN,448,3.474000,45.4929309,-93.2365227
70353,ASAP General Store #314,"US-62, US-81, SR-9",Chickasha,OK,483,3.132333,,
70357,Certified Oil #400489,"I-71, EXIT 104",Columbus,OH,315,3.409000,,
70358,FOOD N FUEL #25,SR-15 & US-12,Milbank,SD,248,3.369000,45.2083242,-96.6407403
70359,PILOT # 1185,"I-15, EXIT 9   3",Littlefield,AZ,910,3.689000,,
70359,PILOT DEALER #1185,"I-15, EXIT 9   3",Littlefield,AZ,910,3.709000,,
70360,MAVERIK COUNTRY STORE #595,"I-84, EXIT 28",Caldwell,ID,785,3.369000,,
70361,MAVERIK COUNTRY STORE #599,US-89 & CR-122,Thayne,WY,825,3.669000,,
70366,FAST STOP,US-41,Escanaba,MI,360,3.399000,,
70371,KENT KWIK #440,US-277,Haskell,TX,575,3.539000,,
70373,KWIK TRIP #791,US-45 & SR-54,New London,WI,582,3.484000,,
70374,LOVES TRAVEL STOP #746,I-72 & SR-121,Decatur,IL,280,3.449000,,
70374,LOVES TRAVEL STOP #746,I-72 & SR-121,Decatur,IL,280,3.489000,,
70375,QUIKTRIP #1853,US-81,Decatur,TX,630,2.899000,,
70376,QUIKTRIP #1935,SR-183,Dallas,TX,630,2.975667,,
70377,WEIGELS #81,I-81 & SR-32,Morristown,TN,405,3.259000,,
70379,SPEEDWAY #7209,US-411 & SR-20,Cartersville,GA,18,3.115667,34.2028780,-84.9963736
70380,LOVES TRAVEL STOP #714,"I-85, EXIT 29",Charlotte,NC,46,3.522333,,
70383,SPEEDWAY #4400,I-10 & SR-59,Loxley,AL,715,3.282333,,
70385,LONGHORN EXPRESS,US-70,Ardmore,OK,253,3.009000,,
70388,PILOT #1205,"I-20, EXIT 80",Monahans,TX,710,3.465667,,
70389,PILOT #1145,SR-191,Midland,TX,710,3.565667,,
70390,FLYING J #1206,SR-302 & CR-313,Kermit,TX,710,3.255667,,
70391,MACH 1 #12,I-57 EXIT 65,West Frankfort,IL,510,3.299000,,
70391,MACH 1 #12,I-57 EXIT 65,West Frankfort,IL,510,3.199000,,
70403,MAVERIK COUNTRY STORE #607,"I-90, EXIT 1",Post Falls,ID,970,3.375667,,
70404,MAVERIK COUNTRY STORE #602,"I-25 EXIT, 138",Colorado Springs,CO,803,3.289000,,
70405,LOVES TRAVEL STOP #760,SR-18 & SR-234,Eunice,NM,593,3.329000,,
70406,LOVES TRAVEL STOP #754,SR-251,Rochelle,IL,520,3.749000,,
70406,LOVES TRAVEL STOP #754,SR-251,Rochelle,IL,520,3.849000,,
70407,BOLLA MARKET,"I-495, EXIT 57",Islandia,NY,83,3.639000,,
70407,BOLLA MARKET,"I-495, EXIT 57",Islandia,NY,83,3.539000,,
70407,BOLLA MARKET,"I-495, EXIT 57",Islandia,NY,83,3.599000,,
70408,BOLLA MARKET,"I-495, EXIT 64",Medford,NY,83,4.039000,,
70408,BOLLA MARKET,"I-495, EXIT 64",Medford,NY,83,3.639000,,
70408,BOLLA MARKET,"I-495, EXIT 64",Medford,NY,83,3.539000,,
70409,SPEEDWAY #6512,"I-196, EXIT 49 & SR-40",Holland,MI,456,3.899000,,
70410,SPEEDWAY #4107,I-285 & US-78,Stone Mountain,GA,18,3.529000,,
70411,MARATHON,SR-72,Elberton,GA,16,3.899000,,
70413,CASEYS #3782,US-169 & SR-2,Mount Ayr,IA,320,3.164000,,
70415,GARDEN TRUCK STOP,SR-55 /EXIT 35,Vineland,NJ,150,3.999000,,
70416,ALLSUPS CONVENIENCE STORE #2361,US-54 & US-287,Stratford,TX,585,2.957333,,
70417,CASEYS #3434,US-63,Denver,IA,565,3.499000,,
70419,FUEL AMERICA TRAVEL CENTER,I-35 EXIT 24,Laredo,TX,693,3.099000,,
70420,Circle K #2709302,SR-67,Decatur,AL,615,3.507333,,
70421,CASEYS #3581,US-62/US-67,Corning,AR,695,3.282333,,
70422,CIRCLE K #2741675,"I-10, EXIT 134",Tolleson,AZ,930,3.519000,,
70423,LOVES TRAVEL STOP #763,I-90 & US-20,Hampshire,IL,290,3.649000,,
70423,LOVES TRAVEL STOP #763,I-90 & US-20,Hampshire,IL,290,3.449000,,
70423,LOVES TRAVEL STOP #763,I-90 & US-20,Hampshire,IL,290,3.459000,,
70423,LOVES TRAVEL STOP #763,I-90 & US-20,Hampshire,IL,290,3.549000,,
70423,LOVES TRAVEL STOP #763,I-90 & US-20,Hampshire,IL,290,3.489000,,
70424,LOVES TRAVEL STOP #743,"I-75, EXIT 144A",Bridgeport,MI,260,3.589000,,
70424,LOVES TRAVEL STOP #743,"I-75, EXIT 144A",Bridgeport,MI,260,3.289000,,
70424,LOVES TRAVEL STOP #743,"I-75, EXIT 144A",Bridgeport,MI,260,3.479000,,
70424,LOVES TRAVEL STOP #743,"I-75, EXIT 144A",Bridgeport,MI,260,3.279000,,
70424,LOVES TRAVEL STOP #743,"I-75, EXIT 144A",Bridgeport,MI,260,3.389000,,
70425,LOVES TRAVEL STOP #731,"I-79, EXIT 105 & SR-108",Slippery Rock,PA,165,4.249000,,
70426,BISHOPS TRAVEL CENTER,US-27,Attapulgus,GA,20,3.699000,,
70427,PARKERS #64 (DISCOUNT AVAILABLE),SR-307,Savannah,GA,195,3.032333,,
70428,PARKERS #63 (DISCOUNT AVAILABLE),US-301,Jesup,GA,195,3.115667,,
70429,BP,SR-76,Adel,GA,10,2.969000,,
70430,SPRINT FOODS #715,I-520 & SR-56,Augusta,GA,135,3.192333,,
70431,TA EXPRESS HOLSTEIN #941,I-20 E,Holstein,IA,527,3.559000,,
70432,GAS N WASH,SR-43,Frankfort,IL,365,3.499000,,
70432,GAS N WASH,SR-43,Frankfort,IL,365,3.599000,,
70433,GAS N WASH,SR-126,Plainfield,IL,290,3.599000,,
70434,HUCKS FOOD & FUEL #371,SR-148 & SR-142,Mount Vernon,IL,340,3.099000,,
70436,CASEYS #3492,US-36,Marysville,KS,413,3.299000,,
70437,Thorntons #155,"SR-1020 N, & SR1065 E",Louisville,KY,415,2.905667,,
70438,BREAU BRIDGE TRUCKSTOP AND CASINO,SR-94,Breaux Bridge,LA,730,3.229000,,
70439,CHEVRON,I-20 & SR-151,Arcadia,LA,590,3.189000,,
70440,MOUND MINI MART,I-696,Warren,MI,325,3.699000,,
70441,BREAK TIME #3165,US-50 & SR-13,Warrensburg,MO,400,3.292333,,
70442,GOLDEN GATE PETRO,I-580 & US-50,Carson City,NV,966,3.599000,,
70443,GLUCKSTADT FLEETWAY,"I-55, EXIT 112",Madison,MS,760,3.199000,,
70445,CASEYS #3514,SR-1,Oakes,ND,341,3.382333,,
70446,ALLSUPS CONVENIENCE STORE #2220,US-285,Loving,NM,640,3.599000,,
70447,84 QUIK STOP,"I-84, EXIT 3 & US-6",New Hampton,NY,120,3.699000,,
70447,84 QUIK STOP,"I-84, EXIT 3 & US-6",New Hampton,NY,120,3.459000,,
70448,CIRCLE K #4707623,"I-81, EXIT 31",Brewerton,NY,220,4.089000,,
70450,QUEENSBURY,SR-149,Queensbury,NY,12,3.789000,,
70452,LOVES TRAVEL STOP #749,SR-78,Westmorland,CA,900,4.849000,,
70452,LOVES TRAVEL STOP #749,SR-78,Westmorland,CA,900,4.789000,,
70452,LOVES TRAVEL STOP #749,SR-78,Westmorland,CA,900,4.779000,,
70452,LOVES TRAVEL STOP #749,SR-78,Westmorland,CA,900,4.889000,,
70453,MARIETTA PETROLEUM,"I-35, EXIT 15 & SR-32",Marietta,OK,253,2.922333,33.9403663,-97.1450539
70454,DANDY MINI MART #36,US-220,Monroeton,PA,200,4.032333,,
70455,RUTTERS #37,US-332/US-22 & SR-75,Mifflintown,PA,70,4.099000,,
70456,RUTTERS #67,SR-16 & SR-75,Mercersburg,PA,70,4.399000,,
70457,RUTTERS #15,"I-83, EXIT 22 & SR-4009",York,PA,70,4.199000,,
70458,STOP-A MINIT,US-25 & SR-418,Pelzer,SC,30,2.899000,,
70459,GET N GO #22,I-90 & SR-115,Sioux Falls,SD,530,2.939000,,
70460,ALLSUPS CONVENIENCE STORE #2371,US-87,San Angelo,TX,612,3.205667,,
70461,CIRCLE K #2741074,I-35 & FM-1103,New Braunfels,TX,740,2.844000,,
70463,CIRCLE K #2741496,US-290,Chappell Hill,TX,670,2.999000,,
70464,GOLDEN GATE PETEROLEUM 24 RD,US-6,Grand Junction,CO,810,3.539000,,
70466,Circle K #2741925,SR-19,Trinity,TX,670,2.899000,,
70467,QUIKTRIP #598,"I-80, EXIT 439, SR-370",Omaha,NE,486,2.927333,,
70468,CIRCLE K #2741325,I-14 & SR-121,Belton,TX,765,2.885667,,
70469,TA EXPRESS #286,I-30 & SR-423,Mount Vernon,TX,637,3.299000,,
70472,SHELL/ONE9 #1304,I-820 & CR-156,Fort Worth,TX,630,2.892333,,
70474,EXXON,"I-30, EXIT 42A",Dallas,TX,630,3.499000,33.0101469,-96.8441994
70476,KWIK TRIP #1037,SR-65/23,Mora,MN,451,3.394000,45.8762670,-93.2890925
70478,TA Express Salina,"I-70, EXIT 56",Salina,UT,835,3.649000,,
70479,CROSSROADS MARKET,US-60 & SR-657,Gladstone,VA,185,3.439000,,
70480,BIG B TRUCK STOP,"I-90, EXIT 321",Sprague,WA,962,3.899000,,
70481,GOHL POST BP,"I-39, EXIT 100",Endeavor,WI,420,3.175667,,
70482,BIG D OIL #19,SR-259 & SR-387,Midwest,WY,790,3.459000,,
70483,BOLLA MARKET,SR-27 & CR-47,Copiague,NY,83,3.439000,,
70483,BOLLA MARKET,SR-27 & CR-47,Copiague,NY,83,3.399000,,
70484,ALLSUPS CONVENIENCE STORE #2117,SR-18 & CR-97,Lovington,NM,700,3.104000,,
70485,ALLSUPS CONVENIENCE STORE #2145,SR-132,Hobbs,NM,593,3.382333,,
70488,ALLSUPS CONVENIENCE STORE #2365,US-380 & SR-214,Plains,TX,700,3.369000,,
70491,MFA OIL PETRO CARD 24,US-36,Hamilton,MO,276,3.240667,,
70492,KWIK TRIP #1033,US-51 EXIT 191B,Wausau,WI,395,3.454000,,
70493,LOVES TRAVEL STOP #759,US-63/SR-11,Hazen,AR,695,3.225667,,
70494,7-ELEVEN #37570,I-76/US-6,Commerce City,CO,800,3.639000,,
70495,LOVES TRAVEL STOP #689,US-65 & US-82,Lake Village,AR,695,3.269000,,
70496,KWIK TRIP #1015,"I-43, EXIT 171",Denmark,WI,582,3.362333,,
70498,KWIK TRIP #939,"SR-29, EXIT 101",Stanley,WI,295,3.469000,,
70500,STRIPES 7FLEET #42526,SR-289,Lubbock,TX,700,3.055667,,
70501,STRIPES 7FLEET #42527,SR-191 & US-349,Midland,TX,710,3.472333,,
70502,STRIPES 7FLEET #42532,SR-302 & FM-1936,Odessa,TX,710,3.099000,31.8292605,-102.4395387
70503,STRIPES 7FLEET #42491,US-67 & SR-137,Big Lake,TX,710,3.549000,31.1917268,-101.4673279
70505,STRIPES #42593,LOOP 289 & MLK BLVD,Lubbock,TX,700,2.965667,33.5948115,-101.8183401
70507,ALLSUPS CONVENIENCE STORE #2154,SR-206 / US-283,Coleman,TX,575,3.159000,,
70508,7-ELEVEN #34715,I-294 EXIT 20,Schiller Park,IL,290,4.579000,,
70509,ALLSUPS CONVENIENCE STORE #2108,US-377 & US-183,Early,TX,575,2.932333,,
70510,ALLSUPS CONVENIENCE STORE #2147,SR-6 & CR-454,De Leon,TX,630,3.159000,,
70516,STRIPES 7FLEET #42528,"I-20, EXIT 217 & SR-139",Colorado City,TX,575,2.899000,,
70527,THORNTONS #164,I-65 EXIT 16 & US-31,Memphis,IN,415,3.625667,,
70530,LOVES TRAVEL STOP #767,FM-511 & SR-48,Brownsville,TX,625,3.155667,,
70538,SPEEDWAY #9329,"I-64 EXIT 43, SR 395 & 2823",Waddy,KY,410,3.149000,38.1780102,-85.0674680
70539,PILOT #1174,"I-70/SR-1, EXIT 147",Marshall,IL,510,3.299000,39.4779543,-87.6817854
70539,PILOT TRAVEL CENTER #1174,"I-70/SR-1, EXIT 147",Marshall,IL,510,3.499000,39.4779543,-87.6817854
70539,PILOT TRAVEL CENTER #1174,"I-70/SR-1, EXIT 147",Marshall,IL,510,3.359000,39.4779543,-87.6817854
70539,PILOT #1174,"I-70/SR-1, EXIT 147",Marshall,IL,510,3.499000,39.4779543,-87.6817854
70539,PILOT TRAVEL CENTER #1174,"I-70/SR-1, EXIT 147",Marshall,IL,510,3.299000,39.4779543,-87.6817854
70540,LOVES TRAVEL STOP #674,US-27 & SR-60,Lake Wales,FL,140,3.552333,27.8952648,-81.5903117
70541,Kwik Star#1012,US-71 & SR-9,Spirit Lake,IA,440,3.299000,,
70543,ALLSUPS CONVENIENCE STORE #2078,US-60,White Deer,TX,585,2.969000,,
70544,ALLSUPS CONVENIENCE STORE #2100,US-87,Odonnell,TX,700,3.099000,,
70545,ALLSUPS CONVENIENCE STORE #2205,SR-83,Denver City,TX,700,3.365667,,
70546,ALLSUPS CONVENIENCE STORE #2370,US-287 & SR-70,Clarendon,TX,585,2.929000,,
70547,ALLSUPS CONVENIENCE STORE #2140,SR-114,Bridgeport,TX,630,2.899000,,
70548,ALLSUPS CONVENIENCE STORE #2114,US-84,Muleshoe,TX,700,3.190667,,
70549,ALLSUPS CONVENIENCE STORE #2194,214 PLAINS HIGHWAY,Denver City,TX,700,3.382333,32.9665054,-102.8190237
70550,TEXACO #379545,US-290,Giddings,TX,595,3.399000,,
70551,KWIK TRIP #1047,SR-100 & SR-59,Milwaukee,WI,444,3.540667,,
70552,KWIK TRIP #941,US-2,Duluth,MN,334,3.499000,,
70553,KWIK TRIP #1028,US-59,Worthington,MN,425,3.165667,,
70554,HORSESHOE CONVENIENCE,SR 302 & IC 200,Mentone,TX,710,3.107333,,
70555,THORNTONS #615,I-40 EXIT 188,Kingston Springs,TN,460,2.982333,,
70556,ZIP ZONE EXPRESS,US-23,Catlettsburg,KY,255,3.699000,,
70557,LOVES TRAVEL STOP #727,"I-44, EXIT 283 & US-69",Big Cabin,OK,560,3.412333,,
70558,LOVES TRAVEL STOP #752,"I-43, EXIT 25 & SR-67",Elkhorn,WI,520,3.240667,,
70559,KWIK TRIP #1026,"HWY-23/ HWY-169, EXIT 23",Milaca,MN,453,3.369000,,
70560,PILOT DEALER #1235,"I-8, EXIT 42",Tacna,AZ,900,3.599000,,
70560,PILOT #1235,"I-8, EXIT 42",Tacna,AZ,900,3.659000,,
70561,PILOT #1143,I-20 & SR-302,Odessa,TX,710,3.599000,,
70562,SPEEDWAY #7161,I-65 & US-31,Portland,TN,460,3.024000,,
70563,PILOT DEALER #1234,US-93 & CR-145,Willow Beach,AZ,910,3.839000,,
70563,PILOT #1234,US-93 & CR-145,Willow Beach,AZ,910,3.899000,,
70564,SPEEDWAY #7236,"I-90/SR-2, EXIT 151",Avon,OH,305,3.659000,,
70565,Kwik Star #1025,SR-9/SR-4,Estherville,IA,425,3.332333,,
70567,LEDGEWOOD BP,I-80/SR-46,Ledgewood,NJ,115,3.299000,,
70571,LOVES TRAVEL STOP #748,"I-90, I-80 & SR-49",Edon,OH,550,3.887333,,
70572,LOVES TRAVEL STOP #745,I-94,Saint Clair,MI,342,3.949000,,
70573,KWIK TRIP #1038,US-12,Prairie Du Sac,WI,420,3.484000,,
70574,SPEEDWAY #3961,"I-55, EXIT 109",Williamsville,IL,318,3.299000,,
70575,SPEEDWAY #6721,SR 51,Mc Kees Rocks,PA,165,3.899000,,
70576,KWIK TRIP #593,"I-94, EXIT 41 & SR-25",Menomonie,WI,295,3.574000,,
70577,SPEEDWAY #3715,US-30,Crest Hill,IL,293,3.299000,,
70577,SPEEDWAY #3715,US-30,Crest Hill,IL,293,3.359000,,
70578,COMMON CENTS #125,"I-90/US-14, EXIT 61",Rapid City,SD,506,3.207333,,
70579,Exxon/One9 #1338,I-35 & CR-372,Jarrell,TX,765,2.885667,30.8393923,-97.5988471
70580,LOVES TRAVEL STOP #753,I-90 EXIT 96 & SR-474,Missoula,MT,820,3.674000,,
70581,LOVES TRAVEL STOP #773,"SR-14 & I-59/20, EXIT 40",Eutaw,AL,615,3.137333,,
70582,Kwik Star #1039,I-80 EXIT 301,Bettendorf,IA,270,3.649000,,
70583,LOVES TRAVEL STOP #783,US-60 & US-63,Willow Springs,MO,535,3.419000,,
70584,PILOT TRAVEL CENTER #1209,"I-20, EXIT 136 & SR-349",Midland,TX,710,3.565667,,
70585,PILOT TRAVEL CENTER #1211,US-385 & CR-1910,Andrews,TX,710,3.639000,,
70586,MAVERIK COUNTRY STORE #610,I-80,Winnemucca,NV,966,3.389000,,
70587,MAVERIK COUNTRY STORE #623,US-89,Gunnison,UT,835,3.419000,,
70588,SPEEDWAY #7217,I-70 EXIT 49,Smithton,PA,165,3.915667,,
70590,CIRCLE K #2722291,US-1 & SR-206,Saint Augustine,FL,75,3.379000,29.7564784,-81.3127604
70591,SPEEDWAY #6465,"I-77, EXIT 101",Canton,OH,249,3.607333,,
70592,LOVES TRAVEL STOP #751,"I-20, EXIT 87",Elgin,SC,135,3.425667,,
70593,LOVES TRAVEL STOP #735,I-75/SR-401,Calhoun,GA,285,3.279000,,
70595,SPEEDWAY #6509,"I-74, EXIT 206",Oakwood,IL,280,3.199000,,
70595,SPEEDWAY #6509,"I-74, EXIT 206",Oakwood,IL,280,3.349000,,
70595,SPEEDWAY #6509,"I-74, EXIT 206",Oakwood,IL,280,3.299000,,
70596,SPEEDWAY #7208,I-85 EXIT 137,Jefferson,GA,16,3.119000,,
70597,SPEEDWAY #9394,SR-4 & US-25,Lexington,KY,410,3.129000,,
70598,SPEEDWAY #7175,US-78 & SR-175,Memphis,TN,435,3.199000,,
70599,Jet Food Store,US-278,Warrenton,GA,85,3.415667,,
70600,KWIK STAR #1027,US-65,Mason City,IA,433,3.264000,,
70601,24/7 TRAVEL STORE,I-70 EXIT 275,Abilene,KS,523,2.994000,,
70603,ROAD RANGER #277,"I-30, EXIT 201 & SR-8",New Boston,TX,766,3.080667,,
70604,KWIK STAR #940,US-69 & SR-9,Forest City,IA,433,3.449000,,
70605,SPEEDWAY #1042,"I-55 & SR-50, EXIT 286",Cicero,IL,291,3.599000,,
70605,SPEEDWAY #1042,"I-55 & SR-50, EXIT 286",Cicero,IL,291,3.569000,,
70606,SPEEDWAY #7179,"I-65 & SR-101, EXIT 38",Smiths Grove,KY,415,3.065667,,
70607,SPEEDWAY #8544,"I-55 & US-6, EXIT 24B",Channahon,IL,291,3.249000,,
70607,SPEEDWAY #8544,"I-55 & US-6, EXIT 24B",Channahon,IL,291,3.299000,,
70608,KWIK TRIP #1017,US-10/SR-47,Anoka,MN,451,3.624000,,
70609,JP TRAVEL PLAZA,"I-75, EXIT 205 & SR-16",Jackson,GA,18,3.159000,,
70611,Shell,US-6 & SR-3,Kendallville,IN,370,3.499000,,
70612,SHREES TRUCK STOP #2,I-90 EXIT 101,Thorp,WA,920,3.839000,,
70612,SHREES TRUCK STOP #2,I-90 EXIT 101,Thorp,WA,920,3.809000,,
70612,SHREES TRUCK STOP #2,I-90 EXIT 101,Thorp,WA,920,3.859000,,
70615,THORNTONS #0334,I-57 EXIT 350 & SR-83,Posen,IL,365,3.399000,,
70617,QUIKTRIP #224,"I-435, EXIT 57",Kansas City,MO,400,3.099000,,
70618,LOVES TRAVEL STOP #744,"I-270 N, EXIT 49",Lockbourne,OH,315,3.455667,,
70619,KWIK TRIP #1049,US-212 & CR-68,Glencoe,MN,448,3.524000,,
70620,LOVES TRAVEL STOP #779,I-30 EXIT 97,Malvern,AR,635,3.499000,,
70621,FRIENDLY GUS STORE #24,I-16 EXIT 53 & SR-19,Dublin,GA,85,3.399000,,
70622,SPEEDWAY #6781,US-422,Douglassville,PA,208,3.799000,,
70623,SPEEDWAY #1127,"I-55, EXIT 267 & SR-53",Bolingbrook,IL,293,3.589000,,
70623,SPEEDWAY #1127,"I-55, EXIT 267 & SR-53",Bolingbrook,IL,293,3.299000,,
70624,KWIK STAR #929,I-74 EXIT 2,Bettendorf,IA,270,3.599000,,
70625,BROWNVILLE IRVING,SR-11,Brownville,ME,170,3.932333,,
70626,GOLDEN GATE PETROLEUM,"I-70, EXIT 97",Silt,CO,810,3.459000,,
70628,PILOT #1195,"I-90, EXIT 106",Ellensburg,WA,977,3.959000,,
70628,PILOT #1195,"I-90, EXIT 106",Ellensburg,WA,977,3.859000,,
70628,PILOT #1195,"I-90, EXIT 106",Ellensburg,WA,977,3.839000,,
70628,PILOT #1195,"I-90, EXIT 106",Ellensburg,WA,977,3.899000,,
70629,KWIK TRIP #930,"I-35, EXIT 147 & SR-95",North Branch,MN,448,3.402333,,
70630,SPEEDWAY #3632,"I-76, EXIT 33 & SR-43",Kent,OH,249,3.532333,,
70632,CIRCLE K #4706705,SR-394,Crete,IL,365,3.499000,,
70634,CORNER MARKET #101,US-83 & SR-96,Scott City,KS,525,3.359000,,
70635,CIRCLE K #4705706,US-224 & SR-99,Willard,OH,249,3.599000,41.1493614,-82.7293649
70637,CIRCLE K #2704111,I-2/US-83 & CR-493,Donna,TX,639,3.009000,,
70638,LOVES TRAVEL STOP #769,"I-70, EXIT 358A & US-75",Topeka,KS,570,3.284000,,
70640,LOVES TRAVEL STOP #794,SR-3/SR-33,Watonga,OK,483,3.375667,,
70641,LOVES TRAVEL STOP #706,"I-81/I-64, EXIT 213",Staunton,VA,185,3.649000,,
70642,LOVES TRAVEL STOP #776,"I-20, EXIT 15",Vicksburg,MS,760,3.549000,,
70643,LOVES TRAVEL STOP #774,US-431/CR-248,Smiths Station,AL,720,3.194000,,
70644,KWIK TRIP #1031,I-494 EXIT 20,Delano,MN,451,3.524000,,
70645,QUIKTRIP #4048,"I-410, EXIT164B",San Antonio,TX,740,2.965667,,
70646,KWIK TRIP #1051,I-43 & CR-N,Green Bay,WI,582,3.440667,,
70647,PILOT #1227,I-20 EXIT 66,Pyote,TX,710,3.465667,,
70648,BARRINGTON APPLEGREEN,SR-125 & SR-9,Barrington,NH,178,3.899000,43.2135438,-71.0004993
70649,KWIK TRIP #931,SR-95,North Branch,MN,448,3.427333,,
70650,MAVERIK COUNTRY STORE #581,"I-15 N, EXIT 334 & SR-193",Clearfield,UT,835,3.335667,,
70651,WALBURG TRAVEL CENTER,"I-35, EXIT 266",Georgetown,TX,595,2.832333,,
70652,ROADYS MACH 1 #14,I-57 EXIT 94,Mount Vernon,IL,574,3.099000,,
70652,ROADYS MACH 1 #14,I-57 EXIT 94,Mount Vernon,IL,574,3.199000,,
70652,ROADYS MACH 1 #14,I-57 EXIT 94,Mount Vernon,IL,574,3.299000,,
70653,MACH 1 #24,I-74 EXIT 215A & SR-1,Tilton,IL,280,3.199000,,
70653,MACH 1 #24,I-74 EXIT 215A & SR-1,Tilton,IL,280,3.299000,,
70654,PILOT #1269,I-10 EXIT 378,San Simon,AZ,980,3.309000,,
70654,PILOT DEALER #1269,I-10 EXIT 378,San Simon,AZ,980,3.334000,,
70655,GOLDEN GATE PETROLEUM,US-6,Grand Junction,CO,810,3.499000,,
70656,LOVES TRAVEL STOP #757,"US-23, EXIT 25",Milan,MI,325,3.579000,,
70656,LOVES TRAVEL STOP #757,"US-23, EXIT 25",Milan,MI,325,3.649000,,
70656,LOVES TRAVEL STOP #757,"US-23, EXIT 25",Milan,MI,325,3.489000,,
70656,LOVES TRAVEL STOP #757,"US-23, EXIT 25",Milan,MI,325,3.569000,,
70657,INTERFUEL,I-96 EXIT 167,Springfield,VA,60,3.899000,,
70658,CASEYS #3708,SR-235,New Carlisle,OH,411,3.259000,,
70660,CASEYS #3852,"I-35, EXIT 33 & US-34",Creston,IA,320,3.349000,,
70661,CASEYS #3238,US-52 EXIT 64 & CR-12,Oronoco,MN,451,3.515667,47.0890088,-94.6180445
70662,GETGO #3202,I-79 EXIT 183A,Erie,PA,240,3.899000,,
70663,LENNYS GAS N WASH BOURBONNAIS,US-45/US-52,Bourbonnais,IL,296,3.399000,,
70663,LENNYS GAS N WASH BOURBONNAIS,US-45/US-52,Bourbonnais,IL,296,3.299000,,
70665,POCO LOCO MARKET,I-35 EXIT 219,Buda,TX,595,2.892333,,
70666,Thorntons #322,"I-55, EXIT 288",Chicago,IL,290,3.599000,,
70667,EZ TRIP #1226,"I-84, EXIT 104 & US-97",Wasco,OR,935,3.239000,,
70668,LOVES TRAVEL STOP #784,US-30 & CR-9,Schuyler,NE,486,3.282333,,
70669,TA EXPRESS BIGGS,"I-84, EXIT 104 & US-97",Wasco,OR,935,3.199000,,
70670,MAVERIK COUNTRY STORE #625,"I-215, EXIT 27 & CR-68",North Salt Lake,UT,835,3.442333,,
70673,PAC PRIDE,SR-202,Mesa,AZ,930,4.024000,,
70674,ALLTOWN FRESH #769,SR-111,Ayer,MA,34,3.649000,,
70676,PAC PRIDE,"I-10, EXIT 138",Phoenix,AZ,930,4.036500,,
70677,PAC PRIDE,US-60,Glendale,AZ,930,4.024000,,
70679,PAC PRIDE,"I-10, EXIT 151",Phoenix,AZ,930,4.024000,,
70680,PAC PRIDE,"I-17, EXIT 215B",Phoenix,AZ,930,4.024000,,
70681,PETRO STOP,US-60,Mesa,AZ,930,4.015667,,
70682,LOVES TRAVEL STOP #758,"I-255/US-50, EXIT 15",East Saint Louis,IL,540,3.589000,,
70682,LOVES TRAVEL STOP #758,"I-255/US-50, EXIT 15",East Saint Louis,IL,540,3.489000,,
70682,LOVES TRAVEL STOP #758,"I-255/US-50, EXIT 15",East Saint Louis,IL,540,3.379000,,
70682,LOVES TRAVEL STOP #758,"I-255/US-50, EXIT 15",East Saint Louis,IL,540,3.689000,,
70686,HOLIDAY STATIONSTORE #2746471,US-12,Hudson,WI,448,3.539000,,
70687,RUTTERS #87,"I-99, EXIT 78B & SR-150",Bellefonte,PA,70,4.015667,,
70691,QUIKTRIP #4049,"I-10/US-90, EXIT 583",San Antonio,TX,740,2.965667,,
70692,RUTLAND ROUTE 7 IRVING,US-4 & US-7,Rutland,VT,170,3.699000,43.5901606,-72.9689385
70693,MAPCO #3507,US-76 & SR-71,Dalton,GA,285,3.119000,,
70695,ALLSUPS CONVENIENCE STORE #2132,US-54 & US-380,Carrizozo,NM,580,3.282333,,
70696,DK #11822,I-20 EXIT 131,Midland,TX,612,2.857333,,
70698,ALLSUPS CONVENIENCE STORE #2038,US-54,Logan,NM,585,3.199000,,
70699,QUIK STOP,US-79,Paris,TN,490,2.959000,,
70700,PATRIOT FUELING CENTER,US-231/SR-9,Wetumpka,AL,720,3.199000,,
70704,KUM & GO #0702,"I-44, EXIT 6 & SR-86",Joplin,MO,535,3.009000,,
70705,CASEYS #3464,SR-48 & CR-10,Morrisonville,IL,280,3.759000,,
70705,CASEYS #3464,SR-48 & CR-10,Morrisonville,IL,280,3.999000,,
70705,CASEYS #3464,SR-48 & CR-10,Morrisonville,IL,280,3.959000,,
70706,BIG APPLE TRAVEL CENTER,I-44/US-71,Joplin,MO,416,3.212333,,
70707,TA Express West Point #283,"I-85/SR-403, EXIT 2 & SR-18",West Point,GA,720,3.665667,,
70708,LOVES TRAVEL STOP #785,"I-96, EXIT 90",Grand Ledge,MI,406,3.949000,,
70709,VP Racing Fuels,SR-19,Center,MO,540,3.165667,,
70710,LOVES TRAVEL STOP #799,US-72 & SR-15,Walnut,MS,655,3.559000,,
70711,LOVES TRAVEL STOP #762,FM-1472,Laredo,TX,693,3.255667,,
70714,PILOT TRAVEL CENTER #1281,US-89,Page,AZ,910,3.999000,,
70714,PILOT DEALER #1281,US-89,Page,AZ,910,3.999000,,
70717,Certified Oil #400491,I-270 EXIT 52,Columbus,OH,315,3.202333,,
70718,ROAD RANGER #278,"I-40, EXIT 216 & US-49",Brinkley,AR,695,3.199000,,
70719,FAST LANE #31,"I-70, EXIT 183",Jonesburg,MO,540,3.299000,,
70720,SPEEDWAY #4453,SR-23,Sauk Rapids,MN,451,3.189000,,
70722,SPEEDWAY #9935,I-90 EXIT 35 & SR-298,Syracuse,NY,190,4.099000,,
70723,SPEEDWAY #9932,I-99 EXIT 8 & SR-417,Painted Post,NY,190,4.099000,,
70724,LOVES TRAVEL STOP #790,"I-95, EXIT108",Summerton,SC,135,3.509000,,
70725,LOVES TRAVEL STOP #782,"I-24 & US-41, EXIT 86",Oak Grove,KY,415,3.142333,,
70726,CASEYS #1195,US-36,Belleville,KS,336,3.339000,,
70727,CASEYS #2998,US-75 & SR-23,Pipestone,MN,530,3.449000,,
70728,CASEYS #3245,US-81,Freeman,SD,530,3.299000,,
70729,CASEYS #3785,US-14,Fort Pierre,SD,571,3.399000,,
70730,CASEYS #3855,US-81,Yankton,SD,572,3.139000,,
70731,PILOT TRAVEL CENTERS #1181,IL-38 E,Rochelle,IL,520,3.759000,,
70731,PILOT #1181,IL-38 E,Rochelle,IL,520,3.759000,,
70732,MAVERIK COUNTRY STORE #627,I-15 EXIT 303,Salt Lake City,UT,835,3.442333,,
70733,CASEYS #1607,US-63,Macon,MO,392,3.290667,,
70735,CASEYS #1778,SR-267/SR-111,Brighton,IL,574,3.279000,,
70735,CASEYS #1778,SR-267/SR-111,Brighton,IL,574,3.299000,,
70735,CASEYS #1778,SR-267/SR-111,Brighton,IL,574,3.239000,,
70735,CASEYS #1778,SR-267/SR-111,Brighton,IL,574,3.279000,,
70735,CASEYS #1778,SR-267/SR-111,Brighton,IL,574,3.239000,,
70736,CASEYS #1941,"I-35, EXIT 90 & SR-160",Ankeny,IA,320,3.139000,,
70737,CASEYS #2272,I-80/US-6 EXIT 155 & SR-117,Colfax,IA,320,3.099000,,
70738,QUIKTRIP #7061,I-49 EXIT 39A,Joplin,MO,413,3.022333,,
70739,CASEYS #2602,US-36/SR-5 & SR-11,Brookfield,MO,276,3.249000,,
70740,JACK FLASH,"I-70, EXIT 82 & SR 128",Altamont,IL,574,3.099000,,
70740,JACK FLASH,"I-70, EXIT 82 & SR 128",Altamont,IL,574,3.199000,,
70741,CASEYS #3590,US-27,Geneva,IN,465,3.594000,,
70742,CASEYS #3653,SR-14,Greene,IA,433,3.599000,,
70743,CASEYS #3659,US-10 & SR-115,Randall,MN,250,3.485667,,
70744,CASEYS #3686,I-80 EXIT 81,Utica,IL,296,2.969000,,
70744,CASEYS #3686,I-80 EXIT 81,Utica,IL,296,2.999000,,
70744,CASEYS #3686,I-80 EXIT 81,Utica,IL,296,3.159000,,
70745,CASEYS #3752,",",Mountain Lake,MN,425,3.402333,,
70746,CASEYS #3085,US-34 & SR-14,Aurora,NE,330,3.099000,40.8727279,-97.9977987
70747,CASEYS #3702,US-377/SR-99 & SR-9,Seminole,OK,560,3.025667,,
70748,CASEYS #3717,US-218,Vinton,IA,380,3.199000,,
70749,CASEYS #3719,US-160,Ulysses,KS,525,3.409000,,
70750,CASEYS #3787,"I-35, EXIT 222",Blackwell,OK,483,2.999000,,
70751,CASEYS #3795,"I-43, EXIT 96",Saukville,WI,444,3.289000,,
70752,CASEYS #3755,SR-7/SR-27,Russellville,AR,645,3.419000,,
70753,CASEYS #3798,"I-44, EXIT 211",Drumright,OK,560,3.119000,,
70754,CASEYS #3758,US-77,Douglass,KS,570,3.264000,,
70755,CASEYS #3809,US-56 & SR-51,Hugoton,KS,525,3.392333,,
70756,CASEYS #3780,US-40,Tonganoxie,KS,400,3.159000,,
70757,CASEYS #3811,US-69,McAlester,OK,560,3.225667,,
70759,CASEYS #3832,"I-35, EXIT 40A & US-14",Janesville,MN,425,3.582333,,
70760,CASEYS #2730,US-34 & SR-15,Seward,NE,413,3.369000,,
70761,CASEYS #3841,"US-61, EXIT 5",Kieler,WI,335,3.489000,,
70763,CASEYS #3854,"US-20, EXIT 275 & SR-13",Manchester,IA,380,3.545667,42.3909013,-91.4808036
70764,CASEYS #3856,"I-51, EXIT 48 & SR-251",Tonica,IL,520,3.199000,41.6279533,-89.1292438
70764,CASEYS #3856,"I-51, EXIT 48 & SR-251",Tonica,IL,520,3.099000,41.6279533,-89.1292438
70764,CASEYS #3856,"I-51, EXIT 48 & SR-251",Tonica,IL,520,3.069000,41.6279533,-89.1292438
70765,CEFCO #103,SR-36,Temple,TX,765,2.965667,,
70767,CASEYS #3493,SR-72,Shannon,IL,520,3.699000,,
70768,CASEYS #3497,SR-29,South Pekin,IL,368,3.699000,,
70768,CASEYS #3497,SR-29,South Pekin,IL,368,3.619000,,
70768,CASEYS #3497,SR-29,South Pekin,IL,368,3.679000,,
70769,CASEYS #3527,US-169 & US-60,Nowata,OK,307,3.182333,,
70770,CASEYS #3528,SR-92,Washington,IA,380,3.271000,,
70771,CASEYS #3545,US-14/CR-27,Sleepy Eye,MN,425,3.332333,,
70772,CASEYS #3554,"I-70, EXIT 52",Mulberry Grove,IL,368,3.489000,,
70773,CASEYS #3575,US-36,Seneca,KS,413,3.159000,,
70774,CASEYS #3079,"US-20, EXIT 71 & US-71",Early,IA,440,3.299000,,
70775,CASEYS #3576,US-56,Overbrook,KS,400,3.195667,,
70776,CASEYS #3579,US-36,Smith Center,KS,330,3.179000,,
70778,CASEYS #3588,"I-75 N, EXIT 69",Tipp City,OH,411,3.099000,,
70779,CASEYS #3204,"I-80, EXIT 29 & I-880, EXIT 29A",Minden,IA,319,3.159000,,
70780,CASEYS #3306,SR-15 & CR-47/CR-136,Saint Cloud,MN,522,3.249000,45.4717000,-94.2462279
70782,CASEYS #3465,"I-80, EXIT 285 & US-30",Gibbon,NE,330,3.049000,,
70783,ENMARKET #820,"I-95/SR-405, EXIT 109 & SR-21",Port Wentworth,GA,195,3.090667,,
70784,CIRCLE K #2723046,"I-95, EXIT 41 & SR-59/CR2252",Hope Mills,NC,63,2.909000,,
70785,CIRCLE K #2705347,"I-77, EXIT 5 & SR-48",Columbia,SC,135,3.204000,,
70786,CIRCLE K #2741502,"I-37, EXIT 9",Corpus Christi,TX,625,3.060667,,
70787,LOVES TRAVEL STOP #778,"I-16, EXIT 143 & US-280",Ellabell,GA,135,3.295667,,
70788,SPEEDWAY #1031,"I-480 & I-271, EXIT 26",Bedford,OH,305,3.649000,,
70789,7FLEET #46080,"I-41 & US-41, EXIT 133",Neenah,WI,360,3.449000,,
70790,LOVES TRAVEL STOP #788,"I-70, EXIT 175",New Florence,MO,540,3.122333,,
70791,LOVES TRAVEL STOP #791,"I-40, EXIT 126",Holladay,TN,460,3.122333,,
70792,ANEW TRAVEL CENTER,US-6/34 & CR-410,Cambridge,NE,475,3.364000,,
70793,LOVES TRAVEL STOPS #119,"I-70, EXIT 160",Green River,UT,835,3.299000,,
70793,LOVES TRAVEL STOP #119,"I-70, EXIT 160",Green River,UT,835,3.391000,,
70794,CASEYS #3747,SR-103 & CR-96,Carey,OH,411,3.175667,40.9394711,-83.4026964
70796,QUICK FUEL #3177,"I-35W, EXIT 56",Fort Worth,TX,637,3.032333,,
70797,QUICK FUEL #3176,"I-35E, EXIT 442",Carrollton,TX,637,3.015667,,
70798,QUICK FUEL #1926,"I-90, EXIT 171B & US-14",Janesville,WI,420,3.399000,,
70831,FLYERS #768,"I-80, EXIT 19 & SR-659",Sparks,NV,966,4.052333,,
70832,FLYERS #766,SR-648,Sparks,NV,966,4.059000,,
70833,FLYERS #764,SR-667,Reno,NV,966,4.052333,,
70845,FLYERS #759,"I-80, EXIT 19",Sparks,NV,966,4.050667,,
70855,FLYERS #761,"I-580, EXIT 5",Carson City,NV,966,3.699000,,
70858,SPEEDWAY #1012,"I-65, EXIT 158 & CR-6",Hope Hull,AL,720,3.052333,,
70859,FLYERS #732,I-580 & US-50,Carson City,NV,966,3.699000,,
70860,FLYERS #726,"I-80, EXIT 303",Elko,NV,966,3.629000,,
70864,FLYERS #747,"I-580/US-395, EXIT 29 & SR-659",Reno,NV,966,4.054000,,
70870,ESSENTIAL FUELS,US-26,Scottsbluff,NE,795,3.599000,,
70871,ALLTOWN MARKETS #835,"I-95, EXIT 62",Madison,CT,100,4.239000,,
70873,TA LAKE CITY #288,"I-75, EXIT 414",Lake City,FL,225,3.299000,,
70874,CIRCLE T,SR-6 & SR-515,Navasota,TX,670,3.432333,,
70875,FUEL MAXX #57,SR-105 & SR-146,Liberty,TX,610,3.132333,30.2469967,-94.7421246
70876,JIFFY MART,SR-123/SR-12,Walpole,NH,12,3.685667,,
70877,LOVES TRAVEL STOP #770,"US-41, EXIT 1A",Wadsworth,IL,444,3.819000,,
70877,LOVES TRAVEL STOP #770,"US-41, EXIT 1A",Wadsworth,IL,444,3.759000,,
70878,MAVERIK COUNTRY STORE #630,I-15 EXIT 13,Malad City,ID,825,3.394000,,
70879,MAVERIK COUNTRY STORE #611,I-40 EXIT 154,Albuquerque,NM,580,3.194000,,
70880,RUTTERS #81,SR-61 & SR-73,Leesport,PA,208,3.897333,,
70881,RUTTERS #79,"I-99/US-220, EXIT 28 US-22/SR-764",Duncansville,PA,14,4.099000,,
70882,RUTTERS #77,US-11/US-15 & US-22,Duncannon,PA,70,4.294000,40.2804324,-76.8736057
70883,RUTTERS #41,US-422,Lebanon,PA,70,3.799000,,
70884,RUTTERS #75,SR-194 & SR-550,Walkersville,MD,70,3.932333,,
70885,KWIK TRIP #1061,CR-CE & CR-HH,Combined Locks,WI,582,3.549000,,
70887,LOVES TRAVEL STOP #781,"I-20, EXIT 113 & SR-83",Madison,GA,16,3.849000,,
70888,HUTCHS #125,US-283,Altus,OK,483,2.999000,,
70889,TRUCK WORLD,I-90 EXIT 241 & SR-7,Conneaut,OH,305,3.359000,,
70890,PILOT #1299,US-287 & SR-148,Henrietta,TX,770,3.125667,33.8140470,-98.1974395
70891,QUARLES #4908,I-64 EXIT 297,Chesapeake,VA,130,3.525667,,
70892,QUARLES #4001,I-95 EXIT 133,Fredericksburg,VA,60,3.759000,,
70893,QUARLES #4002,"I-95 EXIT 130A, SR-2",Fredericksburg,VA,60,3.759000,,
70894,QUARLES #4009,US-301,Waldorf,MD,60,3.759000,,
70895,QUARLES #4011/SHELL,I-95 EXIT 118,Woodford,VA,180,2.899000,,
70896,QUARLES #4200,US-522,Front Royal,VA,60,3.699000,,
70897,QUARLES #4302,SR-801 & SR-42,Broadway,VA,60,3.459000,,
70898,QUARLES #4303,"I-81 EXIT 243, US-11",Harrisonburg,VA,60,2.899000,,
70899,QUARLES #4304,"I-64 EXIT 96, SR-624",Waynesboro,VA,180,3.799000,,
70900,QUARLES #4306,I-81 EXIT 150A,Roanoke,VA,185,3.559000,,
70901,QUARLES #4307,"I-81 EXIT 137, US-11/460",Salem,VA,185,3.559000,,
70902,QUARLES #4309,US-460/29,Lynchburg,VA,185,3.774000,,
70903,QUARLES #4310,US-11,Roanoke,VA,185,3.559000,,
70904,QUARLES #4400,I-95 EXIT 166A,Lorton,VA,60,4.059000,,
70905,QUARLES #4401,US-29,Fairfax,VA,60,4.059000,,
70906,QUARLES #4403,"I-95 EXIT 29A, US-1",Beltsville,MD,22,3.899000,,
70907,QUARLES #4404,I-95 EXIT 43A,Elkridge,MD,22,3.499000,,
70908,QUARLES #4407,I-495 EXIT 11A,Upper Marlboro,MD,60,3.899000,,
70909,QUARLES #4408,SR-201,Bladensburg,MD,60,3.699000,,
70910,QUARLES #4409,I-95 EXIT 50B,Baltimore,MD,22,3.499000,,
70912,QUARLES #4411,"I-695 EXIT 1, SR-173",Curtis Bay,MD,22,3.499000,,
70913,QUARLES #4412,I-270 EXIT 8,Rockville,MD,60,3.759000,,
70914,QUARLES #4413,I-495 EXIT 15A,Capitol Heights,MD,60,3.899000,,
70915,QUARLES #4414,I-95 EXIT 60,Baltimore,MD,22,3.449000,,
70916,TA Express White Hills,US-93,Willow Beach,AZ,910,3.779000,,
70917,QUARLES #4416,US-13,Salisbury,MD,194,3.659000,,
70918,QUARLES #4417,I-895 EXIT 8B,Curtis Bay,MD,22,3.499000,,
70919,QUARLES #4422,US-13,New Castle,DE,243,3.699000,,
70920,QUARLES #4423,SR-100 EXIT 11,Glen Burnie,MD,22,3.699000,,
70921,QUARLES #4424,SR-5,Clinton,MD,60,3.899000,,
70922,QUARLES #4425,US-50 EXIT 5,Hyattsville,MD,60,3.899000,,
70923,QUARLES #4426,SR-124,Gaithersburg,MD,60,3.759000,,
70924,QUARLES #4427,I-276 EXIT 351,Levittown,PA,153,3.845667,,
70925,QUARLES #4430,US-13,Sharon Hill,PA,160,3.869000,,
70926,QUARLES #4431,US-22,Allentown,PA,90,3.989000,,
70927,QUARLES #4434,SR-617,Springfield,VA,60,4.059000,,
70928,QUARLES #4435,"I-95 EXIT 41, US-1",Jessup,MD,22,3.499000,,
70929,QUARLES #4503,US-11,Martinsburg,WV,60,3.959000,,
70930,QUARLES #4504,I-81 EXIT 313A,Winchester,VA,60,3.799000,,
70931,QUARLES #4505,SR-65,Hagerstown,MD,60,3.899000,,
70933,QUARLES #4507,US-11,Winchester,VA,60,3.799000,,
70934,QUARLES #4509,I-270 EXIT 31B,Frederick,MD,60,3.599000,,
70935,QUARLES #4511,I-70 EXIT 55,Frederick,MD,60,3.599000,,
70937,QUARLES #4603,US-29/211,Warrenton,VA,60,3.799000,,
70938,QUARLES #4605,SR-606,Sterling,VA,60,3.659000,,
70939,QUARLES #4606,SR-234,Manassas,VA,60,3.859000,,
70940,QUARLES #4607,SR-28,Manassas,VA,60,3.859000,,
70941,QUARLES #4934,US-60,Sandston,VA,180,3.259000,,
70942,QUARLES #4608,SR-657,Chantilly,VA,60,3.659000,,
70943,QUARLES #4700,US-15BUS/29BUS,Culpeper,VA,60,3.799000,,
70944,QUARLES #4701,US-15 BUS & US-522,Culpeper,VA,60,3.799000,,
70945,QUARLES #4944,US-17,Bealeton,VA,60,3.759000,,
70946,QUARLES #4703,US-29 & SR-616,Ruckersville,VA,180,3.699000,,
70947,QUARLES #4946,"I-95, EXIT 130A, SR-3",Fredericksburg,VA,60,3.759000,,
70948,QUARLES #4804,I-40 EXIT 211,Greensboro,NC,65,3.649000,,
70949,QUARLES #4805,US-1 EXIT 95,Apex,NC,177,3.999000,,
70950,QUARLES #4807,I-40 EXIT 203,Kernersville,NC,65,3.199000,,
70951,QUARLES #4947,SR-7,Leesburg,VA,60,3.659000,,
70952,QUARLES #4810,I-540 EXIT 4A,Raleigh,NC,177,3.709000,,
70953,QUARLES #4948,"I-95, EXIT 126, US-1",Fredericksburg,VA,60,3.759000,,
70954,QUARLES #4811,SR-50/US-70,Garner,NC,177,3.599000,,
70955,QUARLES #4949,"I-95, EXIT 136, US-1",Fredericksburg,VA,60,3.759000,,
70956,QUARLES #4813,SR-133,Wilmington,NC,245,3.779000,,
70957,QUARLES #4950,"I-95, EXIT 126A, US-1",Fredericksburg,VA,60,3.759000,,
70958,QUARLES #4951,SR-3,Fredericksburg,VA,60,3.759000,,
70959,QUARLES #4814,US-117,Wilmington,NC,245,3.799000,,
70960,QUARLES #4962,"I-81, EXIT 222, US-250",Staunton,VA,185,2.899000,,
70961,QUARLES #4815,"I-140, EXIT 14",Wilmington,NC,245,3.799000,,
70962,QUARLES #4965,"I-295, EXIT 37A, US-360",Warsaw,VA,180,3.759000,,
70963,QUARLES #4817,"US-70, EXIT 333",Selma,NC,205,3.799000,,
70964,SEALSTON DELI,"I-95, EXIT 130A, SR-3",King George,VA,180,3.499000,,
70965,QUARLES #4822,US-401,Raleigh,NC,177,3.709000,,
70966,QUARLES #4927,SR-10 & SR-145,Chesterfield,VA,180,3.699000,,
70967,QUARLES #4823,I-95,Fayetteville,NC,63,3.799000,,
70968,QUARLES #4928,"I-95, EXIT 86A & SR-656",Ashland,VA,180,3.674000,,
70969,QUARLES #4824,I-40 EXIT 210,Greensboro,NC,65,3.699000,,
70970,QUARLES #4931,US-60 & SR-603,Powhatan,VA,180,3.699000,,
70971,QUARLES #4932,"I-64, EXIT 173 & SR-623",Rockville,VA,180,3.699000,,
70973,QUARLES #4826,US HWY 29/70,High Point,NC,65,3.665667,,
70974,QUARLES #4933,US-60,Richmond,VA,180,3.699000,,
70975,QUARLES #4935,"I-95, EXIT 64 & SR-613",Richmond,VA,180,3.699000,,
70976,QUARLES #4827,I-40 EXIT 203,Kernersville,NC,65,3.199000,,
70977,QUARLES #4828,I-440 EXIT 13B,Raleigh,NC,177,3.709000,,
70978,QUARLES #4829,I-40 EXIT 298A,Raleigh,NC,177,3.599000,,
70979,QUARLES #4830,I-540 EXIT 3,Raleigh,NC,177,3.719000,,
70980,QUARLES #4938,"I-64, EXIT 159 & SR-522",Gum Spring,VA,180,3.699000,,
70982,EXXON/QUARLES #4942,"I-64/33, EXIT 205 & SR-249",Quinton,VA,180,3.509000,,
70983,QUARLES #4943,"I-295, EXIT 22A & SR-5",Henrico,VA,180,3.699000,,
70984,QUARLES #4831,US-64 EXIT 470,Rocky Mount,NC,205,3.409000,,
70985,QUARLES #4832,I-40 EXIT 189,Winston Salem,NC,65,3.572333,,
70986,QUARLES #4833,US-1,Youngsville,NC,177,3.699000,,
70987,QUARLES #4902,US-250/33,Richmond,VA,180,3.699000,,
70988,QUARLES #4909,I-664 EXIT 3,Hampton,VA,244,3.425667,,
70989,QUARLES #4911,I-264 EXIT 19B,Virginia Beach,VA,130,3.572333,,
70990,QUARLES #4915,I-664 EXIT 2,Hampton,VA,244,3.425667,,
70991,QUARLES #4917,I-64 EXIT 255,Newport News,VA,130,3.410667,,
70992,QUARLES #4904,I-64 EXIT 197B,Sandston,VA,180,3.259000,,
70993,QUARLES #4905,I-95 EXIT 89,Ashland,VA,180,3.699000,,
70994,QUARLES #4906,I-95 EXIT 73,Richmond,VA,180,3.699000,,
70995,QUARLES #4910,I-95 EXIT 61B,Chester,VA,180,3.799000,,
70996,QUARLES #4912,I-64 EXIT 136,Troy,VA,180,3.899000,,
70997,QUARLES #4913,SR-76,Midlothian,VA,180,3.699000,,
70998,QUARLES #4916,I-246 EXIT 6,Portsmouth,VA,130,3.465667,,
71001,QUARLES #4921,I-95 EXIT 83B,Richmond,VA,180,3.699000,,
71002,QUARLES #4922,US-250,Charlottesville,VA,180,3.899000,,
71003,QUARLES #4923,I-95 EXIT 73,Richmond,VA,180,3.699000,,
71004,QUARLES #4924,US-1 & SR-688,Doswell,VA,180,3.699000,,
71005,QUARLES #4925,I-95 EXIT 78,Richmond,VA,180,3.699000,,
71006,QUARLES #4926,I-95 EXIT 79,Richmond,VA,180,3.699000,,
71007,HAYDEN TRAVEL CENTER,"I-65, EXIT 284 & SR-160",Warrior,AL,615,3.129000,33.8500897,-86.8233217
71009,WEIGELS #80,"I-40, EXIT 435 & US-321",Newport,TN,405,3.115667,,
71010,KEYSTOPS,"I-64, EXIT 17",Louisville,KY,415,3.195667,,
71011,Global,"I-84 E, EXIT 2 & US-6 E",Danbury,CT,100,3.459000,,
71012,ALLTOWN MARKETS #838,"I-95 N, EXIT 12",Darien,CT,100,3.832333,,
71013,ALLTOWN MARKETS #647,SR-3 EXIT 5,Plymouth,MA,175,3.959000,,
71014,Global,"I-95, EXIT 43 & US-1",Elkridge,MD,22,3.099000,,
71018,KWIK STAR #1076,US-218,Vinton,IA,565,3.199000,,
71019,KWIK TRIP #489,SR-3,Northfield,MN,448,3.524000,,
71020,Fast Trac 21,SR-21 & CR-50,Caldwell,TX,670,3.299000,,
71021,Amoco,"I-39 & HWY 23, EXIT 54",Oglesby,IL,290,3.199000,,
71021,Amoco,"I-39 & HWY 23, EXIT 54",Oglesby,IL,290,3.249000,,
71022,TEX BEST #530,"I-10, EXIT 628 & SR-80",Luling,TX,595,3.009000,,
71023,LOVES TRAVEL STOP #853,SR-302 & CR-313,Kermit,TX,710,3.250667,,
71024,LOVES TRAVEL STOP #804,US-34/US-67,Monmouth,IL,270,3.449000,,
71024,LOVES TRAVEL STOP #804,US-34/US-67,Monmouth,IL,270,3.389000,,
71024,LOVES TRAVEL STOP #804,US-34/US-67,Monmouth,IL,270,3.349000,,
71025,KWIK TRIP #644,SR-57 & SR-32,New Holstein,WI,582,3.390667,,
71027,Kwik Star #1068,I-35,Story City,IA,320,2.959000,,
71029,CASEYS #6445,I-355 EXIT 27 & SR-64,Lombard,IL,293,3.349000,,
71030,QUIKTRIP #1469,"I-10, EXIT 248 & SR-77",Marana,AZ,980,3.062333,,
71032,MAVERIK COUNTRY STORE #416,US-50 & US-95,Fallon,NV,966,3.525667,,
71033,MAVERIK COUNTRY STORE #560,I-580 & US-50,Carson City,NV,966,3.589000,,
71034,MAVERIK COUNTRY STORE #635,I-15 EXIT 57,Cedar City,UT,791,3.442333,,
71036,GOLDEN GATE PETRO,US-550,Montrose,CO,810,3.435667,,
71037,SUNOCO,US-220 EXIT 111,Lock Haven,PA,138,3.599000,,
71039,TURNPIKE MARKET EXPRESS,SR-5,Newton Falls,OH,573,3.259000,,
71042,SINCLAIR,I-580/US-395 EXIT 6,Carson City,NV,966,3.599000,39.3231218,-119.8146104
71046,SPEEDWAY #9336,US-27/SR-126,Cincinnati,OH,300,3.699000,,
71047,LOVES TRAVEL STOP #722,"I-17, EXIT 262 & SR-69",Mayer,AZ,930,3.680667,,
71050,GILL MART CORNER STORE,US-131 & SR-216,Three Rivers,MI,465,3.699000,42.0275080,-85.6358363
71051,SHEETZ #683,I-83 EXIT 28,York,PA,70,3.259000,,
71053,ROAD RANGER #279,"I-57, EXIT 45 & SR-148",Marion,IL,275,3.699000,,
71053,ROAD RANGER #279,"I-57, EXIT 45 & SR-148",Marion,IL,275,3.379000,,
71055,LOVES TRAVEL STOP #793,"I-840, EXIT 67 & COUCHVILLE PIKE",Mount Juliet,TN,460,3.252333,36.0673194,-86.4243539
71056,SPEEDWAY #1044,US-72 & SR-20,Decatur,AL,615,3.425667,34.6821325,-87.4452594
71057,LOVES TRAVEL STOP #795,US-97/US-26 & HALL RD,Madras,OR,935,3.689000,,
71058,KWIK TRIP #1090,SR-19 & SR-21,New Prague,MN,448,3.349000,,
71059,CIRCLE K #2706781,US-17 & SR-200,Yulee,FL,75,3.342333,,
71060,CIRCLE K #2701537,"I-77, EXIT 100 & SR-89",Mount Airy,NC,65,2.859000,,
71061,CIRCLE K #2702344,US-78 & SR-39,Williston,SC,135,3.799000,33.3617481,-81.4838631
71062,MAVERIK COUNTRY STORE #637,"I-70, EXIT 56 & US-89",SALINA,UT,835,3.442333,,
71063,MAVERIK COUNTRY STORE #639,"I-40, EXIT 153",Albuquerque,NM,580,3.197333,,
71064,LOVES TRAVEL STOP #798,I-57 EXIT 212,Tuscola,IL,280,3.289000,,
71064,LOVES TRAVEL STOP #798,I-57 EXIT 212,Tuscola,IL,280,3.389000,,
71064,LOVES TRAVEL STOP #798,I-57 EXIT 212,Tuscola,IL,280,3.489000,,
71065,MAVERIK COUNTRY STORE #429,US-40 & SR-121,Roosevelt,UT,835,3.439000,,
71066,Circle K #2745067,"I-75, EXIT 155",Macon,GA,85,3.089000,,
71067,7-ELEVEN #41219,I-385 EXIT 9,Laurens,SC,30,3.099000,,
71071,KWIK TRIP #1074,SR-35,Somerset,WI,448,3.524000,,
71072,LOVES TRAVEL STOP #801,I-75 EXIT 102,Cordele,GA,10,3.309000,,
71073,LOVES TRAVEL STOP #803,I-57 EXIT 54B,Marion,IL,540,3.739000,,
71073,LOVES TRAVEL STOP #803,I-57 EXIT 54B,Marion,IL,540,3.749000,,
71074,Speedway #7764,SR-72 & SR-25,Dundee,IL,293,3.279000,,
71075,TEXAS TRAVEL CENTER,"I-35, EXIT 277",Jarrell,TX,595,2.832333,,
71076,Kwik Star #589,US-151,Marion,IA,380,3.524000,,
71077,COMMUNITY CO OPS LAKE PARK,US-10,Lake Park,MN,341,3.509000,,
71079,DK,SR-375,El Paso,TX,640,2.699000,,
71080,BIG INDIAN SMOKE SHOP,I-90 & US-20,Irving,NY,38,2.929000,,
71080,BIG INDIAN SMOKE SHOP,I-90 & US-20,Irving,NY,38,3.029000,,
71083,SPRINT FOOD #701,US-78,Augusta,GA,195,3.225667,,
71084,FIESTA MART #42,US-75,Tulsa,OK,560,3.165667,,
71085,Sunoco,SR-49,Greenville,OH,317,3.599000,,
71086,THORNTONS #318,SR-59 & SR-38,West Chicago,IL,290,3.649000,,
71086,THORNTONS #318,SR-59 & SR-38,West Chicago,IL,290,3.699000,,
71087,HALF SUN TRAVEL PLAZA,"I-90, EXIT 176",Moses Lake,WA,920,4.029000,,
71087,HALF SUN TRAVEL PLAZA,"I-90, EXIT 176",Moses Lake,WA,920,3.569000,,
71088,KARDES,US-151,Monticello,IA,335,3.399000,,
71090,CEFCO #2076,US-60 & SR-207,Panhandle,TX,585,2.945667,,
71091,BREAK TIME #3163,US-63 & CR-M,Moberly,MO,310,3.462333,,
71094,BP,US-63 & SR-137,Eddyville,IA,320,3.379000,,
71095,HOBO PANTRY #29,US-84/SR-12 & SR-95,Gordon,AL,20,3.659000,,
71096,GAS N WASH,US-30 & SR-394,Chicago Heights,IL,365,3.499000,,
71097,THORNTONS #329,"I-55, EXIT 267 & SR-53",Romeoville,IL,290,3.309000,,
71097,THORNTONS #329,"I-55, EXIT 267 & SR-53",Romeoville,IL,290,3.359000,,
71098,DANDY MINI MART #74,US-6 & SR-187,Wysox,PA,32,3.999000,41.7741216,-76.3994542
71099,THORNTONS #336,"I-57, EXIT 335 & SR-50",Monee,IL,365,3.399000,,
71099,THORNTONS #336,"I-57, EXIT 335 & SR-50",Monee,IL,365,3.349000,,
71099,THORNTONS #336,"I-57, EXIT 335 & SR-50",Monee,IL,365,3.459000,,
71099,THORNTONS #336,"I-57, EXIT 335 & SR-50",Monee,IL,365,3.409000,,
71101,FOOD N FUEL,"I-55, EXIT 244 & SR-53",Elwood,IL,365,3.499000,,
71101,FOOD N FUEL,"I-55, EXIT 244 & SR-53",Elwood,IL,365,3.599000,,
71102,365 Food and Fuel,"I-35W/US-287, EXIT 54A & SR-183",Fort Worth,TX,637,2.975667,,
71103,FAT DOGS NORTH PLATTE SOUTH,"I-80, EXIT 177 & US-83",North Platte,NE,475,3.074000,,
71104,SPINX #364,"I-26, EXIT 194",Summerville,SC,475,3.399000,,
71105,SHEPHERD 700,US-64 & CR-450,Alva,OK,337,3.219000,,
71106,SECURITY OIL,"I-135, EXIT 10B & SR-96",Wichita,KS,570,3.299000,,
71107,SPARKYS ONE STOP,"US-20, EXIT 96 & SR-4",Rockwell City,IA,343,3.215667,,
71108,Stuckeyâ€™s Travel Center West,"I-10, EXIT 819 & FM-1663",Anahuac,TX,610,2.807333,,
71109,KWIK TRIP #1067,"SR-13, BETWEEN FAIRWAY & TRINITY DR",Phillips,WI,295,3.315667,,
71110,KWIK TRIP #1121,"I-94 & SR-26, EXIT 267",Watertown,WI,420,3.289000,,
71111,MAPCO #5167,"I-59, EXIT 21B & SR-35",Fort Payne,AL,285,3.479000,,
71112,BERKSHIRE ENERGY,"I-91, EXIT 8 & SR-80",New Haven,CT,100,3.549000,,
71113,PLATEU TRAVEL PLAZA,"I-95, EXIT 39A & US-1",Madras,OR,935,3.359000,,
71114,SHEETZ #672,"I-95, EXIT 11B & SR-606",Woodford,VA,180,2.899000,,
71115,FASTBREAK #6,US-50/US-151 & US-41,Vincennes,IN,510,4.039000,,
71116,CEFCO #101,US-59 & SR-49,Jefferson,TX,766,2.899000,,
71117,AM-PM TRUCK STOP,"I-520/SR-415, EXIT 9 & SR-56",Augusta,GA,135,3.359000,,
71118,THORNTONS #0331,"I-35/US-51, EXIT 3 & CR-9",Roscoe,IL,520,3.469000,,
71118,THORNTONS #0331,"I-35/US-51, EXIT 3 & CR-9",Roscoe,IL,520,3.419000,,
71119,PARKER'S #69 (DISCOUNT AVAILABLE),"I-95/SR-405, EXIT 102 & US-80",Pooler,GA,195,3.122333,,
71120,GAS PRO TRAVEL CENTER,US-25 & SR-56,Waynesboro,GA,135,3.799000,33.1006649,-81.9977275
71121,HAT CREEK TRAVEL,"I-10/US-70, EXIT 82A & US-180",Deming,NM,640,2.919000,,
71123,ONE9 XPRESS FUEL #1264,"I-10, EXIT 203",Eloy,AZ,930,3.139000,,
71123,XPRESS FUEL DBA ONE9 #1264,"I-10, EXIT 203",Eloy,AZ,930,3.139000,,
71124,LOVES TRAVEL STOP #761,"I-10, EXIT 343 & US-301",Jacksonville,FL,75,3.849000,30.2991617,-81.9829270
71126,QUIKTRIP #1177,I-77 & US-21,Blythewood,SC,46,3.075667,,
71127,QUIKTRIP #4044,"I-10, EXIT 609",Seguin,TX,740,2.945667,,
71129,Queens Market,"I-85, EXIT 41 & SR-2480",Charlotte,NC,46,3.499000,,
71131,7-ELEVEN #38816,"I-85, EXIT 66 & US-29",Spartanburg,SC,210,3.305667,,
71132,CEFCO #104,US-259 & SR-315,Mount Enterprise,TX,618,2.959000,31.9273634,-94.6819474
71133,AMIGOS TRAVEL CENTER,"I-35, EXIT 85 & FM-117",Dilley,TX,740,3.399000,,
71134,ALLSUPS CONVENIENCE STORE #2376,US-54/US-285 & US-60,Vaughn,NM,580,3.499000,,
71136,CIRCLE K #2706788,"I-795, EXIT 22 & US-70, EXIT 356",Goldsboro,NC,205,3.392333,35.7224690,-81.3739466
71138,LUMMI BAY MARKET,"I-5, EXIT 260",Bellingham,WA,850,3.759000,,
71139,GAS N WASH,SR-47 & CR-9,Yorkville,IL,290,3.599000,,
71140,BP,"I-94, EXIT 267 & SR-26, EXIT 30",Jefferson,WI,420,3.209000,,
71141,CASEYS #3901,"I-55, EXIT 178 & CR-23",Lexington,IL,368,3.339000,,
71141,CASEYS #3901,"I-55, EXIT 178 & CR-23",Lexington,IL,368,3.359000,,
71142,LOVES TRAVEL STOP #775,US-20 & SR-2,Rockford,IL,520,3.349000,,
71142,LOVES TRAVEL STOP #775,US-20 & SR-2,Rockford,IL,520,3.289000,,
71142,LOVES TRAVEL STOP #775,US-20 & SR-2,Rockford,IL,520,3.229000,,
71142,LOVES TRAVEL STOP #775,US-20 & SR-2,Rockford,IL,520,3.269000,,
71143,CASEYS #3904,SR-141,Manning,IA,319,3.209000,,
71144,CASEYS #3675,US-12 & US-75,Ortonville,MN,250,3.379000,,
71145,CASEYS #3905,I-74/US-421 EXIT 113,Shelbyville,IN,372,3.599000,,
71146,CASEYS #2968,US-34,Eagle,NE,413,3.239000,,
71147,CASEYS #3910,US-177 & SR-33,Perkins,OK,560,3.015667,35.9855250,-97.0225457
71148,CASEYS #1892,US-65,Sheffield,IA,433,3.152333,,
71149,KOUNTRY KORNER,SR-20,Mount Pleasant,MI,260,3.619000,,
71150,LOVES TRAVEL STOP #812,"I-84, EXIT 141",Bliss,ID,785,3.785667,,
71151,LOVES TRAVEL STOP #880,US-50 & SR-130,Olney,IL,510,3.289000,,
71151,LOVES TRAVEL STOP #880,US-50 & SR-130,Olney,IL,510,3.189000,,
71151,LOVES TRAVEL STOP #880,US-50 & SR-130,Olney,IL,510,3.189000,,
71151,LOVES TRAVEL STOP #880,US-50 & SR-130,Olney,IL,510,3.389000,,
71151,LOVES TRAVEL STOP #880,US-50 & SR-130,Olney,IL,510,3.339000,,
71151,LOVES TRAVEL STOP #880,US-50 & SR-130,Olney,IL,510,3.289000,,
71152,LOVES TRAVEL STOP #841,"US-24, EXIT 41",Napoleon,OH,550,3.705000,,
71152,LOVES TRAVEL STOPS #841,"US-24, EXIT 41",Napoleon,OH,550,3.689000,,
71153,KWIK TRIP #1083,SR-35,Osceola,WI,451,3.499000,,
71154,KWIK TRIP #489,CR-3,DUNDAS,MN,448,3.499000,,
71155,KWIK TRIP #1124,"SR-16, EXIT 184",Sussex,WI,444,3.377333,,
71158,CIRCLE K #2707533,"SR-570, EXIT 3 & SR-572",Lakeland,FL,225,3.532333,,
71160,CIRCLE K #4706316,"I-96, EXIT 46  & SR-6, EXIT 15",Caledonia,MI,371,3.699000,,
71160,CIRCLE K #4706316,"I-96, EXIT 46  & SR-6, EXIT 15",Caledonia,MI,371,3.639000,,
71161,CIRCLE K #2720931,"I-95, EXIT 107 & US-301",Kenly,NC,205,3.149000,,
71162,CIRCLE K #4705694,US-20 & CR-245,Norwalk,OH,305,3.614000,,
71163,DANDY MINI MART #68,"I-86/SR-17, EXIT 51A & CR-64",Elmira,NY,32,3.899000,,
71164,DANDY MINI MART #59,SR-287,Middlebury Center,PA,138,3.999000,,
71165,PALMETTO EXPRESS #115,"I-26, EXIT 125 & US-176",Gaston,SC,135,3.199000,,
71166,MAVERIK COUNTRY STORE #616,US-50,Montrose,CO,810,3.395667,,
71167,LOVES TRAVEL STOP #768,"I-55, EXIT 247",Channahon,IL,290,3.489000,,
71167,LOVES TRAVEL STOP #768,"I-55, EXIT 247",Channahon,IL,290,3.349000,,
71167,LOVES TRAVEL STOP #768,"I-55, EXIT 247",Channahon,IL,290,3.449000,,
71167,LOVES TRAVEL STOP #768,"I-55, EXIT 247",Channahon,IL,290,3.389000,,
71167,LOVES TRAVEL STOP #768,"I-55, EXIT 247",Channahon,IL,290,3.549000,,
71168,LOVES TRAVEL STOP #797,"I-80, EXIT 176",Winnemucca,NV,966,3.744000,,
71169,LOVES TRAVEL STOP #879,"I-69 EXIT,286 & US-24 & SR-9",Huntington,IN,370,3.500667,,
71170,LOVES TRAVEL STOP #849,"I-94, EXIT 292 & CR-21",Valley City,ND,390,3.969000,,
71171,TEXSTAR TRAVEL CENTER,I-35 EXIT 302,Temple,TX,765,2.912333,,
71172,ZIPPY JS #18,CR-577 & CR-80,Brenham,TX,670,3.199000,,
71173,ENMARKET #828,"I-95/SR-405, EXIT 102 & US-80",Pooler,GA,195,3.082333,,
71176,QUIKTRIP #1710,US-23/SR-365,Gainesville,GA,16,3.345667,,
71177,COMO TRAVEL CENTER,"I-55, EXIT 257 & SR-310",Como,MS,435,3.079000,,
71179,7-ELEVEN #41332,"I-26, EXIT 76 & SR-219",Newberry,SC,210,3.332333,,
71181,7-ELEVEN #38637,"I-85, EXIT 72 & I-585/US-176",Spartanburg,SC,210,3.115667,,
71185,SHEETZ #698,"I-78/US-22, EXIT 45 & SR-863",Kutztown,PA,90,3.329000,,
71186,7-ELEVEN #36837,US-29 & SR-904,Anderson,SC,30,3.089000,,
71187,KWIK TRIP #1041,SR-11 & CR-H,Sturtevant,WI,444,3.794000,42.6982780,-87.9146041
71188,QUIKTRIP #1722,"I-75, EXIT 153",Macon,GA,85,3.089000,,
71189,QUIKTRIP #1198,"I-20, EXIT 55",Lexington,SC,135,3.129000,,
71190,LOVES TRAVEL STOPS #888,"I-80/US-30, EXIT 85 & SR-374",Green River,WY,835,3.589000,,
71190,LOVES TRAVEL STOP #888,"I-80/US-30, EXIT 85 & SR-374",Green River,WY,835,3.707000,,
71191,MAVERIK COUNTRY STORE #631,I-80/5600 WEST,Salt Lake City,UT,835,3.459000,,
71193,ASAP GENERAL STORE #308,US-60 & SR-123,Bartlesville,OK,560,3.191000,,
71194,ASAP GENERAL STORE #104,"I-40, EXIT 84 & US-54",Weatherford,OK,483,3.132333,,
71195,ASAP GENERAL STORE #301,"I-40, EXIT 108 & US-281/SR-8",Geary,OK,483,3.132333,,
71196,ASAP GENERAL STORE #302,SR-33 & SR 54,Thomas,OK,483,3.132333,,
71197,ASAP GENERAL STORE #304,US-60/SR-51 & US-283,Arnett,OK,483,3.232333,,
71198,LOVES TRAVEL STOP #844,"I-90, EXIT 233 & SR-74",Saint Charles,MN,515,3.569000,,
71199,LOVES TRAVEL STOP #814,"I-22, EXIT 14 & CR-35",Hamilton,AL,576,3.555667,,
71200,LOVES TRAVEL STOP #730,"I-80, EXIT 440 & SR-50",Omaha,NE,319,3.280667,,
71201,PRIDE TRAVEL CENTER,I-91 EXIT 33,Hartford,CT,100,3.509000,,
71202,QUIKTRIP #1181,"I-26, EXIT 154B & US-301",Orangeburg,SC,42,3.235667,,
71206,JACKSONS FOOD STORES #138,US-95/SR-339 & SR-208,Yerington,NV,966,3.679000,38.8317412,-119.1903172
71207,GAS N WASH,"I-80, EXIT 148B & SR-43",Tinley Park,IL,365,3.679000,,
71207,GAS N WASH,"I-80, EXIT 148B & SR-43",Tinley Park,IL,365,3.499000,,
71207,GAS N WASH,"I-80, EXIT 148B & SR-43",Tinley Park,IL,365,3.599000,,
71208,RACEWAY #6789,US-301 & SR-150,Richmond,VA,180,3.429000,,
71209,RACETRAC #2529,"I-75, EXIT 285 & SR-52",San Antonio,FL,225,3.315667,,
71210,RACETRAC #2515,I-820 & BUS-287,Fort Worth,TX,630,2.877333,,
71211,KUM & GO #0138,US-67,Jacksonville,AR,695,3.099000,,
71212,KUM & GO #0426,BUS-71,Springdale,AR,735,3.149000,,
71213,KUM & GO #0429,US-62,Rogers,AR,735,3.009000,,
71214,MAVERIK #5317,"I-76, EXIT 22",Brighton,CO,800,3.234000,,
71215,MAVERIK #5319,SR-392 & SR-257,Windsor,CO,800,3.159000,40.4893245,-104.9077154
71216,Maverik Country Store #5337,"I-35, EXIT 102 & SR-210",Huxley,IA,320,3.092333,,
71217,KUM & GO #0185,US-65,Bondurant,IA,320,3.095000,,
71218,KUM & GO #1435,US-65,Fair Grove,MO,535,3.155667,,
71219,KUM & GO #1568,"I-44, EXIT 156",Waynesville,MO,535,3.099000,,
71221,LOVES TRAVEL STOP #786,I-435 EXIT 55,Kansas City,MO,400,3.389000,,
71223,SCOOBA JUNCTION,US-45 & SR-16,Scooba,MS,705,3.215667,,
71227,TEX BEST #529,SR-16 & SR-1604,Von Ormy,TX,740,3.049000,,
71228,SHELL,"I-80, EXIT 279 & SR-10",Gibbon,NE,330,3.299000,,
71229,THE PRIDE OF PALATINE,"I-90, EXIT 65 & SR-62",Palatine,IL,290,3.399000,,
71230,THE PRIDE OF LAKE COUNTY,US-12 & SR-53,Lake Zurich,IL,290,3.349000,,
71232,GATEWAY TRAVEL CENTER,US-16 & US-85,Newcastle,WY,822,3.324000,43.8488750,-104.1843360
71233,Fuel America Travel Center #2,"I-35, EXIT 32",Encinal,TX,693,3.049000,,
71234,CHEVRON #352305,I-610 & SR-47,Chalmette,LA,725,3.139000,,
71239,CASEYS #3926,"I-29, EXIT 84 & SR-118",Mound City,MO,400,3.157333,,
71240,LOVES TRAVEL STOP #764,I-24 EXIT 117,Hillsboro,TN,285,3.325667,,
71241,WEIGLES #58,"I-40, Exit 356A & SR-58",Kingston,TN,405,3.169000,,
71242,LAST STOP TRAVEL CENTER,US-93,Willow Beach,AZ,910,3.495667,,
71244,MAVERIK COUNTRY STORE #644,"I-84/I-15, EXIT 344 & SR-39",Ogden,UT,835,3.372333,,
71245,MAVERIK COUNTRY STORE #651,"I-15, EXIT 67 & US-30",Pocatello,ID,825,3.402333,,
71246,TOOT N TOTUM #99,I-40 EXIT 75,Amarillo,TX,585,3.045667,35.1635072,-101.8843758
71247,LOVES TRAVEL STOP #848,"I-59, Exit 104",Sandersville,MS,705,3.162333,,
71248,RACETRAC #2560,"I-4, EXIT-55",Davenport,FL,140,3.289000,,
71249,RACETRAC #2589,"I-20, EXIT 185",Oxford,AL,587,2.999000,,
71250,NAVAJO BLUE TRAVEL CENTER,I-40 EXIT 219,Flagstaff,AZ,930,3.609000,,
71251,RUTTERS #91,US-30 & SR-772,Gap,PA,208,4.199000,,
71252,QUIKTRIP #1178,"I-26, EXIT 54 & SR-72",Clinton,SC,210,3.099000,,
71253,QUIKTRIP #4066,"I-35, EXIT 122 & SR-173",Devine,TX,740,2.965667,,
71255,Fuel N Treat,"I-70/US-40, EXIT 84 & CR-J",Nelson,MO,401,3.284000,,
71256,SIGNAL FOOD STORE #120,US-60,Seymour,MO,535,3.025667,,
71257,FARMERS UNION SOUTHERN VALLEY,US-75 & SR-210,Wahpeton,ND,341,3.499000,,
71259,LOVES TRAVEL STOP #846,I-10 EXIT 10,Irvington,AL,715,3.165667,,
71260,LOVES TRAVEL STOP #881,US HWY 224 & OH 225,Diamond,OH,573,3.452333,,
71261,Una Travel Center,I-94 EXIT 228,Roseville,MI,325,3.899000,,
71262,LOVES TRAVEL STOP #892,"I-70, EXIT 118 & SR-310",Etna,OH,315,3.460667,,
71263,Loves Travel Stop # 660,"I-25, Exit 49",Walsenburg,CO,796,4.249000,,
71264,MAVERIK COUNTRY STORE #649,I-25/US-85 EXIT 220 & SR-500,Albuquerque,NM,580,3.205667,,
71265,U SAVE FOOD STORES 1,SR-39/SR-55,Richwood,WV,44,3.599000,,
71266,LOVES TRAVEL STOP #787,"I-81, EXIT 30 & SR-70",Mosheim,TN,405,3.555667,,
71267,LOVES TRAVEL STOP #878,"US-131/SR-43, EXIT 44",Kalamazoo,MI,431,3.649000,,
71267,LOVES TRAVEL STOP #878,"US-131/SR-43, EXIT 44",Kalamazoo,MI,431,3.589000,,
71267,LOVES TRAVEL STOP #878,"US-131/SR-43, EXIT 44",Kalamazoo,MI,431,3.689000,,
71268,MAVERIK COUNTRY STORE #650,SR 85 & W 900 S,West Jordan,UT,835,3.432333,,
71269,Maverik Country Store #652,I-84 & SR 79,Jerome,ID,787,3.394000,,
71270,QUIKTRIP #7904,I-20 EXIT 285,Abilene,TX,575,2.875667,,
71271,MAVERIK COUNTRY STORE #672,SR-69,Dewey,AZ,930,3.219000,,
71275,ALLSUPS CONVENIENCE STORE #2272,US-67/US-84,Bangs,TX,575,2.932333,,
71276,Circle K #2706617,I-4 EXIT 28,Lakeland,FL,225,3.250667,,
71277,CIRCLE K #2706619,I-75 EXIT 354,Ocala,FL,140,3.457333,,
71278,Kwik Trip #1506,SR-26,Fort Atkinson,WI,420,3.577333,,
71281,Pride (One9 Fuel Network) #1213,"I-40, Exit 25",Yucca,AZ,910,3.559000,,
71281,Pride Travel Center dba One9 #1213,"I-40, Exit 25",Yucca,AZ,910,3.559000,,
71282,QuikTrip #4128,SR-71,Bastrop,TX,595,2.965667,,
71283,QUIKTRIP #7135,US-17,Hardeeville,SC,195,2.999000,,
71284,Loves Travel Stop #889,"I-22, Exit 30",Holly Springs,MS,435,3.315667,,
71285,Shrees Truck Stop Seattle,SR-509,Seattle,WA,962,3.799000,,
71286,RACETRAC #2323,I-75 EXIT 128,Fort Myers,FL,225,3.299000,,
71287,RACETRAC #482,I-310 EXIT 2A,Saint Rose,LA,725,3.125667,,
71288,SHEETZ #700,"I-270, EXIT 49 & SR-317",Groveport,OH,315,3.059000,,
71289,7-ELEVEN #38835,I-75 EXIT 139,Fort Myers,FL,225,3.599000,,
71290,LOVES TRAVEL STOP #808,"US-19/SR-3, EXIT 3 & US-82",Albany,GA,10,3.789000,,
71291,HUCKS FOOD & FUEL #351 DBA ONE9 #1286,"I-57, Exit 116",Salem,IL,574,3.239000,,
71291,HUCKS FOOD & FUEL #351 DBA ONE9 #1286,"I-57, Exit 116",Salem,IL,574,3.139000,,
71291,HUCKS FOOD & FUEL #351,"I-57, Exit 116",Salem,IL,574,3.139000,,
71291,HUCKS FOOD & FUEL #351,"I-57, Exit 116",Salem,IL,574,3.099000,,
71295,MOUNTAINEER MART #33,US-33/119,Buckhannon,WV,44,3.899000,,
71298,QUIKTRIP #1923,"I-45, EXIT 229",Corsicana,TX,641,2.849000,,
71299,QUIKTRIP #7903,"I-35, EXIT 331",Waco,TX,765,2.955667,,
71300,SPEEDWAY #1407,"I-94, EXIT 145",Jackson,MI,385,3.599000,,
71300,SPEEDWAY #1407,"I-94, EXIT 145",Jackson,MI,385,3.549000,,
71301,Atlanta IL Visitors Center,I-55 EXIT 140,Atlanta,IL,280,3.399000,,
71302,KWIK STAR #1107,I-380 EXIT 18,Cedar Rapids,IA,380,3.574000,,
71303,KWIK TRIP #1132,SR-21,Omro,WI,582,3.377333,,
71305,AMIGO'S COUNTRY STORE,"I-35, EXIT 122 & SR-173",Devine,TX,740,3.099000,,
71307,Speedway #1221,"I-24/69, EXIT 27 & US-62",Calvert City,KY,415,3.449000,,
71308,QUIKTRIP #7145,"I-40, EXIT 239A",Lebanon,TN,460,2.915667,,
71309,SUGAR CROSSING CONVENIENCE,US-33 & CR-63,Lancaster,OH,315,3.382333,,
71310,CIRCLE K #2722120,US-441/27,Summerfield,FL,140,3.525667,,
71311,CIRCLE K #708,"I-85, EXIT 64 & US-29",Opelika,AL,50,3.265667,,
71313,LOVES TRAVEL STOP  #821,"US-70, Exit W Main St",Durant,OK,253,3.489000,33.9905591,-96.3754820
71314,Loves Travel Stop  #806,I-20 Exit 124,Monroe,LA,760,3.167333,,
71315,KWIK TRIP #1062,SR-33,West Bend,WI,444,3.555667,,
71316,KWIK TRIP #1084,SR-97,Marshfield,WI,395,3.475667,,
71318,LOVES TRAVEL STOP  #800,SR-83,Elk Grove Village,IL,290,3.449000,,
71318,LOVES TRAVEL STOP  #800,SR-83,Elk Grove Village,IL,290,3.379000,,
71318,LOVES TRAVEL STOP  #800,SR-83,Elk Grove Village,IL,290,3.489000,,
71318,LOVES TRAVEL STOP  #800,SR-83,Elk Grove Village,IL,290,3.549000,,
71318,LOVES TRAVEL STOP  #800,SR-83,Elk Grove Village,IL,290,3.649000,,
71318,LOVES TRAVEL STOP  #800,SR-83,Elk Grove Village,IL,290,3.589000,,
71319,LOVES TRAVEL STOP #868,"I-95, EXIT 223",Mims,FL,143,3.689000,,
71320,TA EXPRESS EDGERTON #284,I-35 EXIT 205,Edgerton,KS,400,3.699000,,
71321,Kwik Star #1119,US-18,Emmetsburg,IA,433,3.449000,,
71322,KWIK TRIP #1101,US-141,Crivitz,WI,582,3.304000,,
71323,MAVERIK COUNTRY STORE #517,SR-114 & E MILL RD,Orem,UT,835,3.440667,,
71324,7-ELEVEN #38992,"I-85/US-29, EXIT 40 & I-185, EXIT 12",Piedmont,SC,30,3.499000,,
71325,QUIKTRIP #7223,"I-20, EXIT 23 & SR-782-2",Bossier City,LA,745,2.892333,,
71326,CIRCLE K #4705730,"I-480 & SR-82, EXIT 36",Twinsburg,OH,249,3.989000,,
71327,MAVERIK COUNTRY STORE #668,"I-80, EXIT 313",Laramie,WY,795,3.245667,,
71328,IRVING,US-1,Norwood,MA,170,3.694000,,
71329,SPEEDWAY #1439,I-20 Exit 100,Mc Calla,AL,615,2.902333,,
71330,JORDAN MINI MART,SR- 31 & CR-59,Jordan,NY,220,3.799000,,
71330,JORDAN MINI MART,SR- 31 & CR-59,Jordan,NY,220,3.859000,,
71331,KWIK TRIP #1106,SR-13 & SR-64,Medford,WI,395,3.422333,45.1085676,-88.0162273
71332,ALLSUPS CONVENIENCE STORE #2308,SR-128 & SR-18,Jal,NM,710,3.129000,,
71333,ALLSUPS CONVENIENCE STORE #2105,"I-20, EXIT 332 & US-183",Cisco,TX,575,2.929000,32.3909389,-98.9776450
71334,ALLSUPS CONVENIENCE STORE #2278,SR-302 & SR-18,Kermit,TX,710,3.089000,31.8474577,-103.0865850
71335,ALLSUPS CONVENIENCE STORE #2367,"I-27/US-87, EXIT 49B & US-70",Plainview,TX,585,2.909000,,
71336,ALLSUPS CONVENIENCE STORE #2180,US-84 & US-180,Snyder,TX,612,2.985667,,
71337,ALLSUPS CONVENIENCE STORE #2229,US-377 & SR-108,Stephenville,TX,630,3.159000,,
71338,KWIK TRIP #755,US-18,Fennimore,WI,335,3.424000,,
71339,CASEYS #3934,"I-35, EXIT 89 & CO-R6F",Ankeny,IA,320,3.099000,,
71340,KWIK TRIP #180,US-14/SR-68,New Ulm,MN,425,3.349000,,
71341,QUIKTRIP #7147,"I-40, EXIT 172 & SR-46",Dickson,TN,460,2.915667,,
71342,CASEYS #3505,US-212,Stewart,MN,425,3.369000,,
71343,ALLSUPS CONVENIENCE STORE #2014,US-377/US-67,Dublin,TX,630,3.159000,32.0278683,-98.4056102
71344,ALLSUPS CONVENIENCE STORE #2061,US-84 & US-380,Post,TX,700,2.944000,,
71345,ALLSUPS CONVENIENCE STORE #2084,US-377 & CR-234,Brownwood,TX,575,2.949000,,
71346,ALLSUPS CONVENIENCE STORE #2094,US-277 & US-83,Abilene,TX,575,2.889000,32.3443636,-99.7422713
71347,ALLSUPS CONVENIENCE STORE #2128,"I-20, EXIT 301 & CR-276",Clyde,TX,575,2.889000,,
71348,ALLSUPS CONVENIENCE STORE #2142,US-62/US-180,Hobbs,NM,593,3.382333,,
71349,ALLSUPS CONVENIENCE STORE #2204,SR-115 & CR-201,Wink,TX,710,3.089000,,
71350,ALLSUPS CONVENIENCE STORE #2206,US-385 & SR-176,Andrews,TX,710,3.392333,,
71351,ALLSUPS CONVENIENCE STORE #2207,US-377/US-67 & SR-36,Comanche,TX,575,3.159000,,
71352,ALLSUPS CONVENIENCE STORE #2223,US-285 & SR-357,Artesia,NM,700,3.399000,,
71353,ALLSUPS CONVENIENCE STORE #2246,US-84 & SR-268,Melrose,NM,585,3.812333,,
71354,ALLSUPS CONVENIENCE STORE #2247,US-377 & SR-16,Comanche,TX,575,3.162333,,
71355,ALLSUPS CONVENIENCE STORE #2249,US-377 & US-281,Stephenville,TX,630,3.159000,,
71356,ALLSUPS CONVENIENCE STORE #2266,I-20 & US-285,Pecos,TX,710,3.379000,,
71357,ALLSUPS CONVENIENCE STORE #2279,SR-115 & SR-18,Kermit,TX,710,3.089000,,
71358,ALLSUPS CONVENIENCE STORE #2285,US-285 & US-62,Carlsbad,NM,593,3.194000,,
71359,ALLSUPS CONVENIENCE STORE #2350,"I-20, EXIT 285 & US-83",Abilene,TX,575,2.875667,32.3441665,-99.7423045
71360,ALLSUPS CONVENIENCE STORE #2353,US-76/US-277,San Angelo,TX,612,3.195667,,
71361,ALLSUPS CONVENIENCE STORE #2358,US-277/US-87,Wall,TX,612,3.205667,,
71362,ALLSUPS CONVENIENCE STORE #2359,US-377/US-67 & CR-498,Stephenville,TX,630,3.159000,32.2108144,-98.1984717
71363,ALLSUPS CONVENIENCE STORE #2360,FM-988 & FM-8,Stephenville,TX,630,3.159000,,
71364,QUICK FUEL #3188,I-75,Sidney,OH,317,3.332333,,
71365,COLES BP,SR 49,Brownsville,WI,582,3.099000,,
71366,AMOCO,SR 31,Kenosha,WI,444,3.719000,,
71367,ROAD RANGER #280,"I-20, EXIT 79 & SR-464",Monahans,TX,710,3.459000,,
71368,Kwik Star #1071,I-280 E and US-61 N,Davenport,IA,270,3.324000,,
71369,MR GAS TRAVEL CENTER #21,I-84 EXIT 59A,Boise,ID,785,3.695667,,
71370,MAVERIK COUNTRY STORE #645,"I-40, Exit 16",Gallup,NM,580,3.159000,,
71371,BREAK TIME #3167,US-65 & HWY-HH,Sedalia,MO,310,3.294000,38.7419960,-93.2260925
71372,Simonson Station,US-71 & SR-34,Park Rapids,MN,458,3.599000,,
71376,7-ELEVEN #41127,SR-29,Labelle,FL,95,3.559000,,
71377,7-ELEVEN #38485,I-76 Exit 25,Brighton,CO,800,3.599000,,
71378,QUIKTRIP #1410,"I-10, EXIT 136B & SR-202, EXIT 78A",Phoenix,AZ,930,3.369000,,
71379,QUIKTRIP #7211,"I-30/US-67/US-70, EXIT 128",Little Rock,AR,695,3.049000,,
71381,KWIK TRIP #1112,US-63 & SR-77,Hayward,WI,295,3.639000,,
71382,KWIK TRIP #346,US-151 BUS & CR-G/CR-D,Beaver Dam,WI,582,3.195667,,
71383,Caseys #3940,I-69 & SR 4,Ashley,IN,465,3.597333,,
71384,CASEYS #3944,I-29 & CR-106,Tea,SD,530,3.199000,,
71385,CASEYS #3907,I-675 & SR-235,Fairborn,OH,411,3.679000,,
71386,CASEYS #3952,SR-1 & SR-9,Hoopeston,IL,368,3.249000,,
71386,CASEYS #3952,SR-1 & SR-9,Hoopeston,IL,368,3.259000,,
71386,CASEYS #3952,SR-1 & SR-9,Hoopeston,IL,368,3.189000,,
71386,CASEYS #3952,SR-1 & SR-9,Hoopeston,IL,368,3.239000,,
71387,CASEYS #3954,"I-80, Exit 168",Newton,IA,320,3.249000,,
71388,CASEYS #3850,US HWY 77,Wahoo,NE,319,3.174000,,
71389,SPEEDWAY #1590,"I-95, EXIT 193",Dillon,SC,205,3.125667,,
71390,SPEEDWAY #7269,I-270 EXIT 6B,Granite City,IL,540,3.519000,,
71390,SPEEDWAY #7269,I-270 EXIT 6B,Granite City,IL,540,3.379000,,
71390,SPEEDWAY #7269,I-270 EXIT 6B,Granite City,IL,540,3.459000,,
71391,QUIKTRIP #7210,I-40 EXIT 142,North Little Rock,AR,695,3.049000,,
71392,Loves Travel Stop #834,SR 17 & SR 1,Grant Park,IL,290,3.329000,,
71392,Loves Travel Stop #834,SR 17 & SR 1,Grant Park,IL,290,3.379000,,
71393,CASEYS #3303,HWY 15 AND HWY 55,Kimball,MN,451,3.199000,45.6962321,-95.4492215
71394,QUIKTRIP #955,"I-35W, EXIT 26A & US-67",Alvarado,TX,630,2.975667,,
71395,KWIK TRIP #340,US-18 & SR-23,Dodgeville,WI,420,3.489000,,
71397,RACEWAY #6971,US-82/SR-520,Leesburg,GA,10,3.109000,,
71398,KWIK STAR #1089,SR 415,Polk City,IA,320,3.159000,,
71399,Loves Travel Stop  #809,"I-70 & MO Hwy D, Exit 31",Bates City,MO,400,3.220667,,
71401,KWIK TRIP #1169,"I-694, EXIT 52B & SR-36",Saint Paul,MN,448,3.515667,,
71402,FIREBIRD FUEL #6196,US-60 & SR-303,Surprise,AZ,930,3.383000,,
71404,Flyers #3200,"I-17, Exit 215B",Phoenix,AZ,930,3.352333,,
71405,FLYERS #3201,"US-60, Exit 157",Phoenix,AZ,930,3.369000,,
71406,FLYERS #3203,"I-10, Exit 139",Phoenix,AZ,930,3.319000,,
71407,FLYERS #3204,SR 202,Phoenix,AZ,930,3.352333,,
71408,Flyers #3205,"I-17, Exit 195B",Phoenix,AZ,930,3.382333,,
71410,Flyers #3213,"US-60, Exit 181",Mesa,AZ,930,3.352333,,
71411,Flyers #3214,"I-10, Exit 161C",Chandler,AZ,930,3.352333,,
71412,FLYERS #3215,SR 87,Chandler,AZ,930,3.352333,,
71413,Flyers #3216,"US 60, Exit 194",Apache Junction,AZ,930,3.422333,,
71416,FLYERS #3225,"I-10, Exit 255",Tucson,AZ,980,3.359000,,
71417,Flyers #3227,"I-10, Exit 263A",Tucson,AZ,980,3.355667,,
71418,Quick Fuel #3228,"I-10, Exit 264",Tucson,AZ,980,3.362333,,
71421,FLYERS #3236,"SR 601, Exit 22",El Paso,TX,640,3.229000,,
71428,KWIK TRIP #1140,SR-69/SR-92 & HWY-CC,Belleville,WI,420,3.604000,,
71429,QUIKTRIP #1432,SR 202 EXIT 76,Phoenix,AZ,930,3.369000,,
71430,QUIKTRIP #7144,US-31W,Goodlettsville,TN,460,2.915667,,
71433,Kwik Star #1146,US HWY 151,Cedar Rapids,IA,380,3.624000,,
71434,KWIK STAR #1154,"SR 18 & SR 60, Exit 34",Sheldon,IA,433,3.199000,,
71435,QUIKTRIP #1036,I-85 Exit 40,Charlotte,NC,46,3.304000,,
71436,GOOD 2 GO #213,I-90 EXIT 58 & US-16,Buffalo,WY,836,3.525000,,
71437,GOOD 2 GO #121,I-15 EXIT 113,Idaho Falls,ID,825,3.479000,,
71438,LOVES TRAVEL STOP #893,US-80 & SR-307,Savannah,GA,195,3.289000,,
71439,LOVES TRAVEL STOP #802,I-10 EXIT 26,Milton,FL,20,3.339000,,
71440,MAVERIK COUNTRY STORE #667,"I-90, EXIT 289 & SR-27",Spokane,WA,970,3.989000,,
71440,MAVERIK COUNTRY STORE #667,"I-90, EXIT 289 & SR-27",Spokane,WA,970,3.999000,,
71440,MAVERIK COUNTRY STORE #667,"I-90, EXIT 289 & SR-27",Spokane,WA,970,3.969000,,
71440,MAVERIK COUNTRY STORE #667,"I-90, EXIT 289 & SR-27",Spokane,WA,970,3.979000,,
71441,MAVERIK COUNTRY STORE #678,US-191,Vernal,UT,835,3.442333,,
71442,RACETRAC #2597,"I-65, EXIT 91 & US-31W",Elizabethtown,KY,415,2.919000,,
71443,LOVES TRAVEL STOP #810,US-33 & SR-540,Bellefontaine,OH,411,3.352333,,
71444,One9 #1318,"I-44, Exit 88",Strafford,MO,416,2.985667,,
71445,SPEEDWAY #1051,I-90 & I-94 Exit 69,Mauston,WI,420,3.299000,,
71446,SPEEDWAY #4221,I-80 Exit 292,Davenport,IA,320,3.749000,,
71447,KWIK TRIP #612,SR-116,Winneconne,WI,582,3.532333,,
71449,MAVERIK COUNTRY STORE #628,I-15 & CR-215,Las Vegas,NV,910,3.355667,,
71450,MAVERIK COUNTRY STORE #664,I-25 EXIT 203,Los Lunas,NM,580,3.202333,,
71452,ALLSUPS CONVENIENCE STORE #2016,SR-214 & SR-114,Morton,TX,700,3.399000,,
71453,ALLSUPS CONVENIENCE STORE #2025,US-285,Roswell,NM,593,3.285667,,
71454,ALLSUPS CONVENIENCE STORE #2036,SR-18,Hobbs,NM,593,3.399000,,
71455,ALLSUPS CONVENIENCE STORE #2043,US-62,Idalou,TX,700,2.965667,,
71456,ALLSUPS CONVENIENCE STORE #2058,"I-40, Exit 332 & SR-209",Tucumcari,NM,585,3.355000,,
71457,ALLSUPS CONVENIENCE STORE #2075,US-70 & SR-6,Crowell,TX,770,3.199000,,
71458,ALLSUPS CONVENIENCE STORE #2082,SR-70,Spur,TX,700,3.199000,,
71460,ALLSUPS CONVENIENCE STORE #2101,SR-136,Fritch,TX,585,3.149000,,
71461,ALLSUPS CONVENIENCE STORE #2111,US-87 &,Texline,TX,585,2.965667,,
71462,ALLSUPS CONVENIENCE STORE #2138,CR-61,Hobbs,NM,593,3.382333,,
71463,ALLSUPS CONVENIENCE STORE #2146,SR-18,Hobbs,NM,593,3.212333,,
71464,ALLSUPS CONVENIENCE STORE #2153,US-277,Haskell,TX,575,3.539000,,
71465,ALLSUPS CONVENIENCE STORE #2173,US-20,Sweetwater,TX,575,2.845667,,
71466,ALLSUPS CONVENIENCE STORE #2185,US-380 & 9TH ST,Aspermont,TX,575,3.365667,,
71467,ALLSUPS CONVENIENCE STORE #2192,SR-86 & SR-207,Silverton,TX,585,3.159000,,
71468,ALLSUPS CONVENIENCE STORE #2212,SR-6,Stamford,TX,575,3.129000,,
71469,ALLSUPS CONVENIENCE STORE #2227,SR-114,Morton,TX,700,3.399000,,
71470,ALLSUPS CONVENIENCE STORE #2267,"I-20, EXIT 42 & CR-761",Pecos,TX,710,3.379000,,
71471,ALLSUPS CONVENIENCE STORE #2269,SR-524 & CR-658,Carlsbad,NM,593,3.249000,,
71472,ALLSUPS CONVENIENCE STORE #2276,HWY 84 & CR-466,Hermleigh,TX,612,2.972333,,
71473,ALLSUPS CONVENIENCE STORE #2378,US-BUS 287 & SR-25,Electra,TX,770,2.999000,,
71474,PILOT #1292,US-290 & SR-21,Paige,TX,765,3.499000,,
71476,KWIK TRIP #493,US HWY 12,Whitewater,WI,420,3.499000,,
71477,KWIK TRIP #1141,SR 54,Luxemburg,WI,582,3.482333,,
71478,RACEWAY #6970,SR-1 & Coker Rd,Rome,GA,193,3.199000,34.2708652,-85.2384672
71479,RACETRAC #118,I-575 & SR-15,Jasper,GA,193,3.309000,,
71480,Loves Travel Stop #836,US-87,Dalhart,TX,585,3.435667,,
71481,Loves Travel Stop #843,"I-29, Exit 187",Drayton,ND,341,3.565667,,
71482,LOVES TRAVEL STOP #789,"I-15, Exit 277",Great Falls,MT,815,3.772333,,
71484,CIRCLE K #2745064,"I-75/SR-401, EXIT 101 & US-280/SR-30",Cordele,GA,10,2.999000,,
71485,Circle K #2709088,US-521 & SR-9,Lancaster,SC,46,3.299000,,
71486,HUCKS FOOD & FUEL #338,US-50/US-150 & US-41 BUS,Vincennes,IN,510,3.959000,39.1283656,-87.4137051
71486,HUCKS FOOD & FUEL #338 DBA PILOT DEALER #1294,US-50/US-150 & US-41 BUS,Vincennes,IN,510,3.959000,39.1283656,-87.4137051
71487,LOVES TRAVEL STOP #835,"I-15, EXIT 163 & SR-99",Fillmore,UT,835,3.685000,,
71487,LOVES TRAVEL STOPS #835,"I-15, EXIT 163 & SR-99",Fillmore,UT,835,3.599000,,
71488,LOVES TRAVEL STOP #816,"I-90, EXIT 284",Kimball,SD,506,3.570667,,
71490,LOVES TRAVEL STOP #818,"I-20, EXIT 205 & SR-46",Heflin,AL,615,3.207333,,
71491,SPEEDWAY #1520,"I-55, EXIT 58 & SR-80",Matthews,MO,460,3.189000,,
71492,LOVES TRAVEL STOP #839,"I-64, EXIT 92",Leavenworth,IN,415,3.949000,,
71493,NEW TRAVEL PLAZA,I-20 EXIT 86,Ruston,LA,590,3.065667,,
71494,SPEEDWAY/7FLEET #7008,"I-90, EXIT 48A & SR-77",Corfu,NY,190,3.889000,,
71495,SPEEDWAY #1212,"I-65, EXIT 99 & US-31",Greenwood,IN,375,3.597333,39.6136542,-86.1157124
71496,SPEEDWAY/7fleet #1052,US-30 & SR-57,Orrville,OH,249,3.499000,,
71498,KWIK TRIP #1143,US HWY 45,Antigo,WI,395,3.507333,,
71499,KWIK TRIP #1130,US HWY 151/18,Mount Horeb,WI,420,3.589000,,
71500,KWIK TRIP #1114,SR-35,Holmen,WI,515,3.330667,,
71502,ROAD RANGER #281,I-20 EXIT 332,Cisco,TX,575,3.140667,,
71503,LOVES TRAVEL STOP #093,US-80 & US-400/US-50,Garden City,KS,525,3.729000,,
71504,MAVERIK COUNTRY STORE #378,"I-84/I-15, EXIT 346 & SR-126",Ogden,UT,835,3.379000,,
71505,KWIK TRIP #1029,I-43 & SR-20,East Troy,WI,444,3.174000,,
71506,KWIK STAR #1165,SR-60,Sibley,IA,433,3.224000,,
71509,MAPLEFIELDS IRVING,I-91 & US-2,Saint Johnsbury,VT,39,3.599000,44.4197747,-72.0297827
71510,RACETRAC #2601,"I-64, Exit 58",Frankfort,KY,410,2.919000,,
71511,RACETRAC #2592,US HWY 29,Athens,GA,16,3.312333,,
71512,RACETRAC #2603,Country Road 527,Orlando,FL,140,3.299000,,
71514,LOVES TRAVEL STOP #817,SR-136,Santa Teresa,NM,640,3.262333,,
71515,LOVES TRAVEL STOP #824,"I-64 & SR-37, Exit 80",Mount Vernon,IL,574,3.589000,,
71515,LOVES TRAVEL STOP #824,"I-64 & SR-37, Exit 80",Mount Vernon,IL,574,3.349000,,
71515,LOVES TRAVEL STOP #824,"I-64 & SR-37, Exit 80",Mount Vernon,IL,574,3.449000,,
71515,LOVES TRAVEL STOP #824,"I-64 & SR-37, Exit 80",Mount Vernon,IL,574,3.389000,,
71516,LOVES TRAVEL STOP #833,"I-90, EXIT 61 & US-20",Ripley,NY,38,3.879000,,
71517,7-ELEVEN #41905,I-85 & CR-2120,Salisbury,NC,46,3.749000,,
71518,SPEEDWAY/7Fleet #9305,SR-18 & SR-1,Forrest City,AR,460,3.174000,,
71519,SPEEDWAY #1506,US-231 & SR-271,Montgomery,AL,720,3.042333,,
71520,KWIK TRIP #1104,SR-35/65 & SR-29,River Falls,WI,451,3.405667,44.8508665,-92.6293447
71521,KWIK TRIP #1065,US-12 & SR-89,Whitewater,WI,420,3.424000,,
71522,Y NOT STOP BARBER SPUR,SR-10 & SR-13,Ville Platte,LA,730,3.499000,,
71523,QUIKTRIP #7170,I-59 EXIT 77,Cottondale,AL,615,2.915667,,
71524,Loves Travel Stop #813,"I-77, Exit 112",North Canton,OH,249,3.627333,,
71525,LOVES TRAVEL STOP #796,"I-40, EXIT 432B & U-25W/US-411/US-70",Newport,TN,405,3.689000,,
71526,LOVES TRAVEL STOP #820,"I-90, EXIT 41 & SR-414",Waterloo,NY,190,4.149000,,
71527,D & C FUEL EAST,US-6/SR-92,Tunkhannock,PA,200,3.699000,,
71528,GOOD 2 GO #218,I-90 EXIT 25 & US-14,Sheridan,WY,836,3.442333,,
71529,Kwik Trip #1161,US-BUS 53,Eau Claire,WI,295,3.407333,,
71531,BERT'S TRAVEL PLAZA,SR-33,Wellsville,KS,400,3.315667,,
71534,GOLDEN GATE - YERINGTON,SR-339 & US-95 ALT,Yerington,NV,966,3.715667,,
71535,GOLDEN GATE BATTLE MOUNTAIN,"I-80, EXIT 233",Battle Mountain,NV,966,3.339000,,
71536,PILOT TRAVEL CENTERS  #1106,"I-25/US-85, EXIT 215 & SR-47",Albuquerque,NM,580,3.565667,,
71542,CIRCLE K #2706625,US-85,Eaton,CO,795,3.399000,,
71543,THE SOCO GROUP #4,SR-111,El Centro,CA,900,4.839000,,
71555,Kwik Trip #307,SR-35/US-18,Prairie Du Chien,WI,335,3.599000,,
71556,KWIK TRIP #1167,"HWY 29, EXIT 108",Thorp,WI,295,3.452333,,
71557,MUSKOGEE TRAVEL PLAZA,US-69,Muskogee,OK,560,3.015667,,
71558,ALLSUPS #2384,US-60,Friona,TX,585,2.994000,,
71559,ALLSUPS CONVENIENCE STORE #2228,US-83 & CR-613,Tuscola,TX,575,2.917333,,
71560,CIRCLE K #2709675,"I-25, EXIT 41 & SR-543/SR-26",Hatch,NM,640,3.799000,,
71561,ABBOTTS TRAVEL CENTER,I-35 EXIT 359,Abbott,TX,765,3.065667,,
71562,PILOT #1317,I-90 EXIT 28,Fultonville,NY,12,3.999000,,
71563,Kwik Star #1081,SR-9,Decorah,IA,515,3.579000,,
71564,GRAB N GO,SR-200 & SR-22,Killdeer,ND,273,3.549000,47.4465305,-102.8223909
71565,CIRCLE K #2741253,"SR 375, Exit 39",El Paso,TX,640,3.195667,,
71566,Mankato Travel Center,US HWY 14 & SR 22,Mankato,MN,425,3.499000,,
71567,PRIDE CONVENIENCE STORE,"I-91, EXIT 40 & SR-20",East Granby,CT,100,3.649000,,
71568,QUIKTRIP #294,I-35,Gardner,KS,485,2.999000,,
71570,STEELE 66 TRUCK PLAZA,Hwy O & CR-425,Steele,MO,418,3.399000,,
71571,RACETRAC #2587,I-75 & US-98,Brooksville,FL,140,3.299000,,
71572,7-ELEVEN #41525,US-460 & SR-630,Disputanta,VA,180,2.999000,,
71573,RACETRAC #2588,I-4 & US-301,Tampa,FL,225,3.299000,,
71574,RACETRAC #2594,US-441,Dublin,GA,85,2.999000,,
71575,Racetrac #2308,SR-161,Irving,TX,630,2.935667,,
71576,RACETRAC #2429,SR-161,Irving,TX,630,2.900667,,
71577,TOOT N TOTUM #130,US-87 & Dorsey Rd,Clayton,NM,585,3.199000,,
71578,RACETRAC #2595,I-65 EXIT 284,Alabaster,AL,615,2.999000,,
71579,KWIK TRIP #1138,SR 28,Sheboygan,WI,444,3.242333,,
71580,MAVERIK COUNTRY STORE #676,"I-15/I-84, EXIT 376 & SR-13",Tremonton,UT,835,3.444000,,
71582,LOVES TRAVEL STOP #847,US-601 & SR-207,Pageland,SC,46,3.385667,,
71583,CIRCLE K #2706993,SR 27 N,Lake Wales,FL,225,3.799000,,
71586,ALLTOWN FRESH,US-9 & SR-23,Livingston,NY,12,3.699000,42.2082635,-73.7913000
71586,ALLTOWN FRESH,US-9 & SR-23,Livingston,NY,12,3.659000,42.2082635,-73.7913000
71590,TA SPRINGER,I-25 EXIT 419,Springer,NM,580,3.529000,,
71592,THE WOODSHED,US-59 & SR-10,Welch,OK,307,3.099000,,
71594,BP,US-20 & SR13,Middlebury,IN,465,3.799000,41.6543430,-85.7056592
71595,Hucks Market #100,US-36,Hannibal,MO,494,3.132333,,
71596,ALLSUPS #2379,US-70/US-380,Tinnie,NM,700,3.359000,,
71597,Allsups #2380,US-84,Sudan,TX,700,3.199000,,
71598,Allsups #2381,SR-199,Azle,TX,630,2.919000,,
71600,TA EXPRESS #290,"I-45, EXIT 198 & FM-27",Fairfield,TX,765,3.439000,31.7320893,-96.2026191
71601,Circle K #2723479,"I-40, EXIT 306B & US-70",Garner,NC,205,3.369000,,
71602,SHELL,"HWY-401, EXIT 10 & CR-11",Oldcastle,ON,620,4.452920,,
71602,SHELL,"HWY-401, EXIT 10 & CR-11",Oldcastle,ON,620,4.462770,,
71602,SHELL,"HWY-401, EXIT 10 & CR-11",Oldcastle,ON,620,3.952526,,
71602,SHELL,"HWY-401, EXIT 10 & CR-11",Oldcastle,ON,620,3.953690,,
71602,SHELL,"HWY-401, EXIT 10 & CR-11",Oldcastle,ON,620,3.950782,,
71602,SHELL,"HWY-401, EXIT 10 & CR-11",Oldcastle,ON,620,4.462112,,
71603,FLYERS #3223,US-70/191,Safford,AZ,980,3.862333,32.8341795,-109.7052965
71604,MAVERIK COUNTRY STORE #669,"I-80, Exit 113 & SR-172",Salt Lake City,UT,835,3.445667,,
71605,Allsups Convenience Store #2377,US-70 & US-54,Alamogordo,NM,640,3.062333,,
71606,Allsups #2396,HWY 62 82 179,Wolfforth,TX,700,2.915667,,
71607,Loves Travel Stop #827,"I-90, Exit 174",Moses Lake,WA,970,3.889000,,
71608,Loves Travel Stop #842,"I-194, eXIT 164",Saint Cloud,MN,448,3.290667,,
71609,QUIKTRIP #73,"US-75, US 62",Henryetta,OK,560,3.025667,,
71610,FRIENDLY GUS #25,US-80 & SR-338,Dudley,GA,85,3.832333,,
71612,RACEWAY #6898,"I-95, EXIT 373 & HWY A1A",Yulee,FL,75,3.270667,,
71614,7-ELEVEN #41808,"I-85, EXIT 106 & US-29",Blacksburg,SC,210,3.359000,,
71615,HUTCHS #128,US-62 & US-281/SR-8,Anadarko,OK,483,2.999000,,
71616,ALLSUPS CONVENIENCE STORE #2382,"I-20, EXIT 366 & US-281",Mineral Wells,TX,630,2.945667,,
71617,CIRCLE K #2709087,US-98/US-19,Chiefland,FL,75,3.582333,29.4614908,-82.8508456
71618,Loves Travel Stop #837,"I-35, Exit 52",Cameron,MO,400,3.689000,,
71619,7-ELEVEN # 41365,"I-840/I-785, EXIT 18 & US-70",Greensboro,NC,65,3.199000,,
71621,TOOT N TOTUM #127,"I-27, Exit 49B",Plainview,TX,585,2.895667,,
71622,Circle K #2706628,SR-193 & SR-163,Theodore,AL,715,3.392333,,
71623,Circle K #2706637,US-43,Grove Hill,AL,715,3.719000,,
71624,MAVERIK COUNTRY STORE #681,"I-80, Exit 410",West Wendover,NV,835,3.385667,,
71625,MAVERIK COUNTRY STORE #679,US-160/285 & SR-17,Alamosa,CO,803,3.349000,37.4729850,-105.8573588
71627,QUIKTRIP #1730,I-75 EXIT 185,Forsyth,GA,85,3.089000,,
71628,QUIKTRIP #7171,I-65 EXIT 231,Calera,AL,615,2.999000,,
71629,KWIK TRIP #1139,SR-95 & SR-65,Cambridge,MN,451,3.399000,,
71630,CIRCLE K #2701524,"US-52, Exit 134 & SR-268",Pilot Mountain,NC,65,3.429000,,
71631,RACEWAY #6891,SR-20 & SR-67,Decatur,AL,615,3.099000,,
71632,Loves Travel Stop #819,SR-21 & SR-275,Rincon,GA,195,3.330667,,
71634,76,"US HWY 278, US HWY 45",Tupelo,MS,742,3.149000,,
71635,Racetrac #2610,US-231,Murfreesboro,TN,460,3.049000,,
71636,RACETRAC #2580,US-41 & SR-268,Murfreesboro,TN,460,3.032333,,
71637,HORSESHOE #4,SR-114,Smyer,TX,700,2.959000,,
71638,QUIKTRIP #4032,"I-35, EXIT 176",Schertz,TX,740,2.915667,,
71639,PAR MAR FOOD STORE #13,"I-77, EXIT 1 & SR-7",Hannibal,OH,430,3.899000,,
71640,RACETRAC #2544,SR-81 & SR-316,Bethlehem,GA,16,3.312333,,
71641,76,I-17,Phoenix,AZ,930,3.232333,,
71642,MAVERIK COUNTRY STORE #398,HWY 89 & LAKE POWELL BLVD,Page,AZ,930,3.455667,36.9173139,-111.4579296
71643,Pilot #1319,I-35 Exit 30,Alvarado,TX,630,3.205667,,
71644,CHISUM TRAVEL CENTER #38,I-20 EXIT 210,Colorado City,TX,612,2.925667,,
71646,SPEEDWAY #6542,"I-10, Exit 192",Midway,FL,155,3.599000,,
71647,QUIKTRIP #667,I-44 Exit 189,Rolla,MO,392,2.982333,,
71648,QUIKTRIP #7149,I-24 Exit 8,Clarksville,TN,460,2.915667,,
71649,Allsups Convenience Store #2385,US-183 & US-180,Breckenridge,TX,575,3.307333,32.7553651,-98.9036008
71650,ALLSUPS CONVENIENCE STORE #2405,SR-208 & SR-158,Robert Lee,TX,612,3.265667,,
71651,QUIKTRIP #4151,"I-35, Exit 220",Buda,TX,595,2.915667,,
71652,CIRCLE K #4705575,SR-261,Akron,OH,249,3.769000,,
71653,MAVERIK COUNTRY STORE #701,US-160,Durango,CO,614,3.299000,,
71654,LOVES TRAVEL STOP  #851,"I-39/US-51, EXIT 111 & SR-72",Monroe Center,IL,520,3.749000,,
71655,79 ONE STOP,SR-62 & SR-37,Saint Croix,IN,415,3.499000,39.8686784,-86.0842659
71656,CASEYS #3268,US-59 & SR-119,Appleton,MN,522,3.445667,,
71657,CASEYS #2855,US HWY 63,Cabool,MO,535,3.259000,,
71659,Loves Travel Stop #646,"I-84, Exit 71",Willington,CT,100,4.359000,,
71661,Loves Travel Stop #822,"I-40,  Exit 57 & S Crawford St",Clarksville,AR,695,3.392333,,
71662,PUMP & PANTRY #33,SR-22/39,Genoa,NE,330,3.289000,,
71663,Allsups #2388,I-27 & SR-217,Canyon,TX,585,2.900667,,
71664,RUTTERS #95,SR-9,Martinsburg,WV,22,3.999000,,
71666,Circle K#2746513,SR-13/SIOUX TRL,Savage,MN,448,3.799000,,
71667,7-Eleven #38986,"I-75, EXIT 301 & US-98",Brooksville,FL,225,3.399000,,
71668,7-ELEVEN #41572,I-77 & US-70,Statesville,NC,46,2.859000,,
71672,7-ELEVEN #41573,US-67,Glen Rose,TX,765,3.589000,,
71673,7-ELEVEN #41792,"I-85, EXIT 27",Anderson,SC,30,2.959000,,
71674,Kwik Trip #1177,SR-65,Cambridge,MN,451,3.424000,,
71676,CIRCLE K #4702409,US-52,Lafayette,IN,375,3.157333,,
71679,TOOT N TOTUM #22,FM 1541 & FM 1151,Amarillo,TX,585,2.967333,35.0913721,-101.8482256
71680,Alexs Shelby Truck Stop,US HWY 278 & SR 32,Shelby,MS,655,3.199000,,
71681,WASPYS TRUCK STOP,US-71,Audubon,IA,319,3.315667,,
71682,Gas N Wash,"SR 83, SR 50, I-294",Alsip,IL,365,3.399000,,
71682,Gas N Wash,"SR 83, SR 50, I-294",Alsip,IL,365,3.499000,,
71682,Gas N Wash,"SR 83, SR 50, I-294",Alsip,IL,365,3.299000,,
71683,GAS N WASH,US HWY 6,Joliet,IL,365,3.799000,,
71685,ON THE ROAD 110,US-59,Diboll,TX,618,3.199000,,
71686,Allsups #2391,I-20 Exit 269,Merkel,TX,575,2.875667,,
71687,ALLSUPS #2386,I-20 EXIT 216,Colorado City,TX,612,2.942333,,
71688,KWIK TRIP #1151,"I-90, EXIT 183 & CR-BT",Beloit,WI,420,3.374000,,
71689,KWIK TRIP #1108,"I-41/US-45, EXIT 52 & SR-164",Colgate,WI,444,3.247333,,
71691,ALLSUPS #2399,US-287 & SR-207,Claude,TX,585,2.929000,,
71692,GXP #200,"I-85/SR-403, EXIT 140 & SR-82",Jefferson,GA,16,3.239000,34.1277560,-83.5682547
71694,J&H Family Store,"I-96, Exit 19",Coopersville,MI,456,3.599000,,
71694,J&H Family Store,"I-96, Exit 19",Coopersville,MI,456,3.499000,,
71695,KWIK TRIP #1126,US-14/US-61,La Crosse,WI,444,3.384000,43.8088116,-91.2567551
71696,SUPER SAVE #10,I-220 EXIT 1A,Shreveport,LA,745,3.199000,,
71697,LOVES TRAVEL STOP #829,I-80 EXIT 81,Brookville,PA,14,4.019000,,
71698,Kwik Star #1142,hwy 6,Iowa City,IA,380,3.134000,,
71699,KWIK TRIP #597,"I-94, EXIT 344 & SR-31",Kenosha,WI,444,3.744000,,
71700,ARCO,US-19/US-98/US-27Alt & CR-30A,Perry,FL,75,3.699000,,
71701,CIRCLE K #2746510,SR 32,De Pere,WI,360,3.349000,,
71702,SHOP AND SAVE,US-220 & CR-734,Ridgeway,VA,65,3.909000,,
71704,QUIKTRIP #962,"I-30, Exit 61A",Garland,TX,630,2.897333,,
71705,STRIPES #41980,"I-37, EXIT 11A",Corpus Christi,TX,625,3.199000,,
71706,QUIKTRIP #1176,I-77Exit 2,West Columbia,SC,135,3.309000,,
71707,QUARLES #4437,US HWY 30,Lancaster,PA,208,3.999000,,
71708,QUARLES #4936,I-95 Exit 69,Richmond,VA,180,3.699000,,
71709,MAPCO EXPRESS #7553,SR 153 EXIT 2,Chattanooga,TN,285,2.994000,,
71710,KWIK STAR #1180,SR-141,Perry,IA,320,3.060667,,
71712,MAVERIK COUNTRY STORE #693,"I-70, Exit 160 & hwy 191",Green River,UT,810,3.282333,,
71713,Pilot #1383,"I-555, Exit 39",Jonesboro,AR,435,3.489000,,
71713,Pilot Dealer #1383,"I-555, Exit 39",Jonesboro,AR,435,3.439000,,
71714,RACETRAC #2576,SR-997 & SR-994,Miami,FL,95,3.287333,,
71715,Allsups Convenience Store #2401,US-87,San Angelo,TX,612,3.195667,,
71716,Allsups #2404,US-62,Carlsbad,NM,593,3.194000,,
71717,Kwik Trip #1199,US-14,Darien,WI,345,3.199000,,
71718,KWIK STAR #1158,US-30,Ames,IA,320,3.174000,,
71719,LOVES TRAVEL STOP #832,"I-35, EXIT 129",Forest Lake,MN,515,3.362333,,
71721,HUCKS FOOD & FUEL #314,US-50/150,Washington,IN,510,3.462333,,
71722,MAVERIK #5392,FM-16,Keenesburg,CO,800,3.154000,,
71723,ALLSUPS CONVENIENCE #2398,SR-70,Pampa,TX,585,3.079000,,
71724,ALLSUPS CONVENIENCE #2403,US-180,Mineral Wells,TX,630,3.005667,,
71725,Allsups Convenience Store #2406,US-67,Rankin,TX,710,3.499000,,
71726,Kwik Trip #1152,US HWY 169,Saint Peter,MN,425,3.724000,,
71735,Loves Travel Stop #811,US-395,Pasco,WA,925,4.589000,,
71735,Love's #811,US-395,Pasco,WA,925,4.589000,,
71736,Racetrac #2312,US-41/SR-92,Acworth,GA,18,3.209000,,
71737,RACETRAC #2605,"I-295, EXIT 25",Jacksonville,FL,75,3.249000,,
71738,KWIK TRIP #1196,"US-151, EXIT 21",Platteville,WI,335,3.514000,,
71739,TA EXPRESS #418,"I-16/SR-404, EXIT 116 & US-301/25",Register,GA,135,3.285667,,
71740,SPRINT FOODS #735,US-78/US-1 & SR-19,Aiken,SC,135,3.172333,,
71741,SPRINT FOOD STORE #733,"I-20, EXIT 183 & US-221",Harlem,GA,135,3.599000,,
71769,DUCK THRU FOOD STORE #60,US HWY 64,Spring Hope,NC,205,3.469000,,
71770,ONVO TRAVEL PLAZA,"I-81, Exit 155",Mountain Top,PA,200,3.587333,,
71771,BREAK TIME #3170,SR-13 & HWY-T,Bolivar,MO,535,3.374000,39.9366109,-94.8412994
71772,Kwik Trip #1137,US-8,Saint Croix Falls,WI,451,3.524000,,
71773,KWIK STAR #710,US-30 EXIT-202,Toledo,IA,565,3.399000,,
71774,CASEYS #4292,1020 5TH ST,Carrollton,IL,574,3.289000,39.2907244,-90.4070065
71774,CASEYS #4292,1020 5TH ST,Carrollton,IL,574,3.239000,39.2907244,-90.4070065
71774,CASEYS #4292,1020 5TH ST,Carrollton,IL,574,3.429000,39.2907244,-90.4070065
71775,Caseys #3950,US-270 & US-54,Liberal,KS,525,3.319000,,
71776,QUIKTRIP #7172,"I-85/US-29, EXIT 58 & SR-169",Opelika,AL,50,2.999000,,
71779,TCI PHOENIX,"I-10, EXIT 138 & US-202, EXIT 76",Phoenix,AZ,930,2.922333,,
71784,7-ELEVEN #41750,I-4 & SR-33,Lakeland,FL,225,3.289000,28.1070084,-81.9378259
71785,7-ELEVEN #41266,I-81 & SR-924,Hazleton,PA,200,3.839000,,
71786,SHEETZ #751,I-76 EXIT 91,Donegal,PA,165,3.259000,,
71787,PUMP & PANTRY #55,US-159 & US-73,Falls City,NE,486,3.239000,,
71792,KWIK TRIP #1147,US-71 & SR-60,Windom,MN,425,3.349000,,
71793,QUARLES #4602,"SR-267, EXIT 8B & SR-606",Sterling,VA,60,3.659000,,
71794,KWIK TRIP #1174,US-51 & US-2,Ironwood,MI,334,3.479000,,
71794,KWIK TRIP #1174,US-51 & US-2,Ironwood,MI,334,3.139000,,
71794,KWIK TRIP #1174,US-51 & US-2,Ironwood,MI,334,3.459000,,
71794,KWIK TRIP #1174,US-51 & US-2,Ironwood,MI,334,3.159000,,
71794,KWIK TRIP #1174,US-51 & US-2,Ironwood,MI,334,3.179000,,
71795,CIRCLE  K #2654290,I-85 EXIT 13,Lagrange,GA,50,3.899000,,
71797,KWIK STAR #1186,"I-80/US-6, EXIT 142 & US-65",Altoona,IA,320,3.199000,,
71798,Space Age #202,"I-5, EXIT 52",Castle Rock,WA,935,3.659000,,
71800,Stuckeys Travel Plaza,"I-44, EXIT 179",Newburg,MO,535,2.972333,,
71801,Love's Travel Stop #869,US HWY 75,Le Mars,IA,527,3.455667,,
71802,ALLSUPS #2407,I-10 EXIT 259,Fort Stockton,TX,710,3.029000,,
71803,KENT KWIK #321,I-20 EXIT 143,Midland,TX,710,2.940667,32.0299387,-101.9879310
71804,GAS N WASH,I-88 EXIT 114,Montgomery,IL,290,3.599000,,
71805,RACETRAC #2583,I-24E,La Vergne,TN,460,2.899000,,
71806,RACETRAC #2600,SR-70,Okeechobee,FL,140,3.299000,,
71807,KWIK TRIP #1270,SR-172,Green Bay,WI,582,3.290667,,
71808,WEIGELS #100,SR 153,Chattanooga,TN,405,3.015667,,
71811,7-ELEVEN #41826,SR-722 & SR-283,Lancaster,PA,70,4.129000,,
71812,KWIK TRIP #1198,I-43 & Hwy AA,Oostburg,WI,444,3.242333,43.6230006,-87.7764858
71813,Kweik Star #1156,SR-150 & SR-3,Oelwein,IA,565,3.582333,42.7488135,-95.1120370
71814,TEX-BEST #531,US-90,Uvalde,TX,740,2.874000,,
71815,MAVERIK COUNTRY STORE #688,I-15 EXIT 339,Ogden,UT,835,3.385667,,
71816,MAVERIK COUNTRY STORE #694,I-15 EXIT 222,Nephi,UT,835,3.405667,,
71817,KWIK TRIP #1128,US-12,Altoona,WI,295,3.332333,,
71818,TA EXPRESS RIVERTON #433,I-72 EXIT 108,Riverton,IL,318,3.469000,,
71818,TA EXPRESS RIVERTON #433,I-72 EXIT 108,Riverton,IL,318,3.439000,,
71818,TA EXPRESS RIVERTON #433,I-72 EXIT 108,Riverton,IL,318,3.409000,,
71822,DK,SR 176,Lenorah,TX,612,3.532333,,
71823,MARKER 126,US HWY 20,Duncombe,IA,343,3.059000,,
71824,QuikTrip #4052,US 181 S,San Antonio,TX,740,2.922333,,
71826,KWIK TRIP #1183,US-2,Bessemer,MI,334,3.159000,,
71826,KWIK TRIP #1183,US-2,Bessemer,MI,334,3.139000,,
71826,KWIK TRIP #1183,US-2,Bessemer,MI,334,3.179000,,
71826,KWIK TRIP #1183,US-2,Bessemer,MI,334,3.479000,,
71826,KWIK TRIP #1183,US-2,Bessemer,MI,334,3.459000,,
71827,KWIK TRIP #1188,US-12,Cokato,MN,451,3.474000,,
71828,KWIK TRIP #1209,SR-42,Sturgeon Bay,WI,582,3.582333,,
71829,KWIK TRIP #1043,US-53/SR-194,Duluth,MN,334,3.499000,,
71830,One9 #1330,"I-40/US-63, EXIT 216 & US-49",Brinkley,AR,695,3.199000,,
71830,One9 Travel Center #1330,"I-40/US-63, EXIT 216 & US-49",Brinkley,AR,695,3.199000,,
71831,Loves Travel Stop #865,"I-35, Exit 186",Perry,OK,483,3.389000,,
71832,SHEETZ #753,SR 3,Seville,OH,249,3.082333,,
71833,Circle K #2706636,US HWY 43,Jackson,AL,715,3.899000,,
71835,CUZZS TRAVEL DEPOT,US 43 N,Thomasville,AL,715,3.599000,,
71836,DUCK THRU FOOD STORE #59,US 13 EXIT 119,Greenville,NC,205,3.499000,,
71837,RUTTERS #86,"US-15, EXIT 17 & SR-26",Frederick,MD,70,3.899000,,
71838,RUTTERS #24,SR-74 & SR-2069,Brogue,PA,70,4.099000,,
71839,RUTTERS #92,US-222 & SR-737,Kutztown,PA,90,3.699000,,
71840,NEON MARKETPLACE,"SR-79, EXIT 10",Fall River,MA,175,3.949000,,
71841,Quick Fuel #3193,US-69,Kansas City,KS,400,3.345667,,
71844,HD EXPRESS MART,US 20,Clyde,OH,550,3.379000,,
71845,ALLSUPS #2424,US 180,Millsap,TX,630,2.984000,,
71848,CLIFTON SUPER STOP,"I-16, EXIT 104",Metter,GA,195,3.249000,,
71849,TOOT N TOTUM #128,I-40 EXIT 57,Amarillo,TX,585,3.089000,35.2076104,-101.8141884
71850,CEDAR GROVE OASIS,"I-43, Exit 113",Cedar Grove,WI,444,3.239000,,
71851,PWI #164,I-35/US-77 & FM-3115,Abbott,TX,765,2.892333,,
71852,KWIK TRIP #1164,US-63,Spooner,WI,295,3.599000,,
71853,Landmark Travel Center,I-20 EXIT 301,Clyde,TX,575,2.900667,,
71854,EXXON DBA Pilot #1289,US 75 EXIT 72,Denison,TX,630,3.239000,,
71855,BYRNE DAIRY #136,I-90 Exit 37,Liverpool,NY,220,3.659000,,
71856,GO TIME #7,"I-75, EXIT 29",Corbin,KY,410,2.999000,,
71857,QUIKTRIP #1196,"I-20, EXIT 11 & SR-144",Graniteville,SC,135,3.159000,,
71858,QUIKTRIP #7224,"I-20, EXIT 112",West Monroe,LA,719,2.892333,,
71859,ALLSUPS #2415,SR 6,Meridian,TX,765,2.965667,,
71860,PILOT #1347,"I-59, EXIT 5A",Pearl River,LA,725,3.164000,,
71862,Loves Travel Stop #863,I-90 & SR-528,Madison,OH,305,3.849000,,
71864,MPC #30,"I-44, Exit 195",Saint James,MO,540,2.985667,,
71865,RACETRAC #574,"I-30, EXIT 68",Rockwall,TX,630,2.924000,,
71866,RACETRAC #2615,"I-65, EXIT 128",Louisville,KY,415,2.919000,,
71867,HOLIDAY STATIONSTORE #2653855,US-12,Aberdeen,SD,530,3.107333,,
71868,RACETRAC #2456,SR-44 & CR-491,Lecanto,FL,140,3.315667,,
71869,PORT FUEL CENTER,"I-516, EXIT 7B & SR-21",Port Wentworth,GA,195,3.182333,,
71870,Circle K #2706479,US-280,Sylacauga,AL,615,3.799000,,
71871,KWIK TRIP #1133,US-10 & SR-85,Durand,WI,295,3.430667,,
71872,KWIK STAR #1189,"I-80, EXIT 110",De Soto,IA,320,3.224000,,
71873,KWIK TRIP #1182,"I-35E, EXIT 123B",Hugo,MN,448,3.377333,,
71874,Rutters #85,I-76 & US-30,Bedford,PA,14,4.099000,,
71875,LOVES TRAVEL STOP #615,US-59 & US-79,Carthage,TX,618,3.102333,,
71876,LOVES TRAVEL STOP #861,"I-75, EXIT 72 & SR-72",Loudon,TN,285,3.587333,,
71877,LOVES TRAVEL STOP #859,"I-80, EXIT 116 & US-6",Morris,IL,290,3.789000,41.3871411,-88.4182600
71878,LOVES TRAVEL STOP #872,SR-78 & CR-27,Lancaster,OH,315,3.275667,,
71879,Gas N Wash Schoolhouse,FM-74,New Lenox,IL,399,3.699000,,
71883,QUIKTRIP #4178,SR-130,Hutto,TX,595,2.915667,,
71886,QUIKTRIP #7136,US-17,Brunswick,GA,195,3.074000,,
71887,SHELL,I-80 & SR-63,Greenwood,NE,413,3.399000,,
71888,KJS ALPINE,US HWY 26,Alpine,WY,825,3.799000,,
71889,Payson Cardlock,SR 260 & SR 87,Payson,AZ,930,3.709000,,
71890,Carter Flagstaff Cardlock (Bulk Plant),I-40 Exit 198,Flagstaff,AZ,930,3.689000,,
71892,Tropic Fleet Bradenton Cardlock,US 301,Bradenton,FL,225,3.499000,,
71893,Tropic Fleet Rechtien Cardlock,SR-934,Miami,FL,95,3.471000,,
71894,Majors 663 Nacogdoches Truck Plaza,US-259 & US-59,Nacogdoches,TX,618,3.029000,,
71897,ONE9 XPRESS FUEL #1349,I-10 EXIT 140B,Van Horn,TX,640,3.459000,,
71898,Loves Travel Stop #867,I-55 Exit 165,Normal,IL,280,3.389000,,
71898,Loves Travel Stop #867,I-55 Exit 165,Normal,IL,280,3.489000,,
71899,LOVES TRAVEL STOP #882,US-61/SR-92,Muscatine,IA,270,3.439000,,
71902,MURPHY EXPRESS #8928,FM-1472,Laredo,TX,693,2.845667,,
71903,ALLSUPS #2412,SR 199 W,Springtown,TX,630,2.919000,,
71904,SHEETZ #745,I-90 EXIT 212,Madison,OH,305,3.082333,,
71906,COMPASS TRAVEL CENTER,"I-65, EXIT 230",Demotte,IN,365,3.242333,,
71909,RACETRAC #2604,I-75 Exit 126,Mcdonough,GA,67,3.199000,,
71910,KWIK TRIP #793,"I-35, EXIT 59",Faribault,MN,448,3.424000,,
71911,MAVERIK COUNTRY STORE #706,SR-10,Castle Dale,UT,835,3.439000,,
71912,FUEL CITY WYLIE,SR-78,Wylie,TX,630,2.965667,,
71913,Circle K #4702456,I-69,Martinsville,IN,375,3.599000,,
71914,HUCKS FOOD & Fuel #309,I-169 Exit 8,Hopkinsville,KY,490,3.474000,,
71916,Spinx 317,US-17 ALT,Moncks Corner,SC,42,3.312333,,
71919,THE SPORTSMAN 2 TRAVEL PLAZA,I-35 EXIT 480,Sanger,TX,630,2.975667,,
71922,Plaza of The Flint Hills,I-70 Exit 32B,Alma,KS,553,3.299000,,
71923,SHEETZ #740,US-23  & SR-752,Ashville,OH,315,3.102333,39.7233103,-82.9864668
71924,JIFFY,I-80 Exit 60,Shippenville,PA,240,4.132333,,
71925,QUIKTRIP #7140,"I-24, EXIT 175 & US-41",Chattanooga,TN,285,2.915667,,
71926,QUIKTRIP #186,SR-150,Grandview,MO,400,3.199000,,
71927,Allsups Convenience #2420,US 283,Altus,OK,770,2.979000,,
71929,STUCKEYS TRAVEL CENTER,I-10 & FM-365,Beaumont,TX,610,2.824000,,
71931,QUIKTRIP #7071,I-75 & SR-133/401,Valdosta,GA,10,3.032333,,
71932,MCCLURE OIL #60,US 35,Logansport,IN,370,3.799000,,
71933,RHODES CONVENIENCE STORES,US-62,Sikeston,MO,275,3.350667,,
71934,SHEETZ #759,I-71 & SR-734,Jeffersonville,OH,315,3.065667,39.6521232,-83.5657345
71935,SPEEDWAY #1695,I-87 EXIT 23,Albany,NY,12,3.849000,,
71936,QUIKTRIP #7907,I-44 EXIT 1D,Wichita Falls,TX,770,2.859000,,
71937,KWIK TRIP #1173,CR-10,Waconia,MN,451,3.607333,,
71941,RACETRAC #2628,I-85 EXIT 62 & US-280,Opelika,AL,50,2.999000,,
71942,BYRNE DAIRY #135,I-81 & SR-481,Liverpool,NY,220,4.199000,,
71943,DK #11823,I-20 & FM-1768,Midland,TX,612,2.982333,,
71944,DK #13903,SR-108,Texarkana,AR,635,3.040667,,
71945,DK #13904,I-40 EXIT 233 & SR-261,Palestine,AR,695,3.015667,34.9719327,-90.9064974
71946,Allsups #102450,US-87,Eden,TX,739,3.179000,,
71947,PETRO USA,I-76 EXIT 2 & SR-3,Seville,OH,305,3.079000,,
71948,19 AND 75 FILLING STATION,US-75 & SR-19,Ivanhoe,MN,432,3.394000,,
71949,24 STORE SHELBY,SR-61,Shelby,OH,249,3.499000,,
71950,77/36 DUCHESS,I-77 & US-36,Newcomerstown,OH,542,3.299000,,
71951,7-ELEVEN #39448,I-81 & SR-682,Mount Crawford,VA,185,3.315667,,
71953,ALEX'S TRUCK STOP,US-61,Tunica,MS,435,3.299000,,
71957,B&M Quickstop,SR-8,Mineral Point,MO,540,3.699000,,
71958,BELL STORES,I-77 & CR-80,Dover,OH,249,3.399000,,
71960,BELL STORES #1159,US-30 & CR-144,Wooster,OH,249,3.659000,,
71961,BELL STORES #54,US-250 & SR-241,Mount Eaton,OH,249,3.499000,,
71962,BELLSTORES,SR-598,Galion,OH,315,3.499000,,
71965,CIRCLE K #2709989,US-167 & CR-405,Sheridan,AR,695,3.599000,,
71966,BLACK DIAMOND TRAVEL CENTER,I-26 & SR-173,Unicoi,TN,405,3.402333,,
71967,BLOC STOP TRAVEL CENTER,US-19 & SR-133,ALBANY,GA,10,3.799000,,
71968,BLONDIES FOOD AND FUEL,US-90 & SR-69,Grand Ridge,FL,20,3.590667,30.7194648,-85.0201630
71969,BORDERVIEW GROCERY,US-11 & CR-19,Champlain,NY,39,3.799000,44.4759481,-75.3147519
71970,BLUE BIRD 3 EXPRESS,"US-78, EXIT 1",Olive Branch,MS,435,3.199000,,
71971,BOUND BROOK BP,I-287 Exit 13B & SR-28,Bound Brook,NJ,202,3.249000,,
71972,BOWMAN,I-81 Exit 1,Williamsport,MD,22,3.832333,,
71973,SHEETZ #703,I-40 & US-70,Garner,NC,177,2.859000,,
71975,BP,I-81 & SR-177,Christiansburg,VA,185,3.799000,,
71976,Loves Travel Stop #828,"I-295, EXIT 33",Jacksonville,FL,75,3.282333,,
71977,BP,SR-47,Sugar Grove,IL,296,3.599000,,
71978,BP,I-29 & US-34,Pacific Junction,IA,319,3.399000,,
71979,KENT KWIK #219,SR-338,Odessa,TX,710,3.007333,,
71980,KENT KWIK #433,US-87,San Angelo,TX,739,3.132333,,
71981,SHEETZ #488,US-13 & US-264,Greenville,NC,205,2.899000,,
71982,MAVERIK COUNTRY STORE #665,SR-201,Magna,UT,835,3.399000,,
71983,MAVERIK COUNTRY STORE #702,I-80 Exit 59,Sidney,NE,475,3.112333,,
71984,BP,I-43 & SR-11,Elkhorn,WI,420,3.149000,,
71985,Brew #12,US-20 & SR-31,Correctionville,IA,527,3.559000,,
71988,C AND W GLOBAL,SR-429 & SR-438,Winter Garden,FL,140,3.074000,28.5547750,-81.6228837
71990,Allsups #2418,US-84,Snyder,TX,612,2.972333,,
71991,TA Express Fairview #943,US 36,Fairview,KS,570,3.299000,,
71992,7-ELEVEN #41263,US-13,Bridgeville,DE,243,3.399000,,
71994,7-ELEVEN #42058,SR-572,Lakeland,FL,225,3.482333,,
71995,Chevron,"I-40, EXIT 218 & US-285",Clines Corners,NM,593,3.415667,,
71996,BP,"I-43, EXIT 164 & CR-Z",Maribel,WI,360,3.249000,,
71997,7-ELEVEN #41287,SR-29,Immokalee,FL,64,3.679000,,
71999,7-ELEVEN #41813,"I-85, EXIT 60",Duncan,SC,46,3.099000,,
72000,7-ELEVEN #41309,US-41,Nokomis,FL,225,3.379000,,
72001,7-Eleven #41963,"I-65, EXIT 98",Goodlettsville,TN,460,3.049000,,
72003,7-ELEVEN #42012,"I-77, EXIT 24 & US-21",Blythewood,SC,210,3.109000,,
72004,7-ELEVEN #41578,US-13,Seaford,DE,243,3.359000,,
72006,CIRCLE K #4707123,SR-2,Canaan,ME,26,3.759000,,
72008,CASHS #4469,US-278 & US-63,Warren,AR,635,3.499000,33.6369616,-92.0631875
72009,CEFCO #1059,SR-274,Kemp,TX,641,2.909000,,
72011,CEFCO #107,US 190,Lampasas,TX,595,2.899000,,
72012,CEFCO #108,US-77,Waco,TX,765,2.992333,,
72013,CEFCO #1081,US-59,Queen City,TX,723,3.024000,,
72014,CEFCO #1086,US-259,Longview,TX,766,2.959000,,
72015,CEFCO #1096,US-82,Paris,TX,723,2.965667,,
72016,Cefco #11,US-84,Waco,TX,765,2.995667,,
72017,CEFCO #1102,SR-24 & SR-286,Paris,TX,723,2.965667,,
72018,CEFCO #2071,US-377 & FM-381,Early,TX,739,2.925667,,
72019,CEFCO #2081,US-84,Post,TX,700,2.942333,,
72020,CEFCO #2082,SR-206 & SR-36,Cross Plains,TX,575,3.159000,,
72021,CEFCO #30,US-77 & SR-320,Lott,TX,765,3.011000,,
72022,CEFCO #65,US-84 & FM-116,Gatesville,TX,765,2.965667,,
72024,CENEX,US-2,Stanley,ND,452,3.582333,,
72025,CENEX,US-2,Devils Lake,ND,355,3.240667,,
72026,CENEX,"I-94, EXIT 84 & SR-8",Richardton,ND,273,3.509000,47.0690119,-102.3351560
72028,CENEX,US-52 & SR-15,Fessenden,ND,390,3.531000,47.6314932,-99.6291621
72029,CENEX,SR-40,Tioga,ND,452,3.575667,,
72030,CENEX,I-90 & SR-51,Gillette,WY,822,3.489000,,
72031,CENEX HARWOOD,"I-29/US-81, EXIT 72",Harwood,ND,341,3.359000,,
72033,CHARLIE BS,SR-246,Greenwood,SC,30,2.987000,,
72034,CHARLIES MARKET,SR-172,Salt Lake City,UT,835,3.459000,,
72038,CHEVRON,I-55 & SR-570,McComb,MS,759,3.282333,,
72039,CHEVRON,SR-20 & SR-65,Hosford,FL,145,3.299000,30.3902223,-84.7981713
72041,CHEVRON,SR-20 & SR-71,Blountstown,FL,145,3.299000,,
72044,Maverik Country Store #709,I-40 Exit 163,Williams,AZ,930,3.219000,,
72045,MAVERIK COUNTRY STORE #710,US-6,Helper,UT,835,3.445667,,
72046,CHEVRON DBA ONE9 #1429,US-30 & US-95,Fruitland,ID,785,3.349000,,
72046,CHEVRON,US-30 & US-95,Fruitland,ID,785,3.392333,,
72054,CHEVRON,US-45,Guntown,MS,742,3.299000,,
72060,CHEVRON FOOD MART #20,US-45 & SR-16,Scooba,MS,705,3.199000,,
72063,CIRCLE K #2655785,US-301,Upper Marlboro,MD,60,3.999000,,
72066,CIRCLE K #2741094,SR-46,Seguin,TX,740,2.959000,,
72067,CIRCLE K #2741822,US-90 & FM-471,Castroville,TX,740,2.912333,29.3557180,-98.8714406
72071,7-Eleven #42182,Ashley Phosphate Rd & Cross Country Rd,North Charleston,SC,42,3.459000,32.9293016,-80.0729881
72072,PARKERS #92,SR 17,Guyton,GA,195,2.999000,,
72073,CIRCLE K #2723791,I-85 & SR-54,Graham,NC,65,3.609000,,
72074,CIRCLE K #2741566,US-84 & FM-2837,Woodway,TX,765,2.999000,,
72075,CITGO SAMS FOOD STORE,"US-5, Exit 87",Hartford,CT,100,3.499000,,
72077,COLDWATER TRAVEL CENTER,I-55 & SR-306,Coldwater,MS,435,3.099000,34.6997489,-89.9799872
72078,STRIPES #42150,"I-69C, Exit 9 & US-281",Edinburg,TX,598,3.005667,,
72080,Corner Store,US-180/62,Seminole,TX,710,3.129000,,
72081,STRIPES #2146,US-181 & SR-361,Ingleside,TX,625,3.299000,,
72082,COUNTRYMARK,SR-124,Bluffton,IN,370,3.765667,,
72083,DANDY DANS,US-49/SR-42,Hattiesburg,MS,620,3.065667,31.3464567,-89.3159613
72084,DANDY MINI MART #60,US-6 & SR-14,Troy,PA,31,3.999000,,
72086,DELT EXPRESS,SR-52,SAMSON,AL,127,3.699000,,
72087,DELTA,US-9,Jersey City,NJ,115,3.239000,,
72089,CASEYS #4567,SR-55,Columbia,KY,410,3.159000,,
72090,DOMINO #128,US-81 & SR-66,El Reno,OK,483,3.199000,36.0465956,-96.0783494
72091,DUCK THRU FOOD STORE #54,US-64,Columbia,NC,470,3.523000,,
72092,DUCK THRU FOOD STORE #57,SR-42/SR-43,Pinetops,NC,205,3.574000,,
72096,EXPRESS #29,SR-29,East Dublin,GA,85,3.632333,,
72097,EXPRESSWAY SERVICE STATION,US-287 & SR-25,Electra,TX,770,2.999000,,
72100,Exxon,"I-22/US-78, Exit 10 &  SR-178",Byhalia,MS,435,3.199000,,
72101,EXXON,US-24,Redford,MI,325,3.699000,,
72104,LOVES TRAVEL STOP #170,I-44 EXIT 166 & SR-18,CHANDLER,OK,483,3.087333,35.7109097,-96.8843188
72105,LOVES TRAVEL STOP #171,SR-375 & SR-31,McAlester,OK,560,3.437333,,
72106,Loves Country Store #118,US-77 & SR-29,Wynnewood,OK,569,2.989000,,
72108,FARMERS UNION OIL OF CARPIO,US-52 & SR-28,Carpio,ND,452,3.384000,,
72110,FAST STOP,US-84 & CR-1800,Lubbock,TX,700,2.999000,,
72111,FAST STOP,"I-40, Exit 81 & FM-1912",Amarillo,TX,585,2.944000,,
72112,Flyers #3219,US-60,Claypool,AZ,930,3.849000,,
72113,Food N Fuel,US-6 & CR-4,New Lenox,IL,296,3.399000,,
72113,Food N Fuel,US-6 & CR-4,New Lenox,IL,296,3.499000,,
72114,Gas  House,"I-77, Exit 49B",Statesville,NC,46,3.424000,,
72115,FRIENDSHIP FOOD & FUEL,SR-15 & CR-244,Ecru,MS,576,3.799000,,
72116,FRIENDSHIP FOOD MART #90,I-90 & SR-57,Elyria,OH,305,3.779000,,
72118,GAS N WASH,I-355 & SR-7,HOMER GLEN,IL,296,3.599000,,
72118,GAS N WASH,I-355 & SR-7,HOMER GLEN,IL,296,3.599000,,
72118,GAS N WASH,I-355 & SR-7,HOMER GLEN,IL,296,3.599000,,
72118,GAS N WASH,I-355 & SR-7,HOMER GLEN,IL,296,3.599000,,
72118,GAS N WASH,I-355 & SR-7,HOMER GLEN,IL,296,3.599000,,
72118,GAS N WASH,I-355 & SR-7,HOMER GLEN,IL,296,3.599000,,
72119,Gas N Wash Cicero,SR-50,Berwyn,IL,291,3.599000,,
72119,Gas N Wash Cicero,SR-50,Berwyn,IL,291,3.569000,,
72120,GAS PRO TRAVEL CENTER,US-301/25,Statesboro,GA,195,3.129000,,
72122,KWIK TRIP #1115,US-63 & US-8,Turtle Lake,WI,295,3.655667,,
72124,GET GO #3016,I-376 & SR-18,Monaca,PA,96,5.499000,40.6537069,-80.3505447
72125,GETGO #7520,I-65 & US-31,Edinburgh,IN,375,3.359000,,
72126,GETGO #7526,I-69 & SR-332,Yorktown,IN,457,3.343000,,
72128,GETGO #7545,I-65 & SR-400,Whitestown,IN,375,3.302333,,
72130,GILBERTS SHELL,SR-72 & CR-59,Gilberts,IL,290,3.279000,,
72132,GO TIME 4,I-64 Exit 94 & SR-1958,Winchester,KY,410,2.907333,,
72134,Gulf,US-422 & SR-528/168,Parkman,OH,573,3.649000,,
72136,HANA TRAVEL CENTER,"I-30, EXIT 153 & SR-185",Winfield,TX,723,3.079000,,
72139,HOLMES EXPRESS,US-78 & SR-175,Memphis,TN,435,3.399000,,
72142,CASEYS #3990,"I-90E, exit 96 and SR-17",Elkhart,IN,465,3.629000,,
72143,Caseys #4023,US 36 & US 183,Phillipsburg,KS,357,3.292333,,
72144,HUCKS FOOD & FUEL #397,US-68 & SR-432,Bowling Green,KY,487,3.499000,,
72145,JP ZEBULON,US-19,Zebulon,GA,67,3.135000,,
72146,HUTTER'S,SR-72,Jonestown,PA,70,3.719000,,
72148,IRON HORSE TRAVEL CENTER,I-20 EXIT 270 & FM-1235,Merkel,TX,575,2.875667,32.5182161,-99.9455102
72149,IVOR MART,US-460,Hopewell,VA,180,3.699000,,
72150,J AND R MARKET,SR-105 & SR-326,Sour Lake,TX,610,3.159000,30.1398793,-94.4034378
72153,Jet Food Store,SR-15 & SR-46,Soperton,GA,85,3.415667,32.3800948,-82.5928794
72154,JET FOOD STORE #93,US-280 & SR-135,Vidalia,GA,195,3.432333,,
72155,JIFFY TRIP #142,US-77,Newkirk,OK,500,3.059000,,
72156,JORDANS KWIK STOP #5,US-412,Portia,AR,418,3.375667,,
72157,JORDANS KWIK STOP #52,US-67 & SR-304,Pocahontas,AR,418,3.312333,,
72160,KENJO MARKET #52,US-321,Maryville,TN,405,3.249000,,
72162,Krazy K's,US-45,Buckatunna,MS,620,3.149000,,
72163,KWIK FILL,US-206,Hillsborough,NJ,115,3.399000,,
72170,STRIPES # 41977,"I-2, EXIT 168",La Feria,TX,639,3.219000,,
72171,LAWTEY SHELL SERVICE,US-301,Lawtey,FL,75,3.599000,,
72175,ALLSUPS #2410,"I-35/US-77, EXIT 368 & SR-22",Whitney,TX,765,2.965667,,
72180,LITTLEFIELD EXPRESS #4,I-40 Exit 321,Muldrow,OK,645,3.419000,,
72181,LITTLEFIELD EXPRESS #7,US-167,Cave City,AR,418,3.349000,,
72182,LULING MINI MART,I-10 Exit 628 & SR-80,Luling,TX,595,2.965667,,
72184,MACS 33,US-49,Florence,MS,620,2.899000,,
72185,Circle K #2709332,US-231/SR-53,Montgomery,AL,720,3.259000,,
72188,MARATHON,US-61 & SR-637,Reserve,LA,623,3.749000,,
72189,MARATHON,I-75 & CR-20,Middletown,OH,317,3.215667,,
72190,Minuteman Food Mart #37,US-74,Leland,NC,245,3.389000,,
72191,MARATHON RIVERSIDE GAS,I-80 & CR-6,Elkhart,IN,465,3.499000,,
72192,MASSEY FUEL,"I-95, EXIT 30",Bridgeport,CT,100,3.399000,,
72193,MERRIMAN COUNTRY STORE,SR-1 & CR-3700,Allen,OK,569,3.099000,,
72194,Mobil,I-57,Riverdale,IL,365,3.699000,,
72195,MOBIL,US-46,Columbia,NJ,90,3.079000,,
72196,MORGAN OIL,US-224 & CR-231,Lowellville,OH,573,3.399000,,
72197,MOTOMART #3369,SR-370 E,Saint Charles,MO,540,3.042333,,
72199,MPC #99A,I-270 Exit 22B,Hazelwood,MO,540,3.059000,,
72199,ZX,I-270 Exit 22B,Hazelwood,MO,540,3.059000,,
72200,Swift Mart,I-55/SR-7 & US-51,Grenada,MS,655,3.365667,,
72201,MUDD CREEK COUNTRY STORE,US-79,Franklin,TX,670,3.194000,,
72202,MUSTANG MARKET,I-80 Exit 73,Sparks,NV,966,4.199000,,
72205,NIC'S,SR-97,Bainbridge,GA,20,3.379000,,
72206,NORTHLAKE BP,I-294 & US-45,Melrose Park,IL,290,3.699000,,
72206,NORTHLAKE BP,I-294 & US-45,Melrose Park,IL,290,3.599000,,
72207,NZT,I-294,Alsip,IL,365,3.389000,,
72207,NZT,I-294,Alsip,IL,365,3.589000,,
72210,CITGO,US-70,Princeton,NC,205,3.699000,,
72212,PARKERS #72,US-52 & SR- 402,Moncks Corner,SC,42,3.255667,,
72213,PETRO-CANADA,Hwy 89 & Hwy 400,Cookstown,ON,720,4.099338,,
72213,PETRO-CANADA,Hwy 89 & Hwy 400,Cookstown,ON,720,3.813254,,
72213,PETRO-CANADA,Hwy 89 & Hwy 400,Cookstown,ON,720,3.728868,,
72213,PETRO-CANADA,Hwy 89 & Hwy 400,Cookstown,ON,720,4.006466,,
72213,PETRO-CANADA,Hwy 89 & Hwy 400,Cookstown,ON,720,3.848755,,
72213,PETRO-CANADA,Hwy 89 & Hwy 400,Cookstown,ON,720,3.981552,,
72215,PIT STOP #1,SR-31 & SR-34,Weedsport,NY,220,3.899000,43.0555324,-76.5580746
72216,Pit Stop #14,US-20/US-16,Worland,WY,836,3.829000,,
72217,PIEDMONT PETROLEUM,US-501,Lynchburg,VA,185,3.459000,,
72219,QUICK FILL,US-78/SR-4,Eastaboga,AL,587,3.099000,,
72222,RAINY LAKE OIL,CR-332 & CR-24,International Falls,MN,334,3.379000,48.5692328,-93.3859256
72224,RAYMOND TRUCK STOP,US-1/US-9,Newark,NJ,115,3.259000,,
72225,SHEETZ #144,US-220 & SR-55,Moorefield,WV,60,3.289000,,
72226,REBEL GAS MART,SR-7,Oxford,MS,435,3.049000,,
72227,RED BANKS VALERO,I-22 & SR-178,Red Banks,MS,435,2.999000,,
72228,REFUEL #1043,US-15,Sumter,SC,42,3.095667,,
72229,REFUEL #1047,US-521,Sumter,SC,42,3.005667,,
72230,REFUEL #1116,US-64,Apex,NC,177,3.799000,,
72231,RENO JUNCTION TRAVEL PLAZA,SR-59 & SR-387,Wright,WY,822,3.509000,,
72232,RICKY ROCKETS FUEL,I-294 & US-12,HICKORY HILLS,IL,291,3.999000,,
72232,RICKY ROCKETS FUEL,I-294 & US-12,HICKORY HILLS,IL,291,3.899000,,
72233,ROAD RANGER #284,I-27 & FM-1729,New Deal,TX,700,2.985667,,
72235,ROC ONE STOP #1,SR-34,Galatia,IL,473,3.559000,,
72236,ROYAL FARMS #108,US-13,Cape Charles,VA,130,3.472333,,
72237,ROYAL FARMS #135,SR-404 & SR-16,Denton,MD,194,3.339000,,
72238,ROYAL FARMS #169,I-895 & US-40,Baltimore,MD,22,3.259000,,
72239,ROYAL FARMS #171,US-13 & SR-24,Laurel,DE,194,3.259000,,
72240,ROYAL FARMS #191,I-83 Exit 20A,Hunt Valley,MD,22,4.199000,,
72241,ROYAL FARMS #242,I-95 Exit 27,Philadelphia,PA,160,3.799000,,
72242,ROYAL FARMS #311,SR-7 & SR-43,Nottingham,MD,22,3.269000,,
72243,Racetrac #2611,"I-65, EXIT 116",Shepherdsville,KY,415,2.959000,,
72247,SEVEN MART,I-20 & SR-17,Delhi,LA,719,3.199000,,
72248,SHELBY EXPRESS,SR-175,Memphis,TN,435,3.699000,,
72250,RACEWAY #6854,US-278 & SR-113,Rockmart,GA,18,3.172333,,
72251,SHELL,I-94 & US-12,Detroit,MI,325,3.699000,,
72251,SHELL,I-94 & US-12,Detroit,MI,325,3.899000,,
72256,SHELL,US-1,Warren,ME,203,3.999000,,
72257,DUCK THRU #55,US-13BYP & SR-308,Windsor,NC,205,3.239000,,
72259,SHELL,SR-72 & SR-25,Dundee,IL,293,3.279000,,
72260,Duck Thru #58,US-13 & CR-677,Suffolk,VA,130,3.449000,,
72261,SHELL,US-45 & CR-520,Shannon,MS,742,3.199000,,
72262,7-ELEVEN #38855,"I-95, exit 58",Colonial Heights,VA,180,3.509000,,
72263,SPARTAN FUELS,US-80 & SR-22,Columbus,GA,50,3.309000,,
72264,CIRCLE K #2654249,SR 24 & SR 286,Paris,TX,723,2.959000,,
72266,SHELL SERVICE STATION,I-65 Exit 14 & US-64,Pulaski,TN,655,3.209000,,
72267,SHELL SERVICE STATION,I-90 Exit 52,Elgin,IL,290,3.279000,,
72268,SHORT STOP,US-67/283,Santa Anna,TX,575,3.499000,31.7420396,-99.3117443
72273,SPINX #341,SR-41,Charleston,SC,42,3.332333,,
72274,SPINX #366,SR-642,Summerville,SC,42,3.279000,,
72276,STAR 001,US-20 & SR-23,SOUTH BEND,IN,465,3.732333,,
72277,STOP N GAS,SR-15 & SR-39,Yorkshire,NY,38,4.099000,,
72278,SUN DO,I-74 Exit 197,Maxton,NC,63,3.439000,,
72279,AMOCO,US-30,Clarence,IA,380,3.399000,,
72281,SUNOCO,I-95 Exit 77B & SR-24,Edgewood,MD,22,3.299000,,
72282,SUNOCO,I-278 Exit 48,Bronx,NY,105,4.539000,,
72285,CUSSETA TRAVEL CENTER,SR 520,Cusseta,GA,50,3.199000,,
72287,CASEY'S #4522,US-81,Hennessey,OK,483,3.059000,,
72288,S&G #88,I-475 Exit 13 & US-20,Toledo,OH,550,3.009000,,
72289,SUNOCO,SR-12 & FM-1136,Orange,TX,610,2.899000,30.1929607,-93.8959989
72290,SUNSTOP,US-19,Thomasville,GA,20,3.282333,,
72291,Union 76,US-129,Mc Alpin,FL,75,3.659000,,
72292,SUNSTOP #336,SR-121 & CR-18,Lake Butler,FL,75,3.592333,29.9463964,-82.4248000
72293,SUNSTOP INLAND DBA ONE9 #1402,I-10 & SR-71,Marianna,FL,20,3.299000,30.9463142,-85.1632337
72293,ONE9 #1402,I-10 & SR-71,Marianna,FL,20,3.299000,30.9463142,-85.1632337
72294,SWANTON SUNOCO,I-89 & SR-78,Swanton,VT,39,3.539000,,
72295,SWIFT,US-69,Nederland,TX,610,2.985667,,
72296,SWIFT STOP #5,US-84 & US-380,Post,TX,700,2.943000,,
72297,T & M FOOD STORE,SR-113,Taylorsville,GA,193,3.367000,,
72298,TARZAN AND JANE,I-20 & SR-137,Stanton,TX,612,3.299000,,
72302,TEXACO,SR-114 & SR-156,Pennington,AL,705,3.197333,,
72303,TEXACO #378602,I-59 Exit 85 & SR-590,Ellisville,MS,620,3.199000,31.5909849,-89.1906027
72305,THE ANCHOR,US-60 & CR-3500,Mountain View,MO,535,3.032333,37.0009192,-91.6828000
72308,Racetrac #2609,SR-60,Okeechobee,FL,140,3.299000,,
72309,Racetrac #2608,"I-59, EXIT 181 & SR-77",Gadsden,AL,587,2.999000,,
72310,RACETRAC #2387,US-19,Hudson,FL,225,3.315667,,
72313,THOMPSON'S CORNER,US-25,Millen,GA,135,3.315667,,
72314,THORNTONS #0333,SR-59 & SR-56,Warrenville,IL,346,3.549000,,
72314,THORNTONS #0333,SR-59 & SR-56,Warrenville,IL,346,3.599000,,
72315,THORNTONS #221343,US-14 & SR-31,Crystal Lake,IL,293,3.499000,,
72315,THORNTONS #221343,US-14 & SR-31,Crystal Lake,IL,293,3.449000,,
72316,THORNTONS #221344,SR-120,Mchenry,IL,297,3.699000,,
72316,THORNTONS #221344,SR-120,Mchenry,IL,297,3.649000,,
72317,THORNTONS #261169,SR-1747 & SR-2052,Louisville,KY,415,3.280667,,
72318,THORNTONS #330,I-55 & SR-50,Cicero,IL,290,3.549000,,
72318,THORNTONS #330,I-55 & SR-50,Cicero,IL,290,3.599000,,
72319,THORNTONS #5,I-55 & SR-50,Cicero,IL,290,3.599000,,
72319,THORNTONS #5,I-55 & SR-50,Cicero,IL,290,3.649000,,
72320,THORNTONS #616,SR-265,Lebanon,TN,460,2.875667,,
72321,Thorntons #617,I-24 Exit 64,La Vergne,TN,460,2.882333,,
72324,TREE CITY TRAVEL PLAZA,US-421,Greensburg,IN,375,3.989000,,
72325,TREX MART #17,I-29 & SR-371,Platte City,MO,400,2.999000,,
72326,CIRCLE K #4700101,I-65 Exit 50,Seymour,IN,375,3.499000,,
72328,Tropic Fleet Hialeah Cardlock,SR-953 & SR-934,Miami,FL,95,3.479000,,
72329,TROTTERS,SR-2,Broken Bow,NE,475,3.299000,,
72330,TRUE NORTH #325,SR-57 & SR-113,Elyria,OH,414,3.679000,,
72331,TUPELO TRAVEL STOP,SR-48 & SR-3,Tupelo,OK,569,2.999000,,
72332,TXB #82 DBA KWIK CHEK FOOD STORES,US-83,Asherton,TX,693,3.259000,,
72333,UNITED MARKET,US-84,Blackshear,GA,75,3.765667,,
72335,VALERO,US-30 & SR-598,Galion,OH,411,3.499000,,
72337,VALLEY COUNTRY STORE,I-84 & US-93,Jerome,ID,787,3.432333,,
72338,VALLEY MART #05,US-90 & SR-173,Hondo,TX,740,3.199000,,
72339,VP RACING FUEL,US-231,Panama City,FL,145,3.499000,,
72340,WARREN OIL,US-6,Channahon,IL,399,3.779000,,
72340,WARREN OIL,US-6,Channahon,IL,399,3.629000,,
72342,WHITE RIVER,US-231 & SR-58,Bloomfield,IN,546,3.759000,,
72343,WOLF DEN,US-97,Wapato,WA,925,3.409000,,
72344,WOW FOOD MART,I-75 & US-25,Richmond,KY,410,3.609000,,
72345,YAKAMART,US-97,Toppenish,WA,925,3.509000,,
72346,Y-NOT STOP,US-165 & SR-10,Oakdale,LA,730,3.699000,,
72347,MARATHON,I-94 Exit 121,Albion,MI,431,3.699000,,
72348,7-ELEVEN #34718,"I-294, EXIT 25",Hinsdale,IL,290,3.719000,,
72348,7-ELEVEN #34718,"I-294, EXIT 25",Hinsdale,IL,290,3.739000,,
72348,7-ELEVEN #34718,"I-294, EXIT 25",Hinsdale,IL,290,3.839000,,
72349,7-ELEVEN #34713,"I-90, EXIT 24",Belvidere,IL,290,3.739000,,
72349,7-ELEVEN #34713,"I-90, EXIT 24",Belvidere,IL,290,3.659000,,
72349,7-ELEVEN #34713,"I-90, EXIT 24",Belvidere,IL,290,3.879000,,
72350,7-ELEVEN #34709,504 N CREGO RD,Dekalb,IL,290,4.439000,,
72351,LOVES TRAVEL STOP #874,"I-65, EXIT 175 & SR-25",Lafayette,IN,365,3.672333,40.3894902,-86.9068250
72352,LOVES TRAVEL STOP #858,"I-49, EXIT 172 & US-84",Mansfield,LA,745,3.245667,32.0732819,-93.5200378
72360,PUMP & PANTRY #22,SR-91 & SR-11,Burwell,NE,330,3.299000,,
72361,PUMP & PANTRY #39,I-80 Exit 179 & SR-56G,North Platte,NE,330,3.115667,,
72362,PUMP & PANTRY #18,US-281 & CR-11,Doniphan,NE,330,3.307333,40.7710010,-98.3784109
72363,PUMP & PANTRY #1,US-30,Grand Island,NE,330,3.307333,,
72368,CHEVRON #352416,I-8 Exit 73,Jacumba,CA,900,6.399000,,
72372,Eastland Truck Stop,I-20 Exit 340 & SR-6,Eastland,TX,575,2.932333,,
72373,Rusty Lantern,SR-4,Turner,ME,170,3.899000,,
72374,Rusty Lantern,SR-26 & SR-219,West Paris,ME,170,3.965667,,
72376,SUNOCO,US 84 & SR 39,Donalsonville,GA,20,3.499000,,
72378,EB SUNOCO,SR-3 & SR-28,Muncie,IN,457,3.799000,,
72380,EXXPRESS MART #12,US-287 & SR-421,Lumberton,TX,610,2.959000,30.2332611,-94.2223634
72382,EXXPRESS MART #4,SR-105,Beaumont,TX,610,3.199000,,
72385,GAS N WASH,I-57 & SR-17,Kankakee,IL,399,3.599000,41.1205526,-87.8655799
72387,Williams Fuel Stop,SR-7 & SR-735,Gallipolis,OH,255,3.540667,,
72389,PILOT #1354,US 385,Odessa,TX,710,3.565667,,
72390,QUIKTRIP #46,US 169 & SR 266,Tulsa,OK,560,3.142333,,
72391,QUIKTRIP #56,US-169 & SR-11,Tulsa,OK,560,3.142333,,
72394,LOVES TRAVEL STOP #871,"I-85, Exit 32",Piedmont,SC,30,3.197333,,
72395,ALLSUPS #2427,US 84,Gatesville,TX,765,3.007333,,
72396,RACETRAC #2624,US-1,Marathon,FL,95,3.235667,,
72400,HAN DEE HUGOS #21,US-17 & SR-87,Winnabow,NC,245,3.412333,,
72402,HAN DEE HUGOS #5,SR-410 & SR-211,Bladenboro,NC,63,3.205667,,
72403,HAN DEE HUGOS #67,US-70,Raleigh,NC,177,3.999000,,
72408,JOURNEY FOOD STORE #2,US-301,Callahan,FL,75,3.399000,,
72410,KELLEYS MARKET,I-90 Exit 15 & US-20 BUS,Rockford,IL,520,3.119000,42.2741786,-88.9408184
72410,KELLEYS MARKET,I-90 Exit 15 & US-20 BUS,Rockford,IL,520,2.969000,42.2741786,-88.9408184
72412,KELLEYS MARKET,US-20,Cherry Valley,IL,520,3.699000,,
72413,TROPIC OIL COMPANY,SR-17,Lake Wales,FL,140,3.499000,,
72418,SHELL,SR-953,Miami,FL,95,3.479000,,
72419,Denver 39th Ave Cardlock,I-70/US-36 EXIT-281,Denver,CO,800,3.490667,,
72420,MAVERIK COUNTRY STORE #620,SR-8,Saint George,UT,791,3.462333,,
72424,MIDDLESEX FOOD STORE,CR-604,Carteret,NJ,79,3.515667,,
72425,MINUTEMAN FOOD MART #18,SR-87,Tar Heel,NC,63,4.619000,,
72428,QUIKTRIP #7249,US 80 E,Flowood,MS,705,2.915667,,
72429,PARKERS #16 (DISCOUNT AVAILABLE),SR-21,Port Wentworth,GA,195,3.105667,,
72430,PATRIOT FUELING CENTER,SR-9,Lineville,AL,587,3.299000,,
72432,Yesway #1203,SR-6,Clifton,TX,765,2.969000,,
72433,RENFROE STORE,SR-25,Carthage,MS,705,4.099000,,
72435,Cedar City Cardlock (Bulk Plant),"I-15, EXIT 59",Cedar City,UT,791,3.459000,,
72436,Ricky Rockets,SR-390 &SR-53,Itasca,IL,297,3.559000,,
72436,Ricky Rockets,SR-390 &SR-53,Itasca,IL,297,3.399000,,
72436,Ricky Rockets,SR-390 &SR-53,Itasca,IL,297,3.499000,,
72436,Ricky Rockets,SR-390 &SR-53,Itasca,IL,297,3.579000,,
72437,Tropic Oil,US-191,Moab,UT,810,4.169000,,
72438,QUIKTRIP #7208,I-290 EXIT 18A,Bellwood,IL,290,3.079000,,
72438,QUIKTRIP #7208,I-290 EXIT 18A,Bellwood,IL,290,3.249000,,
72438,QUIKTRIP #7208,I-290 EXIT 18A,Bellwood,IL,290,3.199000,,
72438,QUIKTRIP #7208,I-290 EXIT 18A,Bellwood,IL,290,3.279000,,
72438,QUIKTRIP #7208,I-290 EXIT 18A,Bellwood,IL,290,3.099000,,
72440,Rutters #84,US-15 & SR-340,Emmitsburg,MD,22,3.915667,,
72441,SHEETZ #165,US-6,Coudersport,PA,240,3.699000,,
72442,SHEETZ #239,I-70 Exit 57,New Stanton,PA,68,3.285667,,
72443,SHEETZ #553,I-81 Exit 3,Greencastle,PA,70,3.332333,,
72444,SHEETZ #597,I-40 Exit 126,Hickory,NC,46,2.859000,,
72445,SHEETZ #639,I-80 Exit 223,Youngstown,OH,573,3.059000,,
72446,SHEETZ #656,US-219 & US-6,Kane,PA,240,3.699000,41.7083317,-78.6940111
72447,SHEETZ #689,I-64 EXIT 197A  & SR-156,Henrico,VA,180,2.949000,,
72448,SHELL SERVICE STATION,SR-55,Morrison,TN,285,3.499000,,
72456,SPINX #161,I-85 Exit 60 & SR-101,Greer,SC,210,3.159000,,
72458,7-ELEVEN #41335,SR-80 & SR-29,Labelle,FL,225,3.599000,26.7618543,-81.4376158
72459,7-ELEVEN #34154,I-75 Exit 128,Fort Myers,FL,225,3.299000,,
72462,Story Belgrade Cardlock,"I-90, EXIT 298",Belgrade,MT,786,3.699000,,
72466,Holbrook Cardlock,I-40 EXIT 285,Holbrook,AZ,930,3.232333,,
72467,SUNOCO SERVICE STATION,I-81 Exit 44 & SR-465,Carlisle,PA,70,3.889000,,
72468,Springerville Cardlock,US-191,Springerville,AZ,930,3.259000,,
72471,THORNTONS #221335,I-55 Exit 263,Bolingbrook,IL,296,3.699000,,
72471,THORNTONS #221335,I-55 Exit 263,Bolingbrook,IL,296,3.649000,,
72473,Loves Travel Stop #885,US 77,Harlingen,TX,665,3.649000,,
72475,Express 24,SR-77 & US-60,Show Low,AZ,930,3.299000,,
72476,Mandan Cardlock (Bulk Plant),"I-94, EXIT 153",Mandan,ND,273,3.599000,,
72477,Racetrac #2618,US-231 & CR-8,Huntsville,AL,615,2.950667,32.8252618,-86.2251748
72478,Racetrac #2621,SR-53,Huntsville,AL,615,3.099000,,
72479,CEFCO #2086,US 180 & 84,Snyder,TX,700,2.965667,,
72480,TA Mt Vernon,I-44,Mount Vernon,MO,535,3.404000,,
72481,CASEYS #4323,SR-57 & SR-60,Wanamingo,MN,451,3.499000,44.2978571,-92.7907710
72482,RUTTERS FARM STORE #80,SR 61,Orwigsburg,PA,208,3.859000,,
72483,Circle K #4700047,I-65 Exit 34A,Austin,IN,415,3.799000,,
72485,ALLSUPS CONVENIENCE STORE #2160,US 70,Roswell,NM,593,3.255667,,
72486,QUIKTRIP #4216,"I-70 & SR-79, EXIT 304",Bennett,CO,800,3.199000,,
72487,PILOT #1380,I-2 EXIT 161,Mercedes,TX,639,3.659000,,
72488,MAVERIK COUNTRY STORE #657,I-15 Exit 10,Washington,UT,910,3.425667,,
72489,CASEYS #3987,LINCOLN HWY,Wanatah,IN,465,3.715667,,
72490,ASAP GENERAL STORE #322,US-281,Hinton,OK,483,3.132333,,
72492,CIRCLE K #2709098,US 85,Greeley,CO,800,3.210667,,
72493,Chiricahua Apache Plaza,I-10 EXIT 102,Deming,NM,640,3.037333,,
72494,7-ELEVEN #42132,"I-35, EXIT 131",Lytle,TX,740,3.599000,,
72495,ROAD RANGER #286,1-40 EXIT 77,Amarillo,TX,585,2.972333,,
72496,ROAD RANGER #289,I-45 EXIT 189,Teague,TX,765,3.395667,,
72497,ROAD RANGER #290,"I-44, Exit 13",Joplin,MO,277,3.212333,,
72498,SHEETZ  #760,"I-71, EXIT 140 Township Rd 256",Marengo,OH,315,3.065667,,
72499,Bowie Travel Center,I-10,Bowie,AZ,980,3.099000,,
72499,One9 dba Bowie Travel Center,I-10,Bowie,AZ,980,3.059000,,
72499,Bowie Travel Center Chevron dba One9 #1411,I-10,Bowie,AZ,980,3.014000,,
72500,GAS N WASH,US 34,Plano,IL,290,3.499000,,
72500,GAS N WASH,US 34,Plano,IL,290,3.599000,,
72501,QUIKTRIP #7203,"I-80, EXIT 75 &SR-251",Peru,IL,520,2.969000,,
72501,QUIKTRIP #7203,"I-80, EXIT 75 &SR-251",Peru,IL,520,3.249000,,
72501,QUIKTRIP #7203,"I-80, EXIT 75 &SR-251",Peru,IL,520,2.999000,,
72501,QUIKTRIP #7203,"I-80, EXIT 75 &SR-251",Peru,IL,520,3.099000,,
72501,QUIKTRIP #7203,"I-80, EXIT 75 &SR-251",Peru,IL,520,3.159000,,
72502,QUIKTRIP #7133,"I-95, EXIT 190 & SR-34",Dillon,SC,63,3.082333,,
72503,QUIKTRIP #7151,I-55/40 EXIT 278 & SR-191,West Memphis,AR,435,2.999000,,
72505,CASEYS #4379,I-59 HWY,Worthington,MN,530,3.142333,,
72506,CASEYS #4273,SR-56,Madison,IN,375,3.699000,,
72507,Golden Gate Fillmore,SR 99,Fillmore,UT,791,3.297333,,
72510,STUCK FLEET FUELING,US-19,Waynesburg,PA,165,4.499000,,
72514,Petro-Card 24 #910722,SR-6,Trenton,MO,276,3.149000,,
72515,PETRO-CARD 24 #910520,US-54BUS,Mexico,MO,310,3.229000,,
72519,CIRCLE K #2723050,SR-59,Hope Mills,NC,205,2.909000,,
72520,PETRO-CARD 24 #910160,US-50,Warrensburg,MO,400,3.299000,,
72521,PETRO-CARD 24 #910410,I-44/US-66,Lebanon,MO,535,3.099000,,
72522,MFA #910591,US-63,La Plata,MO,494,3.339000,,
72523,Petro-Card 24 #910820,US-60BUS,Willow Springs,MO,535,3.399000,,
72524,QuickChek #189,US-46,Ridgefield,NJ,115,3.252333,,
72526,PETRO-CARD 24 #911251,US-169,King City,MO,567,3.299000,,
72528,MFA #910260,SR-87/240,Glasgow,MO,310,3.396500,39.2145149,-92.8388368
72529,PETRO-CARD 24 #910530,US-24,Moberly,MO,310,3.419000,,
72530,PETRO-CARD 24 #910140,US-50 BUS,California,MO,392,3.459000,,
72531,PETRO-CARD 24 #910040,US-60 BUS,Aurora,MO,416,3.209000,,
72533,Fuel 4,US-9,Jersey City,NJ,115,3.239000,,
72534,Petro-Card 24 #911290,US-59,Mound City,MO,567,3.149000,,
72535,MFA #911310,SR-5,Centerville,IA,489,3.125667,,
72536,MFA 910281,SR-5,Milan,MO,276,3.299000,,
72537,PETRO-CARD 24 #910210,SR-7,Clinton,MO,400,3.399000,,
72538,Petro-Card 24 #910670,SR-51,Qulin,MO,275,3.199000,,
72540,MFA #910441,US-54,Louisiana,MO,494,3.049000,,
72541,MFA 911021,US-136,Tarkio,MO,567,3.329000,,
72542,MFA #910731,SR-15,Shelbina,MO,494,2.999000,,
72543,PETRO CARD 24,SR-18,Clinton,MO,400,3.399000,,
72544,BJS NEW UNDERWOOD,CR-1416,New Underwood,SD,506,3.699000,,
72546,MFA OIL #2028,SR-53,Poplar Bluff,MO,275,3.232333,,
72548,GASQUATCH,US-70/SR-3,Idabel,OK,723,3.107333,,
72550,TERRIBLE HERBST #388,I-15 Exit 91,Moapa,NV,910,3.549000,,
72551,Good 2 Go,US-81,Geneva,NE,350,3.365667,,
72552,VALLEYWIDE COUNTRY STORE,I- 86 Exit 40,American Falls,ID,787,3.599000,,
72553,Friendly Express,I-71 Exit 186 & US-250,Ashland,OH,249,3.199000,,
72554,CEFCO #422,SR-4,Baker,FL,127,3.299000,,
72556,STARMART,US-183,Goldthwaite,TX,765,3.099000,,
72557,LITTLE NECK SHELL,I-16 Exit 152,Bloomingdale,GA,195,3.099000,,
72558,Circle K #4703975,SR-109 & US-70,Lebanon,TN,460,2.872333,36.2079828,-86.2906035
72559,SUN TRAVEL CENTER,I-55 EXIT 114A,Canton,MS,760,3.499000,,
72560,AMOCO,US 131 & US 12,White Pigeon,MI,465,3.559000,41.7971081,-85.6625123
72560,AMOCO,US 131 & US 12,White Pigeon,MI,465,3.599000,41.7971081,-85.6625123
72561,7-ELEVEN #38638,I-25 Exit 235,Erie,CO,800,3.399000,,
72562,7-ELEVEN #17703,US HWY 11,Martinsburg,WV,70,3.249000,,
72563,RACEWAY #6991,I-65 Exit 19 & US-43,Creola,AL,715,2.949000,,
72565,WEIGEL'S #102,I-75 & SR-30,Athens,TN,405,3.347333,,
72566,Loves  Travel Stop #826,I-70 Exit 75,Parachute,CO,800,3.595667,,
72567,THE TEXAN #12,US 87,La Vernia,TX,740,3.049000,,
72569,RACETRAC #204,US-19 & SR-400,Dawsonville,GA,18,3.319000,,
72570,Lake View Cheese & Liquor,I-43,Belgium,WI,444,3.255667,,
72571,MAVERIK #719,I-82 EXIT 33,Yakima,WA,962,3.909000,,
72571,MAVERIK #719,I-82 EXIT 33,Yakima,WA,962,3.899000,,
72571,MAVERIK #719,I-82 EXIT 33,Yakima,WA,962,3.929000,,
72572,GOOD 2 GO #713/ONE9 #1432,I-76 EXIT 21,Brighton,CO,800,3.269000,,
72572,GOOD 2 GO #713 DBA ONE9 #1432,I-76 EXIT 21,Brighton,CO,800,3.199000,,
72574,Loves Travel Stop #831,"I-10 & Fort Grant Rd, Exit 340",Willcox,AZ,980,3.332333,,
72575,Loves Travel Stop #864,US-98,Lucedale,MS,715,3.449000,,
72576,Pride Travel Center South,"I-291 & SR-5, EXIT 4",South Windsor,CT,100,3.909000,,
72577,QUIKTRIP #7205,"I-80, EXIT 161",Lansing,IL,365,3.079000,,
72577,QUIKTRIP #7205,"I-80, EXIT 161",Lansing,IL,365,3.249000,,
72577,QUIKTRIP #7205,"I-80, EXIT 161",Lansing,IL,365,3.179000,,
72578,QUIKTRIP #7247,"I-55, EXIT 85",Byram,MS,760,2.915667,,
72579,Raceway #6986,US-378 & CR-467,Sumter,SC,135,2.979000,,
72580,KWIK TRIP #1267,SR 29,Chippewa Falls,WI,295,3.392333,,
72581,FASTRAC MARKET #500266,I-87 Exit 18,Queensbury,NY,12,3.999000,,
72582,FASTRAC MARKET #500242,SR-12 & SR-5A,Utica,NY,235,3.999000,,
72582,FASTRAC MARKET #500242,SR-12 & SR-5A,Utica,NY,235,3.899000,,
72583,SHEETZ #769,I-80 Exit 232,Bloomsburg,PA,138,3.329000,,
72584,ONE9 #1359,"I-80, EXIT 30",Sparks,NV,966,3.549000,,
72585,GAS N WASH GREEN OAKS,"I-94, EXIT 16",Libertyville,IL,290,3.559000,,
72585,GAS N WASH GREEN OAKS,"I-94, EXIT 16",Libertyville,IL,290,3.599000,,
72586,Loves Travel Stop #875,"I-49, Exit 15",Opelousas,LA,730,3.085667,,
72587,Allsups Convenience #2416,I-20 EXIT 244 AND HWY 70,Sweetwater,TX,575,2.884000,,
72588,ALLSUPS CONVENIENCE #2430,US 380,Jacksboro,TX,630,3.044000,,
72589,ALLSUPS CONVENIENCE #2056,US 287,Memphis,TX,585,2.929000,,
72590,MAVERIK #716,I-80 & SR-351,Wells,NV,835,3.392333,,
72591,Quiktrip #7173,"I-20, EXIT 156",Pell City,AL,587,2.999000,,
72592,QUIKTRIP #7191,US-45 & I-57,Effingham,IL,510,3.199000,,
72592,QUIKTRIP #7191,US-45 & I-57,Effingham,IL,510,2.999000,,
72594,Quiktrip #7900,I-30 & FM-989,Texarkana,TX,766,2.857333,,
72595,CIRCLE K #2654400,SR-115,Kearneysville,WV,22,3.265667,,
72596,Hucks Food & Fuel #401 dba Pilot #1360,"I-69, EXIT 25",Mayfield,KY,490,3.599000,,
72597,CIRCLE K #4705697,US 422,Warren,OH,573,3.612333,,
72599,FATDOGS LEXINGTON,US-283,Lexington,NE,475,2.979000,,
72603,THORNTONS #170,I-465 Exit 46 & US-40,Indianapolis,IN,375,3.599000,,
72606,PETRO-CARD 24 #910474,US-65,Malta Bend,MO,276,3.439000,,
72607,TOWN PUMP FOOD STORE #6300,I-90 & US-191,Big Timber,MT,786,3.539000,45.8454811,-109.9390256
72608,Petro-Card 24 #910640,US-61,Perryville,MO,275,3.099000,,
72610,JORDANS KWIK STOP #6,I-55 Exit 48 & SR-140,Osceola,AR,418,3.012333,,
72611,Kwik Trip # 1722,SR 35 & SR 553,Gwinn,MI,395,3.819000,,
72612,PETRO-CARD 24 #910411,I-44 & SR-32,Lebanon,MO,535,3.099000,,
72614,FAST FUEL FOOD STORES,SR-4,Gassaway,WV,44,3.565667,,
72615,U STOP #4,US-6,Lincoln,NE,413,3.399000,,
72616,PETRO-CARD 24 #910700,SR-32,Sainte Genevieve,MO,275,3.099000,,
72619,MARTYVILLE MARATHON,SR-25,Tishomingo,MS,742,3.279000,,
72620,CENEX,US-2,Leeds,ND,452,3.249000,,
72621,PETRO-CARD 24 #1047,SR-240,Slater,MO,276,3.459000,,
72622,Phillips 66,US- 60 & HWY AD,Dexter,MO,275,3.402333,,
72623,LENNYS FOOD N FUEL,US-6,Joliet,IL,296,3.499000,,
72623,LENNYS FOOD N FUEL,US-6,Joliet,IL,296,3.299000,,
72623,LENNYS FOOD N FUEL,US-6,Joliet,IL,296,3.399000,,
72623,LENNYS FOOD N FUEL,US-6,Joliet,IL,296,3.659000,,
72625,PETRO-CARD 24,SR-46 & US-71,Maryville,MO,567,3.129000,,
72626,MFA OIL,SR-18,Lake City,AR,418,3.399000,,
72628,Gas Pro 6,SR-121 & US-25,Trenton,SC,135,3.465667,,
72629,MFA #910600,SR-28,Owensville,MO,392,3.299000,,
72630,PETRO-CARD 24 #910250,US-54 BUS,Fulton,MO,392,3.299000,,
72631,THORNTONS #221348,I-355 & SR-7,Homer Glen,IL,296,3.849000,,
72631,THORNTONS #221348,I-355 & SR-7,Homer Glen,IL,296,3.899000,,
72631,THORNTONS #221348,I-355 & SR-7,Homer Glen,IL,296,3.899000,,
72631,THORNTONS #221348,I-355 & SR-7,Homer Glen,IL,296,3.899000,,
72631,THORNTONS #221348,I-355 & SR-7,Homer Glen,IL,296,3.849000,,
72631,THORNTONS #221348,I-355 & SR-7,Homer Glen,IL,296,3.899000,,
72633,Petro-Card 24 #910830,SR-52,Windsor,MO,400,3.499000,,
72634,MURPHY USA #7827,US-385 & US-60,Hereford,TX,585,2.829000,,
72635,GULF,SR-140,Boylston,MA,34,3.839000,,
72637,AZTEX #104,I-40 Exit 398,Knoxville,TN,405,3.359000,,
72639,ALLSUPS #2423,US-377 & US-70,Madill,OK,253,2.959000,,
72640,Kwik Trip # 1721,SR 553 & FM 480,Marquette,MI,395,3.819000,,
72642,LOVES TRAVEL STOP #857,US-95 & US-6,Tonopah,NV,910,3.715667,,
72643,ONCUE #147,"I-44, EXIT 12",Oklahoma City,OK,483,3.049000,,
72644,MAVERIK COUNTRY STORE #642,I-25 EXIT 262,Fort Collins,CO,800,3.259000,,
72645,MAVERIK #723,"I-10, EXIT 240",Marana,AZ,980,3.045667,,
72646,TOOT N TOTUM #131,US 87,Lamesa,TX,710,3.109000,,
72647,RACEWAY #6972,US-83 & US-43,Demopolis,AL,615,3.077333,,
72648,Loves Travel Stop #873,US 50,Canon City,CO,803,3.509000,,
72649,Love's Travel Stop #891,US 93,Jackpot,NV,835,3.627333,,
72650,Loves Travel Stop #862,I-35 Exit 65,Cotulla,TX,693,3.589000,,
72651,QUIKTRIP #7132,"I-16, EXIT 152",Bloomingdale,GA,195,3.032333,,
72652,Quiktrip #4148,I-35 & GRAND AVE PKWY,Pflugerville,TX,595,2.882333,32.4087065,-99.7510508
72653,Quiktrip #7153,US-78 & EXIT #4,Olive Branch,MS,435,2.915667,,
72655,RACEWAY #6988,US-79 & US-41,Clarksville,TN,460,2.999000,,
72656,ALLSUPS #2437,HWY 176 & HWY 115,Andrews,TX,710,3.395667,,
72660,RACEWAY #6989,US-157 & COURT ST,Moulton,AL,615,3.049000,,
72663,LOC STOP TRAVEL CENTER,US-82,Dawson,GA,10,3.499000,,
72664,RACETRAC #2606,"I-30, EXIT 32B & SR-181",Grand Prairie,TX,630,2.925667,,
72666,CIRCLE K #2707043,"I-75/SR-401, EXIT 39 & SR-37",Adel,GA,20,2.999000,,
72667,LOVES TRAVEL STOP #884,"I-30, Exit 46",Prescott,AR,635,3.475667,,
72668,LOVES TRAVEL STOP #350,"I-19, Exit 12",Nogales,AZ,980,3.609000,,
72669,Quiktrip #356,US-81 & S Victoria RD,Wichita,KS,570,3.194000,37.5462204,-97.3178920
72672,7-Eleven #42205,US 79,Hearne,TX,765,3.449000,,
72674,QUIKTRIP #7190,I-64 EXIT 94,Mount Vernon,IL,540,3.199000,,
72674,QUIKTRIP #7190,I-64 EXIT 94,Mount Vernon,IL,540,3.099000,,
72674,QUIKTRIP #7190,I-64 EXIT 94,Mount Vernon,IL,540,3.399000,,
72675,Maverik Country Store #715,I-80 EXIT 107,Big Springs,NE,475,3.100667,,
72676,KWIK TRIP #1212,"I 90, EXIT 43",Worthington,MN,425,3.164000,,
72677,KWIK TRIP #1256,SR 2 E,Iron Mountain,MI,360,3.279000,,
72677,KWIK TRIP #1256,SR 2 E,Iron Mountain,MI,360,3.399000,,
72677,KWIK TRIP #1256,SR 2 E,Iron Mountain,MI,360,3.289000,,
72678,FLYING J #1056,I-90/ I-80,Edon,OH,550,3.899000,,
72679,TEX BEST #532,US-281 & HWY 186,Edinburg,TX,639,3.020667,,
72680,RACEWAY #6990,US-98,Foley,AL,155,3.075667,,
72681,MAVERIK #691,I-76 EXIT 3,Denver,CO,800,3.284000,,
72682,Maverik #695,I-15 EXIT 276,American Fork,UT,835,3.349000,,
72683,HUCKS FOOD & FUEL #383,SR-57,Evansville,IN,340,3.759000,,
72685,CHUBBYS TRAVEL CENTER,"I-35, Exit 127",Natalia,TX,740,2.972333,,
72687,Kwik Trip #1203,US-71 & Airport Rd,Redwood Falls,MN,425,3.349000,44.5413612,-95.0779043
72688,SHEETZ #772,I-70 EXIT 59,Springfield,OH,317,3.054000,,
72689,ROAD RANGER #285,I-10 EXIT 605,Seguin,TX,740,3.110667,,
72690,Noble East Lyme,"I-95, EXIT 75",East Lyme,CT,100,3.759000,,
72691,KUM & GO #2402,US 60,Springfield,MO,535,3.175667,,
72693,Kum & Go #2404,US 60,Aurora,MO,535,3.119000,,
72694,7-ELEVEN #42195,I-385 EXIT 23,Fountain Inn,SC,30,3.115667,,
72695,Quiktrip #7906,"I-20, EXIT 617 & US-59",Marshall,TX,766,2.837333,32.5395422,-94.3494688
72696,QUIKTRIP #1742,"I-475/SR-408, exit 5 & SR-74",Macon,GA,85,3.089000,,
72698,QUIKTRIP #7242,"I-10, EXIT 31",Gulfport,MS,733,2.915667,,
72699,Quiktrip #7195,"I-355, EXIT 29",Addison,IL,290,3.079000,,
72699,Quiktrip #7195,"I-355, EXIT 29",Addison,IL,290,3.269000,,
72699,Quiktrip #7195,"I-355, EXIT 29",Addison,IL,290,3.179000,,
72700,RACEWAY #6726,"I-30, Exit 172",Thomson,GA,135,3.399000,,
72701,Loves Travel Stop #887,I-55 EXIT 178,Herculaneum,MO,540,3.155667,,
72702,Loves Travel Stop #854,I-49 EXIT 215,Shreveport,LA,745,2.937333,,
72705,SHEETZ #795,US-460 & CR-629,Disputanta,VA,180,2.982333,,
72706,Sheetz #790,I-77 EXIT 100,Mount Airy,NC,65,2.859000,,
72707,QUIKTRIP #4299,"I-25, EXIT 158",Monument,CO,796,3.159000,,
72709,KWIK TRIP #1299,FM 164,Sussex,WI,444,3.285667,,
72710,KWIK STAR #1285,I-229 EXIT 9,Sioux Falls,SD,530,2.952333,,
72711,Kwik Trip #1260,FM 65,Roberts,WI,448,3.424000,,
72713,Kwik Star #1217,FM 11,Sioux Falls,SD,530,2.939000,,
72714,LOVES TRAVEL STOP  #771,I-85 & SR-18,West Point,GA,720,3.679000,,
72715,FLYING J TRAVEL PLAZA #1372,"I-40, EXIT 28",Yucca,AZ,910,3.849000,,
72715,FLYING J #1372,"I-40, EXIT 28",Yucca,AZ,910,3.999000,,
72716,RACEWAY #7000,US-1 & SR-40,Folkston,GA,75,3.099000,,
72719,TA EXPRESS LITTLEFIELD,"I-15, EXIT 8",Littlefield,AZ,910,3.679000,,
72721,Racetrac #2625,SR 72 E & SHIELDS RD,Huntsville,AL,615,2.977333,,
72723,ONE9 #1362,"I-40, EXIT 253",Winslow,AZ,930,3.225667,,
72724,ONE9 #484,I-40 EXIT 146,Ash Fork,AZ,930,3.329000,,
72725,CASEYS #4481,US 75,Denison,TX,253,2.935667,,
72727,CASEYS #4319,SR-141,Perry,IA,320,3.129000,,
72728,CASEYS #4304,FM 103 & Belten Dr,Crete,NE,413,3.457333,,
72732,KUM & GO #2212,I-35 EXIT 89,Ankeny,IA,320,3.132333,,
72733,Parker's #94,US-17 N,Georgetown,SC,42,2.989000,,
72734,7-ELEVEN #41940,I-95,West Haven,CT,100,3.999000,,
72735,7-Eleven #41376,I-26 Exit 154B,Orangeburg,SC,42,3.225667,,
72736,FRIENDLY GUS STORE #12,I-16 Exit 49,Dublin,GA,85,3.275667,,
72737,Mollys Food and Fuel,"I-20, EXIT 175 & SR-150",Thomson,GA,135,3.499000,,
72738,BREAK TIME #3172,US-50/US-63,Jefferson City,MO,310,3.335667,,
72739,MAVERIK #712,US 70 & US 54,Alamogordo,NM,640,3.055667,,
72740,Caseys #4303,"I-80, EXIT 257 & US-183",Elm Creek,NE,475,3.032333,,
72741,Caseys #4298,"I-55, EXIT 220 & SR-47",Dwight,IL,368,3.349000,,
72742,Racetrac #2612,I-675 EXIT 7,Ellenwood,GA,18,3.109000,,
72743,PEOTONE TRAVEL CENTER,I-57 & SR-25,Peotone,IL,290,3.459000,,
72743,PEOTONE TRAVEL CENTER,I-57 & SR-25,Peotone,IL,290,3.499000,,
72745,Loves Travel Stop #870,US-81 Exit 12 & SR-12,Watertown,NY,220,4.149000,,
72746,PARKERS #103,"I-26, Exit 205A",Ladson,SC,42,3.282333,,
72747,One9 #1358,"I-40,  EXIT 16",Gallup,NM,580,3.245667,,
72748,HORIZON TRAVEL PLAZA,US-411,Cartersville,GA,193,2.934000,,
72749,KWIK TRIP #1282,FM 42 & S Duluth Ave,Sturgeon Bay,WI,582,3.507333,44.8283544,-87.3973067
72750,QUIKTRIP #1943,I-35 EXIT 368 & SR 22,Hillsboro,TX,641,2.919000,32.0050578,-97.1247474
72752,QUIKTRIP #7178,I-65 EXIT 13 & SR 158,Saraland,AL,715,2.957333,,
72753,QUIKTRIP #7908,I-40 EXIT 73,Amarillo,TX,585,2.874000,,
72754,RACETRAC #2495,US 41 & US 19,Griffin,GA,85,3.229000,,
72755,RACETRAC #2620,I-465 Exit 42,Indianapolis,IN,375,3.159000,,
72756,Loves Travel Stop #876,I-94 Exit 34A,Michigan City,IN,365,3.789000,,
72757,Loves Travel Stop #860,I-59 EXIT 1,Picayune,MS,725,3.155667,,
72758,CEFCO #1117,I-20 EXIT 617,Marshall,TX,766,2.832333,,
72759,Allsups Convenience Store #2461,US-87 & SR-137,Lamesa,TX,612,3.099000,,
72760,RaceWay #6999,US-84 & US-319,Thomasville,GA,20,3.165667,,
72761,RACETRAC #2629,US-72/US-43 & SR-20,Tuscumbia,AL,615,2.999000,34.7109280,-87.6673208
72763,FASTRAC MARKET #500270,SR-5/SR-13,Canastota,NY,235,4.349000,,
72763,FASTRAC MARKET #500270,SR-5/SR-13,Canastota,NY,235,4.449000,,
72764,CUMBERLAND FARMS #004783,US-5,East Windsor,CT,100,4.049000,,
72765,FASTRAC MARKET #500203,SR-104 & CR-256,Wolcott,NY,190,3.819000,,
72765,FASTRAC MARKET #500203,SR-104 & CR-256,Wolcott,NY,190,3.799000,,
72766,QUIKTRIP #1873,US 287  33.054731932354194,Rhome,TX,630,2.899000,,
72767,QUIKTRIP #4227,I-25 EXIT 243,Mead,CO,800,3.147333,,
72768,ROAD RANGER #287,I-57 EXIT 318,Bourbonnais,IL,290,3.339000,,
72768,ROAD RANGER #287,I-57 EXIT 318,Bourbonnais,IL,290,3.379000,,
72769,TOOT N TOTUM #132,US 84,Lubbock,TX,585,2.970667,,
72770,RACETRAC #2634,I-95 Exit 77 & US-78,Saint George,SC,42,2.999000,,
72771,RACETRAC #2635,I-85 EXIT 44A,Greenville,SC,30,2.899000,,
72772,RACEWAY #6998,US-501 & SR-576,Marion,SC,42,3.015667,,
72773,RaceTrac #2626,I-20 Exit 472,Dallas,TX,630,2.864000,,
72774,STUCKEYS TRAVEL CENTER,I-10 EXIT 451,Orange,TX,610,2.807333,,
72775,CEFCO #2089,I-20 EXIT 288,Abilene,TX,575,2.765667,,
72776,MARATHON,"1-75, Exit 80",Sycamore,GA,85,3.299000,,
72778,KWIK STAR #1208,US-75,Sioux Center,IA,530,3.199000,,
72779,KWIK TRIP #1276,"I-90/I-39, EXIT 1 & SR-75",South Beloit,IL,290,3.469000,,
72779,KWIK TRIP #1276,"I-90/I-39, EXIT 1 & SR-75",South Beloit,IL,290,3.299000,,
72779,KWIK TRIP #1276,"I-90/I-39, EXIT 1 & SR-75",South Beloit,IL,290,3.449000,,
72781,SHEETZ #774,I-70 & SR-83,New Concord,OH,430,3.059000,,
72782,SHEETZ #791,"I-76, Exit 57",North Jackson,OH,573,3.065667,,
72783,SHEETZ #770,I-70 & US-42,London,OH,315,2.999000,,
72784,Maverik Country Store #724,"I-80/US-30, EXIT 221",Rawlins,WY,838,3.289000,,
72785,GAS N WASH,US 30,Crest Hill,IL,290,3.359000,,
72785,GAS N WASH,US 30,Crest Hill,IL,290,3.299000,,
72786,QUIKTRIP #333,"I-135, EXIT 31",Newton,KS,570,2.949000,,
72787,QUIKTRIP #7011,"I-35, EXIT 118",Oklahoma City,OK,483,3.032333,,
72788,MAVERIK #700,I-25 EXIT 215,Denver,CO,800,3.289000,,
72789,RACETRAC #237,HWY 30 & ROBERT WILSON RD,Gonzales,LA,600,3.172333,30.2104386,-90.9707926
72791,LOVES TRAVEL STOP #850,SR-491 & RD. G,Cortez,CO,614,3.482333,37.4004481,-108.6235093
72792,QUICKLEES,"I-190, EXIT 23",Niagara Falls,NY,38,3.999000,,
72793,TA EXPRESS BLAINE #917,"I-5, Exit 275",Blaine,WA,850,4.139000,,
72795,REFUEL #1337,SR-45/CR-1625,Buda,TX,595,2.999000,,
72796,PILOT #1399,"SR-303, EXIT 107",Litchfield Park,AZ,930,3.599000,,
72796,PILOT DEALER #1399,"SR-303, EXIT 107",Litchfield Park,AZ,930,3.584000,,
72797,KWIK TRIP #1215,"I-94, EXIT 135",Melrose,MN,451,3.327333,,
72798,Casey's #4539,US-75,Rock Rapids,IA,530,3.349000,,
72799,CASEYS #4384,"I-88 & SR-26, EXIT 54",Dixon,IL,520,3.479000,,
72799,CASEYS #4384,"I-88 & SR-26, EXIT 54",Dixon,IL,520,3.499000,,
72801,CASEYS #4388,"US-64, EXIT 29",Beebe,AR,645,3.189000,,
72802,Racing Mart Store,"I-495, Exit 36A",Wrentham,MA,175,3.899000,,
72803,Llanos Country Corner,"I-10/US-83, EXIT 456 & US-377",Junction,TX,740,2.919000,,
72804,7-Eleven #42174,"I-24, EXIT 211 & US-70",Nashville,TN,460,3.249000,,
72805,Stripes #42242,"SR 181, HWY 188",Sinton,TX,625,3.259000,,
72806,TA HOSSTON #939,"I-49, Exit 237",Hosston,LA,745,2.922333,,
72808,Allsups Convenience #2463,US-377,Aubrey,TX,630,2.899000,,
72809,LOVES TRAVEL STOP #894,I-95 EXIT 305,Saint Augustine,FL,75,3.442333,,
72810,QUIKTRIP #7,"I-244/US-412, Exit 10",Tulsa,OK,560,3.119000,,
72811,QUIKTRIP #50,SR-51,Broken Arrow,OK,560,3.129000,,
72812,Kwik Trip #748,US 8,Barron,WI,295,3.664000,,
72813,Allsups #2425,Hwy 144,Granbury,TX,630,3.029000,,
72814,ALLSUPS #2468,"I35, EXIT 5",Thackerville,OK,253,2.917333,,
72815,QUIKTRIP #7194,I-74 EXIT 182,Champaign,IL,280,3.299000,,
72815,QUIKTRIP #7194,I-74 EXIT 182,Champaign,IL,280,3.199000,,
72815,QUIKTRIP #7194,I-74 EXIT 182,Champaign,IL,280,3.099000,,
72816,QUIKTRIP #7914,I-27 EXIT 117,Amarillo,TX,585,2.845667,,
72817,QUIKTRIP #4174,I-35 Exit 285,Salado,TX,765,2.915667,,
72818,QUIKTRIP #7174,"I-65, EXIT 168",Montgomery,AL,720,2.999000,,
72819,QUIKTRIP #7925,I-69W,Laredo,TX,693,2.850667,,
72820,QUARLES #54232,us-385,Crane,TX,710,3.885667,,
72821,QUARLES #54231,CR-23 & CR-33,Eunice,NM,593,3.699000,,
72822,QUARLES #54225,US-83,Abilene,TX,575,3.499000,,
72827,QUARLES #54259,FM-1936,Odessa,TX,710,3.699000,,
72828,QUARLES #54250,US-80,Abilene,TX,575,3.312333,,
72830,QUARLES #54261,"I-20, EXIT 37",Pecos,TX,710,3.749000,,
72831,QUARLES #54262,CR-64,Hobbs,NM,593,3.699000,,
72835,QUARLES #54277,SR-137,Big Lake,TX,739,3.849000,,
72836,QUARLES #54281,SR-208,Snyder,TX,700,3.665667,,
72837,QUARLES #54284,US-285,Loving,NM,593,3.799000,,
72839,QUARLES #54293,CR-64,Hobbs,NM,593,3.699000,,
72841,QUARLES #54296,SR-214 & CR-370,Denver City,TX,700,3.799000,,
72844,QUARLES #54332,US-285,Pecos,TX,710,3.759000,,
72847,QUARLES #54341,US-87,Big Spring,TX,612,3.649000,,
72848,QUARLES #54347,US-67,Rankin,TX,710,3.699000,,
72849,QUARLES #54349,CR-1140,Midland,TX,710,3.665667,,
72851,QUARLES #54367,FM-1787,Midland,TX,710,3.799000,,
72853,QUARLES #54520,SR-589,Purvis,MS,620,2.979000,,
72855,GAS N WASH,SR 59,Plainfield,IL,399,3.559000,,
72855,GAS N WASH,SR 59,Plainfield,IL,399,3.599000,,
72857,7-ELEVEN #42019,SR-3 & SR-4,Yukon,OK,483,3.159000,,
72859,CASEYS #4286,SR-32,Crawfordsville,IN,375,3.562333,,
72860,Circle K #2707070,"SR 378, Route 467",Sumter,SC,42,2.992333,,
72861,SPRINT MART #4143,"I-20, EXIT 89",Vance,AL,615,3.059000,,
72863,Double Quick #92,US-61,Cleveland,MS,655,3.182333,,
72864,SUNSTOP #430,US-27,Bainbridge,GA,20,3.599000,,
72867,Maverik #731,I-15 EXIT 190,Helena,MT,816,3.549000,,
72868,MAVERIK #737,I-15 EXIT 116,Idaho Falls,ID,825,3.405667,,
72869,MAVERIK #738,I-90 EXIT 129,Gillette,WY,790,3.359000,,
72871,Maverik #727,I-8 EXIT 3,Yuma,AZ,930,3.179000,,
72872,QUIKTRIP #7926,US 59 & SR 20,Laredo,TX,693,2.859000,,
72873,QUIKTRIP #7206,I-39 EXIT 15 & US 20,Rockford,IL,520,3.199000,42.2741786,-88.9408184
72873,QUIKTRIP #7206,I-39 EXIT 15 & US 20,Rockford,IL,520,3.119000,42.2741786,-88.9408184
72873,QUIKTRIP #7206,I-39 EXIT 15 & US 20,Rockford,IL,520,2.969000,42.2741786,-88.9408184
72873,QUIKTRIP #7206,I-39 EXIT 15 & US 20,Rockford,IL,520,3.019000,42.2741786,-88.9408184
72874,QUIKTRIP #4076,I-35 EXIT 191,New Braunfels,TX,740,2.915667,,
72875,QUIKTRIP #4183,SR 195 & Shell RD,Georgetown,TX,595,2.915667,30.7247707,-97.6730324
72876,QUIKTRIP #1139,"I-385, EXIT 23",Fountain Inn,SC,30,3.017333,,
72877,QUIKTRIP #7177,"I-10, EXIT 15A",Theodore,AL,715,2.882333,,
72879,QUIKTRIP #4002,US-87,Comfort,TX,595,2.965667,,
72880,PARKERS #97,US 80,Bloomingdale,GA,195,3.032333,,
72882,CASEYS #4330,"I-40, EXIT 221",Okemah,OK,483,2.925667,,
72884,CEFCO #435,"I-10, EXIT 44 & US-90",Loxley,AL,715,3.025667,,
72885,RACEWAY #6960,US-431 & Westgate PKWY,Dothan,AL,10,3.199000,31.2342782,-85.4346032
72886,PILOT #1381,US-190 & Rose Marie Blvd,Hearne,TX,670,3.499000,30.8688280,-96.5896549
72888,STRIPES #42591,US-87,Mason,TX,595,3.299000,,
72889,DK,SR 83,Denver City,TX,700,3.319000,,
72891,GAS N WASH,"I-57, EXIT 354",Alsip,IL,365,3.599000,,
72891,GAS N WASH,"I-57, EXIT 354",Alsip,IL,365,3.399000,,
72893,Racetrac #2586,I-95 & 20th ST,Vero Beach,FL,140,3.159000,27.5661573,-80.3746536
72894,Allsups Convenience Store #2458,US-287 & FM-1655,Alvord,TX,630,2.899000,33.3573144,-97.6982231
72895,Allsups#2465,SR 7,Davis,OK,569,2.967333,,
72896,PILOT #1283,I-45 & SR-31,Corsicana,TX,630,3.042333,32.0710444,-96.5035816
72899,RACEWAY #7002,US 79 & 59,Carthage,TX,766,2.820667,,
72901,FATDOGS GRAND ISLAND TRAVEL CENTER,I-80 & HWY 281,Grand Island,NE,330,2.979000,,
72902,CIRCLE K #2704593,SR-24 &  SR-690,Spring Lake,NC,63,3.079000,,
72903,Kent Kwik #221,SR-338,Odessa,TX,710,2.989000,,
72904,CEFCO #112,US-281,Marble Falls,TX,595,2.929000,,
72905,TA EXPRESS PLEASANTON #445,I-37 EXIT 109,Pleasanton,TX,740,3.099000,,
72906,Maverik #734,I-25 EXIT 94,Pueblo,CO,796,3.289000,,
72907,QUIKTRIP #7913,"I-20, EXIT 20 & SR-18",Monahans,TX,710,2.859000,,
72908,QUIKTRIP #1042,"I-85, EXIT 17B & US-321",Gastonia,NC,46,3.264000,,
72909,FAT DOGS LINCOLN TC,"I-80, EXIT 399",Lincoln,NE,475,3.099000,,
72910,Ogden Cardlock (Bulk Plant),I-15 EXIT 343,Ogden,UT,835,3.489000,,
72912,Salina Cardlock (Bulk Plant),I-70 EXIT 56,Salina,UT,791,3.449000,,
72916,CASEYS #2562,SR 140 & SR 156,Ellsworth,KS,357,3.465667,38.5122624,-98.5173441
72917,PETRO-CANADA,"HWY-407, EXIT 126 & CR-4",Mississauga,ON,720,3.591477,,
72917,PETRO-CANADA,"HWY-407, EXIT 126 & CR-4",Mississauga,ON,720,3.589627,,
72917,PETRO-CANADA,"HWY-407, EXIT 126 & CR-4",Mississauga,ON,720,3.653387,,
72917,PETRO-CANADA,"HWY-407, EXIT 126 & CR-4",Mississauga,ON,720,3.652848,,
72917,PETRO-CANADA,"HWY-407, EXIT 126 & CR-4",Mississauga,ON,720,3.646128,,
72918,QUIKTRIP #7076,"I-75, EXIT 101",Cordele,GA,10,3.032333,,
72919,QUIKTRIP #7096,I-75 & EXIT 51,Dayton,OH,317,3.032333,,
72920,Circle K #4701686,"I-70, Exit 224 & SR-370",Saint Peters,MO,540,3.050667,,
72921,CIRCLE K #4701677,"I-44, Exit 226",Sullivan,MO,540,3.324000,,
72922,SUNOCO,SR-640,Willoughby,OH,305,3.859000,,
72923,76,US-84,Brookhaven,MS,620,3.149000,,
72924,SHERMAN TRAVEL CENTER,SR-9,Senatobia,MS,435,3.029000,,
72925,AMOCO,US-52 & SR-340,Darlington,SC,135,3.199000,,
72926,Amoco,US-31 & US-10,Scottville,MI,456,3.359000,,
72926,Amoco,US-31 & US-10,Scottville,MI,456,3.399000,,
72926,Amoco,US-31 & US-10,Scottville,MI,456,3.379000,,
72927,Bell Stores #165,US-30,Wooster,OH,249,3.515667,,
72930,SPARTA CO-OP,SR-27,Sparta,WI,420,3.189000,,
72933,CHEVRON #385988,SR-124,Lithonia,GA,18,3.399000,,
72934,CIRCLE K #2706987,"I-37, Exit 118",Corpus Christi,TX,625,3.099000,,
72935,Circle K #2722258,US-17 & SR-40,Pierson,FL,140,3.402333,,
72936,Circle K #2707549,SR-471 & SR-48,Bushnell,FL,140,3.499000,,
72937,CIRCLE K #2723997,SR024,Stedman,NC,205,3.399000,,
72938,CIRCLE K #2723205,I-285 & CR-1642,Winston Salem,NC,65,3.520667,,
72939,CIRCLE K #2655872,"I-75, Exit 252B",Atlanta,GA,18,3.505667,,
72940,Circle K #3909,SR-236,Clarksville,TN,460,3.329000,,
72941,CIRCLE K #2740389,I-55 & US-51,Hammond,LA,600,3.249000,,
72942,CIRCLE K #2742777,US-62/180,El Paso,TX,640,3.190667,,
72943,CIRCLE K #2706805,SR-415 & SR-76,Port Allen,LA,600,3.359000,,
72944,Circle K #2709094,US-62 & SR-327,Lubbock,TX,700,3.099000,,
72945,CIRCLE K #2707057,SR-59 & CR-12,Foley,AL,715,3.092333,30.3556804,-87.6830575
72947,Circle K #9556,SR-202,Phoenix,AZ,930,3.385667,,
72948,CIRCLE K #2746514,SR-23,Watford City,ND,273,3.599000,,
72949,BOURBON TRAVEL PLAZA,US-30,Bourbon,IN,370,3.499000,,
72950,Conoco,US-95,MC DERMITT,NV,966,4.299000,,
72951,DK,SR-36,Abilene,TX,575,2.849000,,
72953,GRAND AVENUE EXPRESS,I-35 & FM-372,Gainesville,TX,253,2.999000,,
72956,Handee Hugos #1,SR-87,Riegelwood,NC,245,3.497333,,
72957,IRVING,SR-11,Augusta,ME,203,3.899000,,
72958,Jack Flash Pana,SR-16,Pana,IL,318,3.199000,,
72958,Jack Flash Pana,SR-16,Pana,IL,318,3.159000,,
72958,Jack Flash Pana,SR-16,Pana,IL,318,3.099000,,
72959,JORDANS #75,US-67,Newport,AR,418,3.299000,,
72960,KENT KWIK #206,FM-2020,Odessa,TX,710,3.025667,,
72963,MAVERIK #5358,"I-25, Exit 145",Colorado Springs,CO,796,3.330667,,
72965,Maverik #674,"I-15, Exit 45",North Las Vegas,NV,910,3.282333,,
72966,MCCLURE STORE #15,SR-9,Marion,IN,370,3.694000,,
72967,BINKS TENAHA QUICK STOP,US-59/US-84,Tenaha,TX,618,3.059000,,
72968,LOVES TRAVEL STOP #883,US-52 EXIT 120,Rural Hall,NC,65,3.577333,,
72969,LOVES TRAVEL STOP #555,US-30,Delphos,OH,411,3.305667,,
72970,PAC PRIDE,"I-96, Exit 26",Grand Rapids,MI,371,3.729000,,
72970,PAC PRIDE,"I-96, Exit 26",Grand Rapids,MI,371,3.659000,,
72970,PAC PRIDE,"I-96, Exit 26",Grand Rapids,MI,371,3.679000,,
72972,LOVES TRAVEL STOP #886,I-44 EXIT 29,Sarcoxie,MO,277,3.400667,,
72973,PETE'S 49,US-166 & US-169,Coffeyville,KS,307,3.214000,,
72974,USTOP 34,US-77,Lincoln,NE,413,3.499000,,
72975,SHEETZ #804,"I-95, Exit 41",Hope Mills,NC,63,2.859000,,
72976,RED DOG,"I-10, EXIT 72",Egan,LA,690,3.049000,,
72978,SHELL SERVICE STATION,SR-302,Byhalia,MS,435,3.099000,,
72979,RICKY ROCKETS,"I-57, EXIT 312",Kankakee,IL,399,3.399000,,
72979,RICKY ROCKETS,"I-57, EXIT 312",Kankakee,IL,399,3.379000,,
72981,Sprint Mart #2301,I-565 & CR-115,Madison,AL,742,3.492333,,
72982,SUNOCO,I-10 & SR-328,Breaux Bridge,LA,730,2.855667,,
72983,SUNSTOP #303,SR-100,Lake City,FL,75,3.550667,,
72984,TERRIBLE HERBST #341,US-95,Indian Springs,NV,910,3.899000,,
72985,THE PRIDE OF VILLA PARK,SR-64,Villa Park,IL,290,3.299000,,
72985,THE PRIDE OF VILLA PARK,SR-64,Villa Park,IL,290,3.349000,,
72986,THE PRIDE OF ELGIN,SR-31,Elgin,IL,520,3.499000,,
72987,The Texan,US-285 & CR-116,Pecos,TX,710,2.999000,31.3981307,-103.4817501
72988,Thorntons #221354,US-12,Lake Zurich,IL,293,3.399000,,
72988,Thorntons #221354,US-12,Lake Zurich,IL,293,3.349000,,
72989,THORNTONS #442562,SR-63,Monroe,OH,407,3.199000,,
72990,TA Express Jonesboro,I-555 EXIT 39,Jonesboro,AR,435,3.392333,,
72991,THORNTONS #221345,US-20,Hanover Park,IL,297,3.759000,,
72993,H AND R OIL COMPANY,"SR-4, EXIT 8",Lexington,KY,410,3.249000,,
72995,LOVES TRAVEL STOP #569,I-84 EXIT 304,Baker City,OR,982,3.457333,,
72996,LOVES TRAVEL STOP #504,I-76 EXIT 232,North Lima,OH,573,3.787333,,
72998,83 FUEL STOP,US-83,Catarina,TX,693,2.959000,,
72999,Aeg Petroleum,US-70 & SR-467,Portales,NM,593,3.685667,34.2125960,-103.3177460
73000,TXB,FM-2147,Horseshoe Bay,TX,665,2.929000,,
73003,GAS PRO TRAVEL CENTER,US-25 & SR-88,Hephzibah,GA,135,3.599000,,
73005,NOBLE,US-20,Sturbridge,MA,215,3.999000,,
73007,VALERO,"I-85, EXIT 28 & SR-100",Hogansville,GA,50,3.665667,33.2250836,-84.9337714
73008,MUSTANG XPRESS,US-183 & FM-1327,Austin,TX,595,3.332333,30.0935198,-97.6938764
73009,THRIFT BULL TRUCK STOP,SR-103,San Augustine,TX,618,3.499000,,
73012,FUELPORT # 1,FM-143,San Antonio,TX,740,3.049000,,
73013,247 TRUCK STOP,I-40 EXIT 247,Widener,AR,435,2.999000,,
73014,CIRCLE K #2726298,SR 33 & SR 50,Mascotte,FL,140,3.539000,28.5669937,-81.8739778
73015,76,US 40,Franklinville,NJ,150,3.169000,,
73016,PARKERS #112,SR 67,Statesboro,GA,195,3.199000,,
73017,U Stop #36,US 136 & SR 50,Tecumseh,NE,413,3.399000,,
73018,Smart Stop Travel Center,US 271 & SR 37,Bogata,TX,723,3.199000,,
73021,Circle K #2746245,I 35W EXIT 6,Minneapolis,MN,448,3.599000,,
73025,151 TRAVEL CENTER,SR 34 & N Central Rd,Darlington,SC,46,3.299000,,
73026,Gas N Wash,SR-171,Lemont,IL,290,3.299000,,
73026,Gas N Wash,SR-171,Lemont,IL,290,3.599000,,
73026,Gas N Wash,SR-171,Lemont,IL,290,3.499000,,
73028,PETRO HENDERSON #968,"I-11, EXIT 15A",Henderson,NV,910,3.639000,,
73029,One9 #1417,I-35 Exit 323,Lorena,TX,765,2.902333,,
73030,SPEED TREK TRAVEL CENTER,I-90 EXIT 25,Belvidere,IL,520,3.899000,,
73030,SPEED TREK TRAVEL CENTER,I-90 EXIT 25,Belvidere,IL,520,3.699000,,
73030,SPEED TREK TRAVEL CENTER,I-90 EXIT 25,Belvidere,IL,520,3.799000,,
73031,Travel Refresh,US 59,Corrigan,TX,618,2.949000,,
73032,Parkers #110,SR 56,Augusta,GA,135,3.192333,,
73033,QUARLES #54242,SR-152,Pampa,TX,585,3.499000,,
73035,QUIKTRIP #7909,US-10,El Paso,TX,640,2.849000,,
73036,Maverik Country Store #741,US-80,Rock Springs,WY,827,3.307333,,
73037,TA EXPRESS #567,"I-20, EXIT 81 & SR-149",Ruston,LA,745,3.114000,,
73039,Spinx  #292,"I-26, EXIT 10",Inman,SC,210,3.165667,,
73040,TAILGATE #3,SR 21,Bryan,TX,670,3.599000,,
73041,Racetrac #182,US- 19,Hampton,GA,67,2.999000,,
73042,MAVERIK #728,Hwy 483,Lovington,NM,593,3.094000,,
73043,MAVERIK #740,"I-25, EXIT 347",Las Vegas,NM,580,3.162333,,
73044,Maverik #732,"US 20, EXIT 310",Idaho Falls,ID,825,3.394000,,
73045,MAVERIK #717,US-395,Spokane,WA,970,3.979000,,
73045,MAVERIK #717,US-395,Spokane,WA,970,3.999000,,
73046,Refuel #63,US 501 & SR 544,Conway,SC,46,3.134000,33.8074404,-79.0184989
73047,RACETRAC #2642,"I-70, EXIT 77",Indianapolis,IN,375,3.259000,,
73048,ALLSUPS CONVENIENCE STORE #2473,US-287,Bowie,TX,630,2.899000,,
73051,CIRCLE K #2709540,"I-10, EXIT 10 & SR-90",Sierra Vista,AZ,980,3.629000,33.5321679,-112.0606450
73052,Circle K #2701875,US-78 E,Grovetown,GA,135,3.499000,,
73053,Circle K #2746108,"I-90/US-212, EXIT 447",Billings,MT,780,3.579000,,
73055,CIRCLE K #4707124,SR-3,Liberty,ME,203,4.099000,,
73056,CIRCLE K #2723033,"I-295, EXIT 21A & I-95",Fayetteville,NC,205,3.279000,,
73057,CIRCLE K #2703586,US-550 & SR-516,Flora Vista,NM,580,3.719000,,
73058,CIRCLE K #4707605,SR-365/SR-69/SR-49 & SR-26,Rome,NY,235,3.999000,,
73059,CIRCLE K #4705626,"I-77/US-62, EXIT 105 & SR-172",Canton,OH,249,3.459000,,
73061,Circle K #2709045,"US-62 & SR-375, EXIT 39",El Paso,TX,640,3.202333,,
73062,CIRCLE K #2741849,SR-358 & SR-286,Corpus Christi,TX,625,3.124000,,
73063,HOLIDAY STATIONSTORE #2746223,"I-35, EXIT 135 & US-61",Andover,MN,448,3.499000,,
73064,7-ELEVEN #42315,"I-85, Exit 88",Lexington,NC,765,3.399000,,
73065,RACETRAC #2631,"I-75, EXIT 285 & US-41/SR-3",Emerson,GA,193,2.887333,,
73066,QUIKTRIP #1499,I-10 EXIT 267,Tucson,AZ,980,3.062333,,
73067,J STARR,I-29 EXIT 8,Hankinson,ND,341,3.499000,,
73068,MAVERIK #5369,SR 21,Colorado Springs,CO,796,3.499000,,
73071,7-Eleven #42340,SR-340/SR-6,Woodway,TX,765,2.932333,,
73072,QUIKTRIP #7204,"I-57, EXIT 337 & SR-50",University Park,IL,365,3.249000,,
73072,QUIKTRIP #7204,"I-57, EXIT 337 & SR-50",University Park,IL,365,3.079000,,
73072,QUIKTRIP #7204,"I-57, EXIT 337 & SR-50",University Park,IL,365,3.179000,,
73073,QUIKTRIP #7075,"I-16/SR-404, EXIT 51 & US-441",Dublin,GA,85,2.999000,,
73074,RACETRAC #2641,HWY 59 & FM 989,Texarkana,TX,723,2.857333,33.3882660,-94.1089971
73075,ALLSUPS CONVENIENCE STORE #2470,SR 18,Eunice,NM,710,3.099000,,
73076,MAVERIK #5148,US 40,Kremmling,CO,800,3.679000,,
73078,Shelee's Travel Center,"I-10, Exit 146",Coachella,CA,900,3.949000,,
73078,Shelee's Travel Center,"I-10, Exit 146",Coachella,CA,900,3.959000,,
73079,PILOT DEALER #1433,I-10 EXIT 160,Chandler,AZ,930,3.504000,,
73079,PILOT #1433,I-10 EXIT 160,Chandler,AZ,930,3.499000,,
73080,Circle K #2707255,"I-75, Exit 60",Tifton,GA,10,3.062333,,
73081,ALLSUPS #2476,I-40 EXIT 38 & SR 6,Elk City,OK,483,2.930667,35.4073381,-99.5003995
73082,KWIK STAR #1153,US 71,Milford,IA,433,3.324000,,
73083,Kwik Star #1213,I-380 EXIT 2,North Liberty,IA,380,3.159000,,
73084,Kwik Trip #747,I-94 ALT & US-12,Baldwin,WI,448,3.499000,,
73085,Loves Travel Stop #550,I-75 EXIT 13,Valdosta,GA,982,3.222333,,
73088,Pilot #1390,I-16 Exit  143,Ellabell,GA,135,3.305667,,
73088,Pilot Travel Center #1390,I-16 Exit  143,Ellabell,GA,135,3.285667,,
73090,Quiktrip #1148,I-26 EXIT 53,Flat Rock,NC,210,2.849000,,
73092,QUIKTRIP #4042,I-10,Converse,TX,740,2.945667,,
73093,GAS N WASH,I-355 EXIT 7,Lockport,IL,365,3.499000,,
73093,GAS N WASH,I-355 EXIT 7,Lockport,IL,365,3.399000,,
73094,MARATHON,US-24,Taylor,MI,325,3.539000,,
73094,MARATHON,US-24,Taylor,MI,325,3.499000,,
73095,Quiktrip #7250,US 49,Richland,MS,760,2.915667,,
73096,KWIK TRIP #748,US 8,Barron,WI,295,3.647333,,
73098,KWIK TRIP #1269,SR 27,Cadott,WI,448,3.400667,,
73099,Kwik Star #1296,SR 115,Harrisburg,SD,448,2.939000,,
73100,MAVERIK #747,I-215 Exit 21,Salt Lake City,UT,835,3.392333,,
73101,7-ELEVEN 42279,"I-76, Exit 39",Keenesburg,CO,800,3.149000,,
73103,RaceTrac #2654,I-20 EXIT 130,Greensboro,GA,16,3.399000,,
73106,ALLSUPS CONVENIENCE STORE #2472,US-75,Atoka,OK,253,2.967333,,
73112,SHEETZ #831,I-26 EXIT 44 & US 25,Hendersonville,NC,210,2.859000,,
73114,ROAD RANGER #319,"I-35E, EXIT 381",Milford,TX,630,3.030667,,
73117,MAVERIK #722,"I-29, EXIT 304",Baker City,OR,925,3.459000,,
73118,ALLSUPS #2432,US 287 & SR 34,Ennis,TX,630,2.929000,,
73119,Stinker #122,I-84 EXIT 36,Nampa,ID,785,3.402333,,
73120,Kwik Star #1184,US 61,Dubuque,IA,335,3.489000,,
73125,KWIK TRIP #1283,SR 83 & W CAPITOL DR,Hartland,WI,444,3.749000,43.0897600,-88.0162725
73126,Kwik Trip #1298,US 10,Mondovi,WI,295,3.349000,,
73127,Gas N Wash,"I-55, EXIT 285",Chicago,IL,290,3.399000,,
73128,ALLSUPS CONVENIENCE STORE #2477,HWY 69 & 11th st,Kiowa,OK,253,2.957333,35.9491796,-95.3952001
73129,SHEETZ #837,I-94,Romulus,MI,325,3.099000,,
73130,A One Stop,"I-45, EXIT 246",Ennis,TX,630,2.935667,,
73131,Sheetz #838,"I-85, Exit 71",Salisbury,NC,46,2.859000,,
